[2026-09-02T20:17:03.232Z] INFO P3TROHOLIC bot started. Scan QR in terminal to authenticate.
[2026-09-02T20:17:03.233Z] INFO connection update: connecting
[2026-09-02T20:17:08.129Z] INFO connection update: close
[2026-09-02T20:17:08.129Z] INFO connection closed Error: Connection Failure
    at WebSocket.<anonymous> (C:\Users\shadr.JARVIS\Desktop\DotVV\node_modules\@adiwajshing\baileys\lib\Socket\socket.js:429:13)
    at WebSocket.emit (node:events:509:28)
    at C:\Users\shadr.JARVIS\Desktop\DotVV\node_modules\@adiwajshing\baileys\lib\Socket\socket.js:222:35
    at Object.decodeFrame (C:\Users\shadr.JARVIS\Desktop\DotVV\node_modules\@adiwajshing\baileys\lib\Utils\noise-handler.js:131:17)
    at WebSocket.onMessageRecieved (C:\Users\shadr.JARVIS\Desktop\DotVV\node_modules\@adiwajshing\baileys\lib\Socket\socket.js:198:15)
    at WebSocket.emit (node:events:509:28)
    at Receiver.receiverOnMessage (C:\Users\shadr.JARVIS\Desktop\DotVV\node_modules\ws\lib\websocket.js:1239:20)
    at Receiver.emit (node:events:509:28)
    at Receiver.dataMessage (C:\Users\shadr.JARVIS\Desktop\DotVV\node_modules\ws\lib\receiver.js:606:14)
    at Receiver.getData (C:\Users\shadr.JARVIS\Desktop\DotVV\node_modules\ws\lib\receiver.js:532:10)
[2026-09-02T20:17:08.130Z] INFO reconnecting in 2117ms (attempt 1/5)
[2026-09-02T20:17:10.763Z] INFO P3TROHOLIC bot started. Scan QR in terminal to authenticate.
[2026-09-02T20:17:10.764Z] INFO connection update: connecting
[2026-09-02T20:17:14.155Z] INFO connection update: close
[2026-09-02T20:17:14.155Z] INFO connection closed Error: Connection Failure
    at WebSocket.<anonymous> (C:\Users\shadr.JARVIS\Desktop\DotVV\node_modules\@adiwajshing\baileys\lib\Socket\socket.js:429:13)
    at WebSocket.emit (node:events:509:28)
    at C:\Users\shadr.JARVIS\Desktop\DotVV\node_modules\@adiwajshing\baileys\lib\Socket\socket.js:222:35
    at Object.decodeFrame (C:\Users\shadr.JARVIS\Desktop\DotVV\node_modules\@adiwajshing\baileys\lib\Utils\noise-handler.js:131:17)
    at WebSocket.onMessageRecieved (C:\Users\shadr.JARVIS\Desktop\DotVV\node_modules\@adiwajshing\baileys\lib\Socket\socket.js:198:15)
    at WebSocket.emit (node:events:509:28)
    at Receiver.receiverOnMessage (C:\Users\shadr.JARVIS\Desktop\DotVV\node_modules\ws\lib\websocket.js:1239:20)
    at Receiver.emit (node:events:509:28)
    at Receiver.dataMessage (C:\Users\shadr.JARVIS\Desktop\DotVV\node_modules\ws\lib\receiver.js:606:14)
    at Receiver.getData (C:\Users\shadr.JARVIS\Desktop\DotVV\node_modules\ws\lib\receiver.js:532:10)
[2026-09-02T20:17:14.155Z] INFO reconnecting in 4987ms (attempt 2/5)
[2026-09-02T20:17:19.664Z] INFO P3TROHOLIC bot started. Scan QR in terminal to authenticate.
[2026-09-02T20:17:19.664Z] INFO connection update: connecting
[2026-09-02T20:17:24.296Z] INFO connection update: close
[2026-09-02T20:17:24.296Z] INFO connection closed Error: Connection Failure
    at WebSocket.<anonymous> (C:\Users\shadr.JARVIS\Desktop\DotVV\node_modules\@adiwajshing\baileys\lib\Socket\socket.js:429:13)
    at WebSocket.emit (node:events:509:28)
    at C:\Users\shadr.JARVIS\Desktop\DotVV\node_modules\@adiwajshing\baileys\lib\Socket\socket.js:222:35
    at Object.decodeFrame (C:\Users\shadr.JARVIS\Desktop\DotVV\node_modules\@adiwajshing\baileys\lib\Utils\noise-handler.js:131:17)
    at WebSocket.onMessageRecieved (C:\Users\shadr.JARVIS\Desktop\DotVV\node_modules\@adiwajshing\baileys\lib\Socket\socket.js:198:15)
    at WebSocket.emit (node:events:509:28)
    at Receiver.receiverOnMessage (C:\Users\shadr.JARVIS\Desktop\DotVV\node_modules\ws\lib\websocket.js:1239:20)
    at Receiver.emit (node:events:509:28)
    at Receiver.dataMessage (C:\Users\shadr.JARVIS\Desktop\DotVV\node_modules\ws\lib\receiver.js:606:14)
    at Receiver.getData (C:\Users\shadr.JARVIS\Desktop\DotVV\node_modules\ws\lib\receiver.js:532:10)
[2026-09-02T20:17:24.296Z] INFO reconnecting in 8293ms (attempt 3/5)
[2026-09-02T20:17:33.161Z] INFO P3TROHOLIC bot started. Scan QR in terminal to authenticate.
[2026-09-02T20:17:33.162Z] INFO connection update: connecting
[2026-09-02T20:17:36.732Z] INFO connection update: close
[2026-09-02T20:17:36.733Z] INFO connection closed Error: Connection Failure
    at WebSocket.<anonymous> (C:\Users\shadr.JARVIS\Desktop\DotVV\node_modules\@adiwajshing\baileys\lib\Socket\socket.js:429:13)
    at WebSocket.emit (node:events:509:28)
    at C:\Users\shadr.JARVIS\Desktop\DotVV\node_modules\@adiwajshing\baileys\lib\Socket\socket.js:222:35
    at Object.decodeFrame (C:\Users\shadr.JARVIS\Desktop\DotVV\node_modules\@adiwajshing\baileys\lib\Utils\noise-handler.js:131:17)
    at WebSocket.onMessageRecieved (C:\Users\shadr.JARVIS\Desktop\DotVV\node_modules\@adiwajshing\baileys\lib\Socket\socket.js:198:15)
    at WebSocket.emit (node:events:509:28)
    at Receiver.receiverOnMessage (C:\Users\shadr.JARVIS\Desktop\DotVV\node_modules\ws\lib\websocket.js:1239:20)
    at Receiver.emit (node:events:509:28)
    at Receiver.dataMessage (C:\Users\shadr.JARVIS\Desktop\DotVV\node_modules\ws\lib\receiver.js:606:14)
    at Receiver.getData (C:\Users\shadr.JARVIS\Desktop\DotVV\node_modules\ws\lib\receiver.js:532:10)
[2026-09-02T20:17:36.733Z] INFO reconnecting in 16475ms (attempt 4/5)
[2026-09-02T20:17:53.842Z] INFO P3TROHOLIC bot started. Scan QR in terminal to authenticate.
[2026-09-02T20:17:53.842Z] INFO connection update: connecting
[2026-09-02T20:17:58.306Z] INFO connection update: close
[2026-09-02T20:17:58.306Z] INFO connection closed Error: Connection Failure
    at WebSocket.<anonymous> (C:\Users\shadr.JARVIS\Desktop\DotVV\node_modules\@adiwajshing\baileys\lib\Socket\socket.js:429:13)
    at WebSocket.emit (node:events:509:28)
    at C:\Users\shadr.JARVIS\Desktop\DotVV\node_modules\@adiwajshing\baileys\lib\Socket\socket.js:222:35
    at Object.decodeFrame (C:\Users\shadr.JARVIS\Desktop\DotVV\node_modules\@adiwajshing\baileys\lib\Utils\noise-handler.js:131:17)
    at WebSocket.onMessageRecieved (C:\Users\shadr.JARVIS\Desktop\DotVV\node_modules\@adiwajshing\baileys\lib\Socket\socket.js:198:15)
    at WebSocket.emit (node:events:509:28)
    at Receiver.receiverOnMessage (C:\Users\shadr.JARVIS\Desktop\DotVV\node_modules\ws\lib\websocket.js:1239:20)
    at Receiver.emit (node:events:509:28)
    at Receiver.dataMessage (C:\Users\shadr.JARVIS\Desktop\DotVV\node_modules\ws\lib\receiver.js:606:14)
    at Receiver.getData (C:\Users\shadr.JARVIS\Desktop\DotVV\node_modules\ws\lib\receiver.js:532:10)
[2026-09-02T20:17:58.307Z] INFO reconnecting in 30867ms (attempt 5/5)
[2026-09-02T20:18:30.016Z] INFO P3TROHOLIC bot started. Scan QR in terminal to authenticate.
[2026-09-02T20:18:30.017Z] INFO connection update: connecting
[2026-09-02T20:18:34.419Z] INFO connection update: close
[2026-09-02T20:18:34.419Z] INFO connection closed Error: Connection Failure
    at WebSocket.<anonymous> (C:\Users\shadr.JARVIS\Desktop\DotVV\node_modules\@adiwajshing\baileys\lib\Socket\socket.js:429:13)
    at WebSocket.emit (node:events:509:28)
    at C:\Users\shadr.JARVIS\Desktop\DotVV\node_modules\@adiwajshing\baileys\lib\Socket\socket.js:222:35
    at Object.decodeFrame (C:\Users\shadr.JARVIS\Desktop\DotVV\node_modules\@adiwajshing\baileys\lib\Utils\noise-handler.js:131:17)
    at WebSocket.onMessageRecieved (C:\Users\shadr.JARVIS\Desktop\DotVV\node_modules\@adiwajshing\baileys\lib\Socket\socket.js:198:15)
    at WebSocket.emit (node:events:509:28)
    at Receiver.receiverOnMessage (C:\Users\shadr.JARVIS\Desktop\DotVV\node_modules\ws\lib\websocket.js:1239:20)
    at Receiver.emit (node:events:509:28)
    at Receiver.dataMessage (C:\Users\shadr.JARVIS\Desktop\DotVV\node_modules\ws\lib\receiver.js:606:14)
    at Receiver.getData (C:\Users\shadr.JARVIS\Desktop\DotVV\node_modules\ws\lib\receiver.js:532:10)
[2026-09-02T20:18:34.419Z] INFO Max reconnect attempts reached — give up. Check network or try again later.
[2026-09-02T20:21:36.956Z] INFO P3TROHOLIC bot started. Scan QR in terminal to authenticate.
[2026-09-02T20:21:36.957Z] INFO connection update full: {
  connection: 'connecting',
  receivedPendingNotifications: false,
  qr: undefined
}
[2026-09-02T20:21:36.957Z] INFO connection update: connecting
[2026-09-02T20:21:41.066Z] INFO connection update full: {
  connection: 'close',
  lastDisconnect: {
    error: Error: Connection Failure
        at WebSocket.<anonymous> (C:\Users\shadr.JARVIS\Desktop\DotVV\node_modules\@adiwajshing\baileys\lib\Socket\socket.js:429:13)
        at WebSocket.emit (node:events:509:28)
        at C:\Users\shadr.JARVIS\Desktop\DotVV\node_modules\@adiwajshing\baileys\lib\Socket\socket.js:222:35
        at Object.decodeFrame (C:\Users\shadr.JARVIS\Desktop\DotVV\node_modules\@adiwajshing\baileys\lib\Utils\noise-handler.js:131:17)
        at WebSocket.onMessageRecieved (C:\Users\shadr.JARVIS\Desktop\DotVV\node_modules\@adiwajshing\baileys\lib\Socket\socket.js:198:15)
        at WebSocket.emit (node:events:509:28)
        at Receiver.receiverOnMessage (C:\Users\shadr.JARVIS\Desktop\DotVV\node_modules\ws\lib\websocket.js:1239:20)
        at Receiver.emit (node:events:509:28)
        at Receiver.dataMessage (C:\Users\shadr.JARVIS\Desktop\DotVV\node_modules\ws\lib\receiver.js:606:14)
        at Receiver.getData (C:\Users\shadr.JARVIS\Desktop\DotVV\node_modules\ws\lib\receiver.js:532:10) {
      data: { reason: '405', location: 'cln' },
      isBoom: true,
      isServer: false,
      output: {
        statusCode: 405,
        payload: {
          statusCode: 405,
          error: 'Method Not Allowed',
          message: 'Connection Failure'
        },
        headers: {}
      }
    },
    date: 2026-09-02T20:21:41.065Z
  }
}
[2026-09-02T20:21:41.067Z] INFO connection update: close
[2026-09-02T20:21:41.067Z] INFO connection closed Error: Connection Failure
    at WebSocket.<anonymous> (C:\Users\shadr.JARVIS\Desktop\DotVV\node_modules\@adiwajshing\baileys\lib\Socket\socket.js:429:13)
    at WebSocket.emit (node:events:509:28)
    at C:\Users\shadr.JARVIS\Desktop\DotVV\node_modules\@adiwajshing\baileys\lib\Socket\socket.js:222:35
    at Object.decodeFrame (C:\Users\shadr.JARVIS\Desktop\DotVV\node_modules\@adiwajshing\baileys\lib\Utils\noise-handler.js:131:17)
    at WebSocket.onMessageRecieved (C:\Users\shadr.JARVIS\Desktop\DotVV\node_modules\@adiwajshing\baileys\lib\Socket\socket.js:198:15)
    at WebSocket.emit (node:events:509:28)
    at Receiver.receiverOnMessage (C:\Users\shadr.JARVIS\Desktop\DotVV\node_modules\ws\lib\websocket.js:1239:20)
    at Receiver.emit (node:events:509:28)
    at Receiver.dataMessage (C:\Users\shadr.JARVIS\Desktop\DotVV\node_modules\ws\lib\receiver.js:606:14)
    at Receiver.getData (C:\Users\shadr.JARVIS\Desktop\DotVV\node_modules\ws\lib\receiver.js:532:10)
[2026-09-02T20:21:41.068Z] INFO lastDisconnect.error full: Error: Connection Failure
    at WebSocket.<anonymous> (C:\Users\shadr.JARVIS\Desktop\DotVV\node_modules\@adiwajshing\baileys\lib\Socket\socket.js:429:13)
    at WebSocket.emit (node:events:509:28)
    at C:\Users\shadr.JARVIS\Desktop\DotVV\node_modules\@adiwajshing\baileys\lib\Socket\socket.js:222:35
    at Object.decodeFrame (C:\Users\shadr.JARVIS\Desktop\DotVV\node_modules\@adiwajshing\baileys\lib\Utils\noise-handler.js:131:17)
    at WebSocket.onMessageRecieved (C:\Users\shadr.JARVIS\Desktop\DotVV\node_modules\@adiwajshing\baileys\lib\Socket\socket.js:198:15)
    at WebSocket.emit (node:events:509:28)
    at Receiver.receiverOnMessage (C:\Users\shadr.JARVIS\Desktop\DotVV\node_modules\ws\lib\websocket.js:1239:20)
    at Receiver.emit (node:events:509:28)
    at Receiver.dataMessage (C:\Users\shadr.JARVIS\Desktop\DotVV\node_modules\ws\lib\receiver.js:606:14)
    at Receiver.getData (C:\Users\shadr.JARVIS\Desktop\DotVV\node_modules\ws\lib\receiver.js:532:10) {
  data: { reason: '405', location: 'cln' },
  isBoom: true,
  isServer: false,
  output: {
    statusCode: 405,
    payload: {
      statusCode: 405,
      error: 'Method Not Allowed',
      message: 'Connection Failure'
    },
    headers: {}
  }
}
[2026-09-02T20:21:41.069Z] INFO lastDisconnect.error.output.payload: {
  statusCode: 405,
  error: 'Method Not Allowed',
  message: 'Connection Failure'
}
[2026-09-02T20:21:41.069Z] INFO reconnecting in 2324ms (attempt 1/5)
[2026-09-02T20:21:43.908Z] INFO P3TROHOLIC bot started. Scan QR in terminal to authenticate.
[2026-09-02T20:21:43.908Z] INFO connection update full: {
  connection: 'connecting',
  receivedPendingNotifications: false,
  qr: undefined
}
[2026-09-02T20:21:43.908Z] INFO connection update: connecting
[2026-09-02T20:21:47.818Z] INFO connection update full: {
  connection: 'close',
  lastDisconnect: {
    error: Error: Connection Failure
        at WebSocket.<anonymous> (C:\Users\shadr.JARVIS\Desktop\DotVV\node_modules\@adiwajshing\baileys\lib\Socket\socket.js:429:13)
        at WebSocket.emit (node:events:509:28)
        at C:\Users\shadr.JARVIS\Desktop\DotVV\node_modules\@adiwajshing\baileys\lib\Socket\socket.js:222:35
        at Object.decodeFrame (C:\Users\shadr.JARVIS\Desktop\DotVV\node_modules\@adiwajshing\baileys\lib\Utils\noise-handler.js:131:17)
        at WebSocket.onMessageRecieved (C:\Users\shadr.JARVIS\Desktop\DotVV\node_modules\@adiwajshing\baileys\lib\Socket\socket.js:198:15)
        at WebSocket.emit (node:events:509:28)
        at Receiver.receiverOnMessage (C:\Users\shadr.JARVIS\Desktop\DotVV\node_modules\ws\lib\websocket.js:1239:20)
        at Receiver.emit (node:events:509:28)
        at Receiver.dataMessage (C:\Users\shadr.JARVIS\Desktop\DotVV\node_modules\ws\lib\receiver.js:606:14)
        at Receiver.getData (C:\Users\shadr.JARVIS\Desktop\DotVV\node_modules\ws\lib\receiver.js:532:10) {
      data: { reason: '405', location: 'atn' },
      isBoom: true,
      isServer: false,
      output: {
        statusCode: 405,
        payload: {
          statusCode: 405,
          error: 'Method Not Allowed',
          message: 'Connection Failure'
        },
        headers: {}
      }
    },
    date: 2026-09-02T20:21:47.818Z
  }
}
[2026-09-02T20:21:47.819Z] INFO connection update: close
[2026-09-02T20:21:47.819Z] INFO connection closed Error: Connection Failure
    at WebSocket.<anonymous> (C:\Users\shadr.JARVIS\Desktop\DotVV\node_modules\@adiwajshing\baileys\lib\Socket\socket.js:429:13)
    at WebSocket.emit (node:events:509:28)
    at C:\Users\shadr.JARVIS\Desktop\DotVV\node_modules\@adiwajshing\baileys\lib\Socket\socket.js:222:35
    at Object.decodeFrame (C:\Users\shadr.JARVIS\Desktop\DotVV\node_modules\@adiwajshing\baileys\lib\Utils\noise-handler.js:131:17)
    at WebSocket.onMessageRecieved (C:\Users\shadr.JARVIS\Desktop\DotVV\node_modules\@adiwajshing\baileys\lib\Socket\socket.js:198:15)
    at WebSocket.emit (node:events:509:28)
    at Receiver.receiverOnMessage (C:\Users\shadr.JARVIS\Desktop\DotVV\node_modules\ws\lib\websocket.js:1239:20)
    at Receiver.emit (node:events:509:28)
    at Receiver.dataMessage (C:\Users\shadr.JARVIS\Desktop\DotVV\node_modules\ws\lib\receiver.js:606:14)
    at Receiver.getData (C:\Users\shadr.JARVIS\Desktop\DotVV\node_modules\ws\lib\receiver.js:532:10)
[2026-09-02T20:21:47.819Z] INFO lastDisconnect.error full: Error: Connection Failure
    at WebSocket.<anonymous> (C:\Users\shadr.JARVIS\Desktop\DotVV\node_modules\@adiwajshing\baileys\lib\Socket\socket.js:429:13)
    at WebSocket.emit (node:events:509:28)
    at C:\Users\shadr.JARVIS\Desktop\DotVV\node_modules\@adiwajshing\baileys\lib\Socket\socket.js:222:35
    at Object.decodeFrame (C:\Users\shadr.JARVIS\Desktop\DotVV\node_modules\@adiwajshing\baileys\lib\Utils\noise-handler.js:131:17)
    at WebSocket.onMessageRecieved (C:\Users\shadr.JARVIS\Desktop\DotVV\node_modules\@adiwajshing\baileys\lib\Socket\socket.js:198:15)
    at WebSocket.emit (node:events:509:28)
    at Receiver.receiverOnMessage (C:\Users\shadr.JARVIS\Desktop\DotVV\node_modules\ws\lib\websocket.js:1239:20)
    at Receiver.emit (node:events:509:28)
    at Receiver.dataMessage (C:\Users\shadr.JARVIS\Desktop\DotVV\node_modules\ws\lib\receiver.js:606:14)
    at Receiver.getData (C:\Users\shadr.JARVIS\Desktop\DotVV\node_modules\ws\lib\receiver.js:532:10) {
  data: { reason: '405', location: 'atn' },
  isBoom: true,
  isServer: false,
  output: {
    statusCode: 405,
    payload: {
      statusCode: 405,
      error: 'Method Not Allowed',
      message: 'Connection Failure'
    },
    headers: {}
  }
}
[2026-09-02T20:21:47.819Z] INFO lastDisconnect.error.output.payload: {
  statusCode: 405,
  error: 'Method Not Allowed',
  message: 'Connection Failure'
}
[2026-09-02T20:21:47.820Z] INFO reconnecting in 4304ms (attempt 2/5)
[2026-09-02T20:21:52.667Z] INFO P3TROHOLIC bot started. Scan QR in terminal to authenticate.
[2026-09-02T20:21:52.668Z] INFO connection update full: {
  connection: 'connecting',
  receivedPendingNotifications: false,
  qr: undefined
}
[2026-09-02T20:21:52.668Z] INFO connection update: connecting
[2026-09-02T20:21:53.518Z] INFO connection update full: {
  connection: 'close',
  lastDisconnect: {
    error: Error: Connection Failure
        at WebSocket.<anonymous> (C:\Users\shadr.JARVIS\Desktop\DotVV\node_modules\@adiwajshing\baileys\lib\Socket\socket.js:429:13)
        at WebSocket.emit (node:events:509:28)
        at C:\Users\shadr.JARVIS\Desktop\DotVV\node_modules\@adiwajshing\baileys\lib\Socket\socket.js:222:35
        at Object.decodeFrame (C:\Users\shadr.JARVIS\Desktop\DotVV\node_modules\@adiwajshing\baileys\lib\Utils\noise-handler.js:131:17)
        at WebSocket.onMessageRecieved (C:\Users\shadr.JARVIS\Desktop\DotVV\node_modules\@adiwajshing\baileys\lib\Socket\socket.js:198:15)
        at WebSocket.emit (node:events:509:28)
        at Receiver.receiverOnMessage (C:\Users\shadr.JARVIS\Desktop\DotVV\node_modules\ws\lib\websocket.js:1239:20)
        at Receiver.emit (node:events:509:28)
        at Receiver.dataMessage (C:\Users\shadr.JARVIS\Desktop\DotVV\node_modules\ws\lib\receiver.js:606:14)
        at Receiver.getData (C:\Users\shadr.JARVIS\Desktop\DotVV\node_modules\ws\lib\receiver.js:532:10) {
      data: { reason: '405', location: 'vll' },
      isBoom: true,
      isServer: false,
      output: {
        statusCode: 405,
        payload: {
          statusCode: 405,
          error: 'Method Not Allowed',
          message: 'Connection Failure'
        },
        headers: {}
      }
    },
    date: 2026-09-02T20:21:53.518Z
  }
}
[2026-09-02T20:21:53.518Z] INFO connection update: close
[2026-09-02T20:21:53.518Z] INFO connection closed Error: Connection Failure
    at WebSocket.<anonymous> (C:\Users\shadr.JARVIS\Desktop\DotVV\node_modules\@adiwajshing\baileys\lib\Socket\socket.js:429:13)
    at WebSocket.emit (node:events:509:28)
    at C:\Users\shadr.JARVIS\Desktop\DotVV\node_modules\@adiwajshing\baileys\lib\Socket\socket.js:222:35
    at Object.decodeFrame (C:\Users\shadr.JARVIS\Desktop\DotVV\node_modules\@adiwajshing\baileys\lib\Utils\noise-handler.js:131:17)
    at WebSocket.onMessageRecieved (C:\Users\shadr.JARVIS\Desktop\DotVV\node_modules\@adiwajshing\baileys\lib\Socket\socket.js:198:15)
    at WebSocket.emit (node:events:509:28)
    at Receiver.receiverOnMessage (C:\Users\shadr.JARVIS\Desktop\DotVV\node_modules\ws\lib\websocket.js:1239:20)
    at Receiver.emit (node:events:509:28)
    at Receiver.dataMessage (C:\Users\shadr.JARVIS\Desktop\DotVV\node_modules\ws\lib\receiver.js:606:14)
    at Receiver.getData (C:\Users\shadr.JARVIS\Desktop\DotVV\node_modules\ws\lib\receiver.js:532:10)
[2026-09-02T20:21:53.519Z] INFO lastDisconnect.error full: Error: Connection Failure
    at WebSocket.<anonymous> (C:\Users\shadr.JARVIS\Desktop\DotVV\node_modules\@adiwajshing\baileys\lib\Socket\socket.js:429:13)
    at WebSocket.emit (node:events:509:28)
    at C:\Users\shadr.JARVIS\Desktop\DotVV\node_modules\@adiwajshing\baileys\lib\Socket\socket.js:222:35
    at Object.decodeFrame (C:\Users\shadr.JARVIS\Desktop\DotVV\node_modules\@adiwajshing\baileys\lib\Utils\noise-handler.js:131:17)
    at WebSocket.onMessageRecieved (C:\Users\shadr.JARVIS\Desktop\DotVV\node_modules\@adiwajshing\baileys\lib\Socket\socket.js:198:15)
    at WebSocket.emit (node:events:509:28)
    at Receiver.receiverOnMessage (C:\Users\shadr.JARVIS\Desktop\DotVV\node_modules\ws\lib\websocket.js:1239:20)
    at Receiver.emit (node:events:509:28)
    at Receiver.dataMessage (C:\Users\shadr.JARVIS\Desktop\DotVV\node_modules\ws\lib\receiver.js:606:14)
    at Receiver.getData (C:\Users\shadr.JARVIS\Desktop\DotVV\node_modules\ws\lib\receiver.js:532:10) {
  data: { reason: '405', location: 'vll' },
  isBoom: true,
  isServer: false,
  output: {
    statusCode: 405,
    payload: {
      statusCode: 405,
      error: 'Method Not Allowed',
      message: 'Connection Failure'
    },
    headers: {}
  }
}
[2026-09-02T20:21:53.519Z] INFO lastDisconnect.error.output.payload: {
  statusCode: 405,
  error: 'Method Not Allowed',
  message: 'Connection Failure'
}
[2026-09-02T20:21:53.520Z] INFO reconnecting in 8814ms (attempt 3/5)
[2026-09-02T20:22:02.885Z] INFO P3TROHOLIC bot started. Scan QR in terminal to authenticate.
[2026-09-02T20:22:02.885Z] INFO connection update full: {
  connection: 'connecting',
  receivedPendingNotifications: false,
  qr: undefined
}
[2026-09-02T20:22:02.885Z] INFO connection update: connecting
[2026-09-02T20:22:07.952Z] INFO connection update full: {
  connection: 'close',
  lastDisconnect: {
    error: Error: Connection Failure
        at WebSocket.<anonymous> (C:\Users\shadr.JARVIS\Desktop\DotVV\node_modules\@adiwajshing\baileys\lib\Socket\socket.js:429:13)
        at WebSocket.emit (node:events:509:28)
        at C:\Users\shadr.JARVIS\Desktop\DotVV\node_modules\@adiwajshing\baileys\lib\Socket\socket.js:222:35
        at Object.decodeFrame (C:\Users\shadr.JARVIS\Desktop\DotVV\node_modules\@adiwajshing\baileys\lib\Utils\noise-handler.js:131:17)
        at WebSocket.onMessageRecieved (C:\Users\shadr.JARVIS\Desktop\DotVV\node_modules\@adiwajshing\baileys\lib\Socket\socket.js:198:15)
        at WebSocket.emit (node:events:509:28)
        at Receiver.receiverOnMessage (C:\Users\shadr.JARVIS\Desktop\DotVV\node_modules\ws\lib\websocket.js:1239:20)
        at Receiver.emit (node:events:509:28)
        at Receiver.dataMessage (C:\Users\shadr.JARVIS\Desktop\DotVV\node_modules\ws\lib\receiver.js:606:14)
        at Receiver.getData (C:\Users\shadr.JARVIS\Desktop\DotVV\node_modules\ws\lib\receiver.js:532:10) {
      data: { reason: '405', location: 'vll' },
      isBoom: true,
      isServer: false,
      output: {
        statusCode: 405,
        payload: {
          statusCode: 405,
          error: 'Method Not Allowed',
          message: 'Connection Failure'
        },
        headers: {}
      }
    },
    date: 2026-09-02T20:22:07.952Z
  }
}
[2026-09-02T20:22:07.952Z] INFO connection update: close
[2026-09-02T20:22:07.953Z] INFO connection closed Error: Connection Failure
    at WebSocket.<anonymous> (C:\Users\shadr.JARVIS\Desktop\DotVV\node_modules\@adiwajshing\baileys\lib\Socket\socket.js:429:13)
    at WebSocket.emit (node:events:509:28)
    at C:\Users\shadr.JARVIS\Desktop\DotVV\node_modules\@adiwajshing\baileys\lib\Socket\socket.js:222:35
    at Object.decodeFrame (C:\Users\shadr.JARVIS\Desktop\DotVV\node_modules\@adiwajshing\baileys\lib\Utils\noise-handler.js:131:17)
    at WebSocket.onMessageRecieved (C:\Users\shadr.JARVIS\Desktop\DotVV\node_modules\@adiwajshing\baileys\lib\Socket\socket.js:198:15)
    at WebSocket.emit (node:events:509:28)
    at Receiver.receiverOnMessage (C:\Users\shadr.JARVIS\Desktop\DotVV\node_modules\ws\lib\websocket.js:1239:20)
    at Receiver.emit (node:events:509:28)
    at Receiver.dataMessage (C:\Users\shadr.JARVIS\Desktop\DotVV\node_modules\ws\lib\receiver.js:606:14)
    at Receiver.getData (C:\Users\shadr.JARVIS\Desktop\DotVV\node_modules\ws\lib\receiver.js:532:10)
[2026-09-02T20:22:07.953Z] INFO lastDisconnect.error full: Error: Connection Failure
    at WebSocket.<anonymous> (C:\Users\shadr.JARVIS\Desktop\DotVV\node_modules\@adiwajshing\baileys\lib\Socket\socket.js:429:13)
    at WebSocket.emit (node:events:509:28)
    at C:\Users\shadr.JARVIS\Desktop\DotVV\node_modules\@adiwajshing\baileys\lib\Socket\socket.js:222:35
    at Object.decodeFrame (C:\Users\shadr.JARVIS\Desktop\DotVV\node_modules\@adiwajshing\baileys\lib\Utils\noise-handler.js:131:17)
    at WebSocket.onMessageRecieved (C:\Users\shadr.JARVIS\Desktop\DotVV\node_modules\@adiwajshing\baileys\lib\Socket\socket.js:198:15)
    at WebSocket.emit (node:events:509:28)
    at Receiver.receiverOnMessage (C:\Users\shadr.JARVIS\Desktop\DotVV\node_modules\ws\lib\websocket.js:1239:20)
    at Receiver.emit (node:events:509:28)
    at Receiver.dataMessage (C:\Users\shadr.JARVIS\Desktop\DotVV\node_modules\ws\lib\receiver.js:606:14)
    at Receiver.getData (C:\Users\shadr.JARVIS\Desktop\DotVV\node_modules\ws\lib\receiver.js:532:10) {
  data: { reason: '405', location: 'vll' },
  isBoom: true,
  isServer: false,
  output: {
    statusCode: 405,
    payload: {
      statusCode: 405,
      error: 'Method Not Allowed',
      message: 'Connection Failure'
    },
    headers: {}
  }
}
[2026-09-02T20:22:07.953Z] INFO lastDisconnect.error.output.payload: {
  statusCode: 405,
  error: 'Method Not Allowed',
  message: 'Connection Failure'
}
[2026-09-02T20:22:07.954Z] INFO reconnecting in 16479ms (attempt 4/5)
[2026-09-02T20:22:24.971Z] INFO P3TROHOLIC bot started. Scan QR in terminal to authenticate.
[2026-09-02T20:22:24.972Z] INFO connection update full: {
  connection: 'connecting',
  receivedPendingNotifications: false,
  qr: undefined
}
[2026-09-02T20:22:24.972Z] INFO connection update: connecting
[2026-09-02T20:22:26.915Z] INFO connection update full: {
  connection: 'close',
  lastDisconnect: {
    error: Error: Connection Failure
        at WebSocket.<anonymous> (C:\Users\shadr.JARVIS\Desktop\DotVV\node_modules\@adiwajshing\baileys\lib\Socket\socket.js:429:13)
        at WebSocket.emit (node:events:509:28)
        at C:\Users\shadr.JARVIS\Desktop\DotVV\node_modules\@adiwajshing\baileys\lib\Socket\socket.js:222:35
        at Object.decodeFrame (C:\Users\shadr.JARVIS\Desktop\DotVV\node_modules\@adiwajshing\baileys\lib\Utils\noise-handler.js:131:17)
        at WebSocket.onMessageRecieved (C:\Users\shadr.JARVIS\Desktop\DotVV\node_modules\@adiwajshing\baileys\lib\Socket\socket.js:198:15)
        at WebSocket.emit (node:events:509:28)
        at Receiver.receiverOnMessage (C:\Users\shadr.JARVIS\Desktop\DotVV\node_modules\ws\lib\websocket.js:1239:20)
        at Receiver.emit (node:events:509:28)
        at Receiver.dataMessage (C:\Users\shadr.JARVIS\Desktop\DotVV\node_modules\ws\lib\receiver.js:606:14)
        at Receiver.getData (C:\Users\shadr.JARVIS\Desktop\DotVV\node_modules\ws\lib\receiver.js:532:10) {
      data: { reason: '405', location: 'atn' },
      isBoom: true,
      isServer: false,
      output: {
        statusCode: 405,
        payload: {
          statusCode: 405,
          error: 'Method Not Allowed',
          message: 'Connection Failure'
        },
        headers: {}
      }
    },
    date: 2026-09-02T20:22:26.914Z
  }
}
[2026-09-02T20:22:26.915Z] INFO connection update: close
[2026-09-02T20:22:26.915Z] INFO connection closed Error: Connection Failure
    at WebSocket.<anonymous> (C:\Users\shadr.JARVIS\Desktop\DotVV\node_modules\@adiwajshing\baileys\lib\Socket\socket.js:429:13)
    at WebSocket.emit (node:events:509:28)
    at C:\Users\shadr.JARVIS\Desktop\DotVV\node_modules\@adiwajshing\baileys\lib\Socket\socket.js:222:35
    at Object.decodeFrame (C:\Users\shadr.JARVIS\Desktop\DotVV\node_modules\@adiwajshing\baileys\lib\Utils\noise-handler.js:131:17)
    at WebSocket.onMessageRecieved (C:\Users\shadr.JARVIS\Desktop\DotVV\node_modules\@adiwajshing\baileys\lib\Socket\socket.js:198:15)
    at WebSocket.emit (node:events:509:28)
    at Receiver.receiverOnMessage (C:\Users\shadr.JARVIS\Desktop\DotVV\node_modules\ws\lib\websocket.js:1239:20)
    at Receiver.emit (node:events:509:28)
    at Receiver.dataMessage (C:\Users\shadr.JARVIS\Desktop\DotVV\node_modules\ws\lib\receiver.js:606:14)
    at Receiver.getData (C:\Users\shadr.JARVIS\Desktop\DotVV\node_modules\ws\lib\receiver.js:532:10)
[2026-09-02T20:22:26.915Z] INFO lastDisconnect.error full: Error: Connection Failure
    at WebSocket.<anonymous> (C:\Users\shadr.JARVIS\Desktop\DotVV\node_modules\@adiwajshing\baileys\lib\Socket\socket.js:429:13)
    at WebSocket.emit (node:events:509:28)
    at C:\Users\shadr.JARVIS\Desktop\DotVV\node_modules\@adiwajshing\baileys\lib\Socket\socket.js:222:35
    at Object.decodeFrame (C:\Users\shadr.JARVIS\Desktop\DotVV\node_modules\@adiwajshing\baileys\lib\Utils\noise-handler.js:131:17)
    at WebSocket.onMessageRecieved (C:\Users\shadr.JARVIS\Desktop\DotVV\node_modules\@adiwajshing\baileys\lib\Socket\socket.js:198:15)
    at WebSocket.emit (node:events:509:28)
    at Receiver.receiverOnMessage (C:\Users\shadr.JARVIS\Desktop\DotVV\node_modules\ws\lib\websocket.js:1239:20)
    at Receiver.emit (node:events:509:28)
    at Receiver.dataMessage (C:\Users\shadr.JARVIS\Desktop\DotVV\node_modules\ws\lib\receiver.js:606:14)
    at Receiver.getData (C:\Users\shadr.JARVIS\Desktop\DotVV\node_modules\ws\lib\receiver.js:532:10) {
  data: { reason: '405', location: 'atn' },
  isBoom: true,
  isServer: false,
  output: {
    statusCode: 405,
    payload: {
      statusCode: 405,
      error: 'Method Not Allowed',
      message: 'Connection Failure'
    },
    headers: {}
  }
}
[2026-09-02T20:22:26.915Z] INFO lastDisconnect.error.output.payload: {
  statusCode: 405,
  error: 'Method Not Allowed',
  message: 'Connection Failure'
}
[2026-09-02T20:22:26.915Z] INFO reconnecting in 30431ms (attempt 5/5)
[2026-09-02T20:22:58.252Z] INFO P3TROHOLIC bot started. Scan QR in terminal to authenticate.
[2026-09-02T20:22:58.253Z] INFO connection update full: {
  connection: 'connecting',
  receivedPendingNotifications: false,
  qr: undefined
}
[2026-09-02T20:22:58.253Z] INFO connection update: connecting
[2026-09-02T20:23:01.238Z] INFO connection update full: {
  connection: 'close',
  lastDisconnect: {
    error: Error: Connection Failure
        at WebSocket.<anonymous> (C:\Users\shadr.JARVIS\Desktop\DotVV\node_modules\@adiwajshing\baileys\lib\Socket\socket.js:429:13)
        at WebSocket.emit (node:events:509:28)
        at C:\Users\shadr.JARVIS\Desktop\DotVV\node_modules\@adiwajshing\baileys\lib\Socket\socket.js:222:35
        at Object.decodeFrame (C:\Users\shadr.JARVIS\Desktop\DotVV\node_modules\@adiwajshing\baileys\lib\Utils\noise-handler.js:131:17)
        at WebSocket.onMessageRecieved (C:\Users\shadr.JARVIS\Desktop\DotVV\node_modules\@adiwajshing\baileys\lib\Socket\socket.js:198:15)
        at WebSocket.emit (node:events:509:28)
        at Receiver.receiverOnMessage (C:\Users\shadr.JARVIS\Desktop\DotVV\node_modules\ws\lib\websocket.js:1239:20)
        at Receiver.emit (node:events:509:28)
        at Receiver.dataMessage (C:\Users\shadr.JARVIS\Desktop\DotVV\node_modules\ws\lib\receiver.js:606:14)
        at Receiver.getData (C:\Users\shadr.JARVIS\Desktop\DotVV\node_modules\ws\lib\receiver.js:532:10) {
      data: { reason: '405', location: 'atn' },
      isBoom: true,
      isServer: false,
      output: {
        statusCode: 405,
        payload: {
          statusCode: 405,
          error: 'Method Not Allowed',
          message: 'Connection Failure'
        },
        headers: {}
      }
    },
    date: 2026-09-02T20:23:01.238Z
  }
}
[2026-09-02T20:23:01.242Z] INFO connection update: close
[2026-09-02T20:23:01.245Z] INFO connection closed Error: Connection Failure
    at WebSocket.<anonymous> (C:\Users\shadr.JARVIS\Desktop\DotVV\node_modules\@adiwajshing\baileys\lib\Socket\socket.js:429:13)
    at WebSocket.emit (node:events:509:28)
    at C:\Users\shadr.JARVIS\Desktop\DotVV\node_modules\@adiwajshing\baileys\lib\Socket\socket.js:222:35
    at Object.decodeFrame (C:\Users\shadr.JARVIS\Desktop\DotVV\node_modules\@adiwajshing\baileys\lib\Utils\noise-handler.js:131:17)
    at WebSocket.onMessageRecieved (C:\Users\shadr.JARVIS\Desktop\DotVV\node_modules\@adiwajshing\baileys\lib\Socket\socket.js:198:15)
    at WebSocket.emit (node:events:509:28)
    at Receiver.receiverOnMessage (C:\Users\shadr.JARVIS\Desktop\DotVV\node_modules\ws\lib\websocket.js:1239:20)
    at Receiver.emit (node:events:509:28)
    at Receiver.dataMessage (C:\Users\shadr.JARVIS\Desktop\DotVV\node_modules\ws\lib\receiver.js:606:14)
    at Receiver.getData (C:\Users\shadr.JARVIS\Desktop\DotVV\node_modules\ws\lib\receiver.js:532:10)
[2026-09-02T20:23:01.248Z] INFO lastDisconnect.error full: Error: Connection Failure
    at WebSocket.<anonymous> (C:\Users\shadr.JARVIS\Desktop\DotVV\node_modules\@adiwajshing\baileys\lib\Socket\socket.js:429:13)
    at WebSocket.emit (node:events:509:28)
    at C:\Users\shadr.JARVIS\Desktop\DotVV\node_modules\@adiwajshing\baileys\lib\Socket\socket.js:222:35
    at Object.decodeFrame (C:\Users\shadr.JARVIS\Desktop\DotVV\node_modules\@adiwajshing\baileys\lib\Utils\noise-handler.js:131:17)
    at WebSocket.onMessageRecieved (C:\Users\shadr.JARVIS\Desktop\DotVV\node_modules\@adiwajshing\baileys\lib\Socket\socket.js:198:15)
    at WebSocket.emit (node:events:509:28)
    at Receiver.receiverOnMessage (C:\Users\shadr.JARVIS\Desktop\DotVV\node_modules\ws\lib\websocket.js:1239:20)
    at Receiver.emit (node:events:509:28)
    at Receiver.dataMessage (C:\Users\shadr.JARVIS\Desktop\DotVV\node_modules\ws\lib\receiver.js:606:14)
    at Receiver.getData (C:\Users\shadr.JARVIS\Desktop\DotVV\node_modules\ws\lib\receiver.js:532:10) {
  data: { reason: '405', location: 'atn' },
  isBoom: true,
  isServer: false,
  output: {
    statusCode: 405,
    payload: {
      statusCode: 405,
      error: 'Method Not Allowed',
      message: 'Connection Failure'
    },
    headers: {}
  }
}
[2026-09-02T20:23:01.249Z] INFO lastDisconnect.error.output.payload: {
  statusCode: 405,
  error: 'Method Not Allowed',
  message: 'Connection Failure'
}
[2026-09-02T20:23:01.249Z] INFO Max reconnect attempts reached — give up. Check network or try again later.
[2026-09-02T20:39:59.658Z] INFO P3TROHOLIC bot started. Scan QR in terminal to authenticate.
[2026-09-02T20:39:59.662Z] INFO connection update full: {
  connection: 'connecting',
  receivedPendingNotifications: false,
  qr: undefined
}
[2026-09-02T20:39:59.662Z] INFO connection update: connecting
[2026-09-02T20:40:01.027Z] INFO connection update full: {
  qr: 'https://wa.me/settings/linked_devices#2@khetmyPU+WvvHV333ljbH75qlTVHZ7acy9ZbKk4l95nvwk57/8PXjaG8sIwcrM81spo706JuCvnxUk2dfnW7vCaUp34MHPF8LxI=,bTlJ7E/6hWU3H9sc3yQWkVP3Z/nKVRmkRVqVtFz+x1Q=,ir0mDz0+8XLXPgbmKFBS0F344KG2t7dWy8IvYTUAfDk=,Nm4yqF2Sg3tWGCfYCMr583Mh0ET5M7VNFWpYc/QWyBQ=,1'
}
[2026-09-02T20:40:01.027Z] INFO QR code (scan with WhatsApp Linked Devices):
 https://wa.me/settings/linked_devices#2@khetmyPU+WvvHV333ljbH75qlTVHZ7acy9ZbKk4l95nvwk57/8PXjaG8sIwcrM81spo706JuCvnxUk2dfnW7vCaUp34MHPF8LxI=,bTlJ7E/6hWU3H9sc3yQWkVP3Z/nKVRmkRVqVtFz+x1Q=,ir0mDz0+8XLXPgbmKFBS0F344KG2t7dWy8IvYTUAfDk=,Nm4yqF2Sg3tWGCfYCMr583Mh0ET5M7VNFWpYc/QWyBQ=,1
[2026-09-02T20:41:01.043Z] INFO connection update full: {
  qr: 'https://wa.me/settings/linked_devices#2@9D3q2VIrtoh2T7eA94gziQ/V/70g9FHRtCxdIm4VCWQc+b1L96n3BnHOjvtJxKReHvqzBPaO4Ti/4gZqJwiZuamUdAryfMtmjSg=,bTlJ7E/6hWU3H9sc3yQWkVP3Z/nKVRmkRVqVtFz+x1Q=,ir0mDz0+8XLXPgbmKFBS0F344KG2t7dWy8IvYTUAfDk=,Nm4yqF2Sg3tWGCfYCMr583Mh0ET5M7VNFWpYc/QWyBQ=,1'
}
[2026-09-02T20:41:01.044Z] INFO QR code (scan with WhatsApp Linked Devices):
 https://wa.me/settings/linked_devices#2@9D3q2VIrtoh2T7eA94gziQ/V/70g9FHRtCxdIm4VCWQc+b1L96n3BnHOjvtJxKReHvqzBPaO4Ti/4gZqJwiZuamUdAryfMtmjSg=,bTlJ7E/6hWU3H9sc3yQWkVP3Z/nKVRmkRVqVtFz+x1Q=,ir0mDz0+8XLXPgbmKFBS0F344KG2t7dWy8IvYTUAfDk=,Nm4yqF2Sg3tWGCfYCMr583Mh0ET5M7VNFWpYc/QWyBQ=,1
[2026-09-02T20:41:21.046Z] INFO connection update full: {
  qr: 'https://wa.me/settings/linked_devices#2@5+2ZwrVO61cSL1OPkSZrtOBoQr6QnwcgYXruJCSHCD/R9p1HgJljvM9rQf/N7IpiXwaXIMBtXn6CgiVksjb72s8iclIP1KEmZMo=,bTlJ7E/6hWU3H9sc3yQWkVP3Z/nKVRmkRVqVtFz+x1Q=,ir0mDz0+8XLXPgbmKFBS0F344KG2t7dWy8IvYTUAfDk=,Nm4yqF2Sg3tWGCfYCMr583Mh0ET5M7VNFWpYc/QWyBQ=,1'
}
[2026-09-02T20:41:21.047Z] INFO QR code (scan with WhatsApp Linked Devices):
 https://wa.me/settings/linked_devices#2@5+2ZwrVO61cSL1OPkSZrtOBoQr6QnwcgYXruJCSHCD/R9p1HgJljvM9rQf/N7IpiXwaXIMBtXn6CgiVksjb72s8iclIP1KEmZMo=,bTlJ7E/6hWU3H9sc3yQWkVP3Z/nKVRmkRVqVtFz+x1Q=,ir0mDz0+8XLXPgbmKFBS0F344KG2t7dWy8IvYTUAfDk=,Nm4yqF2Sg3tWGCfYCMr583Mh0ET5M7VNFWpYc/QWyBQ=,1
[2026-09-02T20:41:41.059Z] INFO connection update full: {
  qr: 'https://wa.me/settings/linked_devices#2@SGfVUYT//LBRj/evhqSdUJSYE3P3r5p1hm+ATPHGSHUZkg0W5MLppiBmBbPiEG2NWRB/1We9nd/+LFNSYG0xj/Y3hf3NbuiVA18=,bTlJ7E/6hWU3H9sc3yQWkVP3Z/nKVRmkRVqVtFz+x1Q=,ir0mDz0+8XLXPgbmKFBS0F344KG2t7dWy8IvYTUAfDk=,Nm4yqF2Sg3tWGCfYCMr583Mh0ET5M7VNFWpYc/QWyBQ=,1'
}
[2026-09-02T20:41:41.060Z] INFO QR code (scan with WhatsApp Linked Devices):
 https://wa.me/settings/linked_devices#2@SGfVUYT//LBRj/evhqSdUJSYE3P3r5p1hm+ATPHGSHUZkg0W5MLppiBmBbPiEG2NWRB/1We9nd/+LFNSYG0xj/Y3hf3NbuiVA18=,bTlJ7E/6hWU3H9sc3yQWkVP3Z/nKVRmkRVqVtFz+x1Q=,ir0mDz0+8XLXPgbmKFBS0F344KG2t7dWy8IvYTUAfDk=,Nm4yqF2Sg3tWGCfYCMr583Mh0ET5M7VNFWpYc/QWyBQ=,1
[2026-09-02T20:42:01.074Z] INFO connection update full: {
  qr: 'https://wa.me/settings/linked_devices#2@wa9G+r3F+GbbdJlBcOq75pxkI7+PKl6EqkzXRR224BxwT//wGO3M24jyEyUDX/re2h9o1GN+the21x1gfOlF8R2CXMI4NER1lg8=,bTlJ7E/6hWU3H9sc3yQWkVP3Z/nKVRmkRVqVtFz+x1Q=,ir0mDz0+8XLXPgbmKFBS0F344KG2t7dWy8IvYTUAfDk=,Nm4yqF2Sg3tWGCfYCMr583Mh0ET5M7VNFWpYc/QWyBQ=,1'
}
[2026-09-02T20:42:01.075Z] INFO QR code (scan with WhatsApp Linked Devices):
 https://wa.me/settings/linked_devices#2@wa9G+r3F+GbbdJlBcOq75pxkI7+PKl6EqkzXRR224BxwT//wGO3M24jyEyUDX/re2h9o1GN+the21x1gfOlF8R2CXMI4NER1lg8=,bTlJ7E/6hWU3H9sc3yQWkVP3Z/nKVRmkRVqVtFz+x1Q=,ir0mDz0+8XLXPgbmKFBS0F344KG2t7dWy8IvYTUAfDk=,Nm4yqF2Sg3tWGCfYCMr583Mh0ET5M7VNFWpYc/QWyBQ=,1
[2026-09-02T20:42:21.089Z] INFO connection update full: {
  qr: 'https://wa.me/settings/linked_devices#2@uroLLfwQ5kG02u4C6B75UmpquANzvwIY58yez0iQzdIw8vYHvEDBuMeCpiFQgJSJwqrx39XVvX7uYLTV1NurUGrP8Fxqz/lhufI=,bTlJ7E/6hWU3H9sc3yQWkVP3Z/nKVRmkRVqVtFz+x1Q=,ir0mDz0+8XLXPgbmKFBS0F344KG2t7dWy8IvYTUAfDk=,Nm4yqF2Sg3tWGCfYCMr583Mh0ET5M7VNFWpYc/QWyBQ=,1'
}
[2026-09-02T20:42:21.089Z] INFO QR code (scan with WhatsApp Linked Devices):
 https://wa.me/settings/linked_devices#2@uroLLfwQ5kG02u4C6B75UmpquANzvwIY58yez0iQzdIw8vYHvEDBuMeCpiFQgJSJwqrx39XVvX7uYLTV1NurUGrP8Fxqz/lhufI=,bTlJ7E/6hWU3H9sc3yQWkVP3Z/nKVRmkRVqVtFz+x1Q=,ir0mDz0+8XLXPgbmKFBS0F344KG2t7dWy8IvYTUAfDk=,Nm4yqF2Sg3tWGCfYCMr583Mh0ET5M7VNFWpYc/QWyBQ=,1
[2026-09-02T20:42:41.464Z] INFO connection update full: {
  connection: 'close',
  lastDisconnect: {
    error: Error: QR refs attempts ended
        at Timeout.genPairQR [as _onTimeout] (file:///C:/Users/shadr.JARVIS/Desktop/DotVV/node_modules/@whiskeysockets/baileys/lib/Socket/socket.js:716:26)
        at listOnTimeout (node:internal/timers:605:17)
        at process.processTimers (node:internal/timers:541:7) {
      data: null,
      isBoom: true,
      isServer: false,
      output: {
        statusCode: 408,
        payload: {
          statusCode: 408,
          error: 'Request Time-out',
          message: 'QR refs attempts ended'
        },
        headers: {}
      }
    },
    date: 2026-09-02T20:42:41.464Z
  }
}
[2026-09-02T20:42:41.464Z] INFO connection update: close
[2026-09-02T20:42:41.465Z] INFO connection closed Error: QR refs attempts ended
    at Timeout.genPairQR [as _onTimeout] (file:///C:/Users/shadr.JARVIS/Desktop/DotVV/node_modules/@whiskeysockets/baileys/lib/Socket/socket.js:716:26)
    at listOnTimeout (node:internal/timers:605:17)
    at process.processTimers (node:internal/timers:541:7)
[2026-09-02T20:42:41.465Z] INFO lastDisconnect.error full: Error: QR refs attempts ended
    at Timeout.genPairQR [as _onTimeout] (file:///C:/Users/shadr.JARVIS/Desktop/DotVV/node_modules/@whiskeysockets/baileys/lib/Socket/socket.js:716:26)
    at listOnTimeout (node:internal/timers:605:17)
    at process.processTimers (node:internal/timers:541:7) {
  data: null,
  isBoom: true,
  isServer: false,
  output: {
    statusCode: 408,
    payload: {
      statusCode: 408,
      error: 'Request Time-out',
      message: 'QR refs attempts ended'
    },
    headers: {}
  }
}
[2026-09-02T20:42:41.465Z] INFO lastDisconnect.error.output.payload: {
  statusCode: 408,
  error: 'Request Time-out',
  message: 'QR refs attempts ended'
}
[2026-09-02T20:42:41.465Z] INFO reconnecting in 2141ms (attempt 1/5)
[2026-09-02T20:42:44.148Z] INFO P3TROHOLIC bot started. Scan QR in terminal to authenticate.
[2026-09-02T20:42:44.148Z] INFO connection update full: {
  connection: 'connecting',
  receivedPendingNotifications: false,
  qr: undefined
}
[2026-09-02T20:42:44.149Z] INFO connection update: connecting
[2026-09-02T20:42:45.239Z] INFO connection update full: {
  qr: 'https://wa.me/settings/linked_devices#2@cYB83i7xPFXdlsivDJ5YHVTdAc6EbtGSLglU1KYnS+VA7duY13lSrCFDx0AgtS66qa5t2H9duLTdzQNCJLNFkiMISFdVqokH05g=,/z8TYzQR5IOEknlJMOopm5H0OF3ycw3A8z48X3ypjlM=,lo/QxSkRx8ahUbIld4T024RrzpZZ6xSVFegxxQDNkno=,yQ5hYp1JLPPeja3FSeQJJo6pE4hoDtef5A7ny1vY3Vs=,1'
}
[2026-09-02T20:42:45.239Z] INFO QR code (scan with WhatsApp Linked Devices):
 https://wa.me/settings/linked_devices#2@cYB83i7xPFXdlsivDJ5YHVTdAc6EbtGSLglU1KYnS+VA7duY13lSrCFDx0AgtS66qa5t2H9duLTdzQNCJLNFkiMISFdVqokH05g=,/z8TYzQR5IOEknlJMOopm5H0OF3ycw3A8z48X3ypjlM=,lo/QxSkRx8ahUbIld4T024RrzpZZ6xSVFegxxQDNkno=,yQ5hYp1JLPPeja3FSeQJJo6pE4hoDtef5A7ny1vY3Vs=,1
[2026-09-02T20:43:45.243Z] INFO connection update full: {
  qr: 'https://wa.me/settings/linked_devices#2@fQqKB6524uozWB0xAEnrHP53X9gKzOHbVqDaUkHGsoaDTfj9G1TAD00O193cfptQ6rdLCepiml71aQxUz4Dn7I5UugvL3eMKLF8=,/z8TYzQR5IOEknlJMOopm5H0OF3ycw3A8z48X3ypjlM=,lo/QxSkRx8ahUbIld4T024RrzpZZ6xSVFegxxQDNkno=,yQ5hYp1JLPPeja3FSeQJJo6pE4hoDtef5A7ny1vY3Vs=,1'
}
[2026-09-02T20:43:45.244Z] INFO QR code (scan with WhatsApp Linked Devices):
 https://wa.me/settings/linked_devices#2@fQqKB6524uozWB0xAEnrHP53X9gKzOHbVqDaUkHGsoaDTfj9G1TAD00O193cfptQ6rdLCepiml71aQxUz4Dn7I5UugvL3eMKLF8=,/z8TYzQR5IOEknlJMOopm5H0OF3ycw3A8z48X3ypjlM=,lo/QxSkRx8ahUbIld4T024RrzpZZ6xSVFegxxQDNkno=,yQ5hYp1JLPPeja3FSeQJJo6pE4hoDtef5A7ny1vY3Vs=,1
[2026-09-02T20:44:05.257Z] INFO connection update full: {
  qr: 'https://wa.me/settings/linked_devices#2@7MPmd/gZkobe8gUOpESeW/XwjiCn7uHAjMCANZi9tkuAJDoV+EbpP4C+GkwOjSR6MgoRoEG0bt5O6uZ1X5TCR9ZoHI9tHq8bfpM=,/z8TYzQR5IOEknlJMOopm5H0OF3ycw3A8z48X3ypjlM=,lo/QxSkRx8ahUbIld4T024RrzpZZ6xSVFegxxQDNkno=,yQ5hYp1JLPPeja3FSeQJJo6pE4hoDtef5A7ny1vY3Vs=,1'
}
[2026-09-02T20:44:05.257Z] INFO QR code (scan with WhatsApp Linked Devices):
 https://wa.me/settings/linked_devices#2@7MPmd/gZkobe8gUOpESeW/XwjiCn7uHAjMCANZi9tkuAJDoV+EbpP4C+GkwOjSR6MgoRoEG0bt5O6uZ1X5TCR9ZoHI9tHq8bfpM=,/z8TYzQR5IOEknlJMOopm5H0OF3ycw3A8z48X3ypjlM=,lo/QxSkRx8ahUbIld4T024RrzpZZ6xSVFegxxQDNkno=,yQ5hYp1JLPPeja3FSeQJJo6pE4hoDtef5A7ny1vY3Vs=,1
[2026-09-02T20:44:25.271Z] INFO connection update full: {
  qr: 'https://wa.me/settings/linked_devices#2@bbwGje9+1ucfwsYS+YUT+8sXzQdBHyWBVZfv2yi2jCp2tIkxzdogiEn5pff5WJ4DLwpW3EN9zZYy20TIar/KKmoObxDCvxephFE=,/z8TYzQR5IOEknlJMOopm5H0OF3ycw3A8z48X3ypjlM=,lo/QxSkRx8ahUbIld4T024RrzpZZ6xSVFegxxQDNkno=,yQ5hYp1JLPPeja3FSeQJJo6pE4hoDtef5A7ny1vY3Vs=,1'
}
[2026-09-02T20:44:25.272Z] INFO QR code (scan with WhatsApp Linked Devices):
 https://wa.me/settings/linked_devices#2@bbwGje9+1ucfwsYS+YUT+8sXzQdBHyWBVZfv2yi2jCp2tIkxzdogiEn5pff5WJ4DLwpW3EN9zZYy20TIar/KKmoObxDCvxephFE=,/z8TYzQR5IOEknlJMOopm5H0OF3ycw3A8z48X3ypjlM=,lo/QxSkRx8ahUbIld4T024RrzpZZ6xSVFegxxQDNkno=,yQ5hYp1JLPPeja3FSeQJJo6pE4hoDtef5A7ny1vY3Vs=,1
[2026-09-02T20:44:45.285Z] INFO connection update full: {
  qr: 'https://wa.me/settings/linked_devices#2@YInJfQvYN7Q39esmQbjtXCTglaQO7YyqIBaJJs75noA34glVv5dJrMzXNuI59qPQ5CWmbklHoeX9f1XRM8ayGhmj1hwSR3aICSk=,/z8TYzQR5IOEknlJMOopm5H0OF3ycw3A8z48X3ypjlM=,lo/QxSkRx8ahUbIld4T024RrzpZZ6xSVFegxxQDNkno=,yQ5hYp1JLPPeja3FSeQJJo6pE4hoDtef5A7ny1vY3Vs=,1'
}
[2026-09-02T20:44:45.291Z] INFO QR code (scan with WhatsApp Linked Devices):
 https://wa.me/settings/linked_devices#2@YInJfQvYN7Q39esmQbjtXCTglaQO7YyqIBaJJs75noA34glVv5dJrMzXNuI59qPQ5CWmbklHoeX9f1XRM8ayGhmj1hwSR3aICSk=,/z8TYzQR5IOEknlJMOopm5H0OF3ycw3A8z48X3ypjlM=,lo/QxSkRx8ahUbIld4T024RrzpZZ6xSVFegxxQDNkno=,yQ5hYp1JLPPeja3FSeQJJo6pE4hoDtef5A7ny1vY3Vs=,1
[2026-09-02T20:45:05.301Z] INFO connection update full: {
  qr: 'https://wa.me/settings/linked_devices#2@DBjJRgTBk8zPWo+PCiA3CrtklnTF7rBRBtAxH0AdV+gybsK4q+HltqAJdCE5A9iNk9oYdalUy5K35Aq238iquJeg6fSvFm1oVrM=,/z8TYzQR5IOEknlJMOopm5H0OF3ycw3A8z48X3ypjlM=,lo/QxSkRx8ahUbIld4T024RrzpZZ6xSVFegxxQDNkno=,yQ5hYp1JLPPeja3FSeQJJo6pE4hoDtef5A7ny1vY3Vs=,1'
}
[2026-09-02T20:45:05.303Z] INFO QR code (scan with WhatsApp Linked Devices):
 https://wa.me/settings/linked_devices#2@DBjJRgTBk8zPWo+PCiA3CrtklnTF7rBRBtAxH0AdV+gybsK4q+HltqAJdCE5A9iNk9oYdalUy5K35Aq238iquJeg6fSvFm1oVrM=,/z8TYzQR5IOEknlJMOopm5H0OF3ycw3A8z48X3ypjlM=,lo/QxSkRx8ahUbIld4T024RrzpZZ6xSVFegxxQDNkno=,yQ5hYp1JLPPeja3FSeQJJo6pE4hoDtef5A7ny1vY3Vs=,1
[2026-09-02T20:45:25.725Z] INFO connection update full: {
  connection: 'close',
  lastDisconnect: {
    error: Error: QR refs attempts ended
        at Timeout.genPairQR [as _onTimeout] (file:///C:/Users/shadr.JARVIS/Desktop/DotVV/node_modules/@whiskeysockets/baileys/lib/Socket/socket.js:716:26)
        at listOnTimeout (node:internal/timers:605:17)
        at process.processTimers (node:internal/timers:541:7) {
      data: null,
      isBoom: true,
      isServer: false,
      output: {
        statusCode: 408,
        payload: {
          statusCode: 408,
          error: 'Request Time-out',
          message: 'QR refs attempts ended'
        },
        headers: {}
      }
    },
    date: 2026-09-02T20:45:25.725Z
  }
}
[2026-09-02T20:45:25.725Z] INFO connection update: close
[2026-09-02T20:45:25.725Z] INFO connection closed Error: QR refs attempts ended
    at Timeout.genPairQR [as _onTimeout] (file:///C:/Users/shadr.JARVIS/Desktop/DotVV/node_modules/@whiskeysockets/baileys/lib/Socket/socket.js:716:26)
    at listOnTimeout (node:internal/timers:605:17)
    at process.processTimers (node:internal/timers:541:7)
[2026-09-02T20:45:25.726Z] INFO lastDisconnect.error full: Error: QR refs attempts ended
    at Timeout.genPairQR [as _onTimeout] (file:///C:/Users/shadr.JARVIS/Desktop/DotVV/node_modules/@whiskeysockets/baileys/lib/Socket/socket.js:716:26)
    at listOnTimeout (node:internal/timers:605:17)
    at process.processTimers (node:internal/timers:541:7) {
  data: null,
  isBoom: true,
  isServer: false,
  output: {
    statusCode: 408,
    payload: {
      statusCode: 408,
      error: 'Request Time-out',
      message: 'QR refs attempts ended'
    },
    headers: {}
  }
}
[2026-09-02T20:45:25.726Z] INFO lastDisconnect.error.output.payload: {
  statusCode: 408,
  error: 'Request Time-out',
  message: 'QR refs attempts ended'
}
[2026-09-02T20:45:25.726Z] INFO reconnecting in 4665ms (attempt 2/5)
[2026-09-02T20:45:30.906Z] INFO P3TROHOLIC bot started. Scan QR in terminal to authenticate.
[2026-09-02T20:45:30.907Z] INFO connection update full: {
  connection: 'connecting',
  receivedPendingNotifications: false,
  qr: undefined
}
[2026-09-02T20:45:30.907Z] INFO connection update: connecting
[2026-09-02T20:45:32.174Z] INFO connection update full: {
  qr: 'https://wa.me/settings/linked_devices#2@WOm6efpk7tzS293nSZLrfDKAB+r5cRfcmHTPAZ0ZwCsNoCVf+mG4tomI6AyQVgZobtLXvRP7/nL/zVkQLj82Nkhk084RWKTxEPQ=,ZfY/xDfZWsyvBgVyNXu693G9yM2g4J22M+p9pfKsqw0=,polDcYXQFl4D90n4ApWAfDKqAuOFJENIodxw4Wdu3hA=,xNU4ZvhIM7lgOiI6HC7Ofty5PIysD3qj7JZF/cnK/e8=,1'
}
[2026-09-02T20:45:32.174Z] INFO QR code (scan with WhatsApp Linked Devices):
 https://wa.me/settings/linked_devices#2@WOm6efpk7tzS293nSZLrfDKAB+r5cRfcmHTPAZ0ZwCsNoCVf+mG4tomI6AyQVgZobtLXvRP7/nL/zVkQLj82Nkhk084RWKTxEPQ=,ZfY/xDfZWsyvBgVyNXu693G9yM2g4J22M+p9pfKsqw0=,polDcYXQFl4D90n4ApWAfDKqAuOFJENIodxw4Wdu3hA=,xNU4ZvhIM7lgOiI6HC7Ofty5PIysD3qj7JZF/cnK/e8=,1
[2026-09-02T20:46:32.188Z] INFO connection update full: {
  qr: 'https://wa.me/settings/linked_devices#2@LP4RN5iz7NVP/1NxN2BoHjxAqY4oRN7zJit5EE1fcpmlTYiSKu7oXJxfYNymQUGOU3hRUdCENJhz7VRUNsFXegYqeCr/9luE61o=,ZfY/xDfZWsyvBgVyNXu693G9yM2g4J22M+p9pfKsqw0=,polDcYXQFl4D90n4ApWAfDKqAuOFJENIodxw4Wdu3hA=,xNU4ZvhIM7lgOiI6HC7Ofty5PIysD3qj7JZF/cnK/e8=,1'
}
[2026-09-02T20:46:32.188Z] INFO QR code (scan with WhatsApp Linked Devices):
 https://wa.me/settings/linked_devices#2@LP4RN5iz7NVP/1NxN2BoHjxAqY4oRN7zJit5EE1fcpmlTYiSKu7oXJxfYNymQUGOU3hRUdCENJhz7VRUNsFXegYqeCr/9luE61o=,ZfY/xDfZWsyvBgVyNXu693G9yM2g4J22M+p9pfKsqw0=,polDcYXQFl4D90n4ApWAfDKqAuOFJENIodxw4Wdu3hA=,xNU4ZvhIM7lgOiI6HC7Ofty5PIysD3qj7JZF/cnK/e8=,1
[2026-09-02T20:46:52.202Z] INFO connection update full: {
  qr: 'https://wa.me/settings/linked_devices#2@P/qMmnL52j1CIhqsGOUSIXL/s9d6DsdRQ5ETsmA1djcB+p8rYsRSv/czg31VxWJJOYCt+2CAOO6uSs77OpuLFw17NGc2MHUeX64=,ZfY/xDfZWsyvBgVyNXu693G9yM2g4J22M+p9pfKsqw0=,polDcYXQFl4D90n4ApWAfDKqAuOFJENIodxw4Wdu3hA=,xNU4ZvhIM7lgOiI6HC7Ofty5PIysD3qj7JZF/cnK/e8=,1'
}
[2026-09-02T20:46:52.202Z] INFO QR code (scan with WhatsApp Linked Devices):
 https://wa.me/settings/linked_devices#2@P/qMmnL52j1CIhqsGOUSIXL/s9d6DsdRQ5ETsmA1djcB+p8rYsRSv/czg31VxWJJOYCt+2CAOO6uSs77OpuLFw17NGc2MHUeX64=,ZfY/xDfZWsyvBgVyNXu693G9yM2g4J22M+p9pfKsqw0=,polDcYXQFl4D90n4ApWAfDKqAuOFJENIodxw4Wdu3hA=,xNU4ZvhIM7lgOiI6HC7Ofty5PIysD3qj7JZF/cnK/e8=,1
[2026-09-02T20:47:12.215Z] INFO connection update full: {
  qr: 'https://wa.me/settings/linked_devices#2@xz5Bq/B5WTq9RT7/QORPriil6ownVX9ob888hLGIAwMX5vj2EmCZkI0WmTjKHDkU10ijVf/XeuMs0ykoykbZohIRCqk3Lw7RoAo=,ZfY/xDfZWsyvBgVyNXu693G9yM2g4J22M+p9pfKsqw0=,polDcYXQFl4D90n4ApWAfDKqAuOFJENIodxw4Wdu3hA=,xNU4ZvhIM7lgOiI6HC7Ofty5PIysD3qj7JZF/cnK/e8=,1'
}
[2026-09-02T20:47:12.215Z] INFO QR code (scan with WhatsApp Linked Devices):
 https://wa.me/settings/linked_devices#2@xz5Bq/B5WTq9RT7/QORPriil6ownVX9ob888hLGIAwMX5vj2EmCZkI0WmTjKHDkU10ijVf/XeuMs0ykoykbZohIRCqk3Lw7RoAo=,ZfY/xDfZWsyvBgVyNXu693G9yM2g4J22M+p9pfKsqw0=,polDcYXQFl4D90n4ApWAfDKqAuOFJENIodxw4Wdu3hA=,xNU4ZvhIM7lgOiI6HC7Ofty5PIysD3qj7JZF/cnK/e8=,1
[2026-09-02T20:47:32.231Z] INFO connection update full: {
  qr: 'https://wa.me/settings/linked_devices#2@PkZ9brOv0NgYoWDQsZbP2jYVmpHXcHnzE6eCaO58Ol31Tm0UCCpLVH0+kDPR2AzgvxvA+9BE1xdUAw7Isu3T4s6ZZS/Z7jEvhKs=,ZfY/xDfZWsyvBgVyNXu693G9yM2g4J22M+p9pfKsqw0=,polDcYXQFl4D90n4ApWAfDKqAuOFJENIodxw4Wdu3hA=,xNU4ZvhIM7lgOiI6HC7Ofty5PIysD3qj7JZF/cnK/e8=,1'
}
[2026-09-02T20:47:32.231Z] INFO QR code (scan with WhatsApp Linked Devices):
 https://wa.me/settings/linked_devices#2@PkZ9brOv0NgYoWDQsZbP2jYVmpHXcHnzE6eCaO58Ol31Tm0UCCpLVH0+kDPR2AzgvxvA+9BE1xdUAw7Isu3T4s6ZZS/Z7jEvhKs=,ZfY/xDfZWsyvBgVyNXu693G9yM2g4J22M+p9pfKsqw0=,polDcYXQFl4D90n4ApWAfDKqAuOFJENIodxw4Wdu3hA=,xNU4ZvhIM7lgOiI6HC7Ofty5PIysD3qj7JZF/cnK/e8=,1
[2026-09-02T20:47:52.244Z] INFO connection update full: {
  qr: 'https://wa.me/settings/linked_devices#2@DoBUN/5UU/uw2DjJNhJBZSnvy/Fxmg5V6BsenJefpph6xmsVwrQuFCDrAY3LOmK8g1utyI1e9Umz8iK1NfKCnRcvW5R4X81sleY=,ZfY/xDfZWsyvBgVyNXu693G9yM2g4J22M+p9pfKsqw0=,polDcYXQFl4D90n4ApWAfDKqAuOFJENIodxw4Wdu3hA=,xNU4ZvhIM7lgOiI6HC7Ofty5PIysD3qj7JZF/cnK/e8=,1'
}
[2026-09-02T20:47:52.244Z] INFO QR code (scan with WhatsApp Linked Devices):
 https://wa.me/settings/linked_devices#2@DoBUN/5UU/uw2DjJNhJBZSnvy/Fxmg5V6BsenJefpph6xmsVwrQuFCDrAY3LOmK8g1utyI1e9Umz8iK1NfKCnRcvW5R4X81sleY=,ZfY/xDfZWsyvBgVyNXu693G9yM2g4J22M+p9pfKsqw0=,polDcYXQFl4D90n4ApWAfDKqAuOFJENIodxw4Wdu3hA=,xNU4ZvhIM7lgOiI6HC7Ofty5PIysD3qj7JZF/cnK/e8=,1
[2026-09-02T20:48:12.597Z] INFO connection update full: {
  connection: 'close',
  lastDisconnect: {
    error: Error: QR refs attempts ended
        at Timeout.genPairQR [as _onTimeout] (file:///C:/Users/shadr.JARVIS/Desktop/DotVV/node_modules/@whiskeysockets/baileys/lib/Socket/socket.js:716:26)
        at listOnTimeout (node:internal/timers:605:17)
        at process.processTimers (node:internal/timers:541:7) {
      data: null,
      isBoom: true,
      isServer: false,
      output: {
        statusCode: 408,
        payload: {
          statusCode: 408,
          error: 'Request Time-out',
          message: 'QR refs attempts ended'
        },
        headers: {}
      }
    },
    date: 2026-09-02T20:48:12.597Z
  }
}
[2026-09-02T20:48:12.598Z] INFO connection update: close
[2026-09-02T20:48:12.598Z] INFO connection closed Error: QR refs attempts ended
    at Timeout.genPairQR [as _onTimeout] (file:///C:/Users/shadr.JARVIS/Desktop/DotVV/node_modules/@whiskeysockets/baileys/lib/Socket/socket.js:716:26)
    at listOnTimeout (node:internal/timers:605:17)
    at process.processTimers (node:internal/timers:541:7)
[2026-09-02T20:48:12.598Z] INFO lastDisconnect.error full: Error: QR refs attempts ended
    at Timeout.genPairQR [as _onTimeout] (file:///C:/Users/shadr.JARVIS/Desktop/DotVV/node_modules/@whiskeysockets/baileys/lib/Socket/socket.js:716:26)
    at listOnTimeout (node:internal/timers:605:17)
    at process.processTimers (node:internal/timers:541:7) {
  data: null,
  isBoom: true,
  isServer: false,
  output: {
    statusCode: 408,
    payload: {
      statusCode: 408,
      error: 'Request Time-out',
      message: 'QR refs attempts ended'
    },
    headers: {}
  }
}
[2026-09-02T20:48:12.599Z] INFO lastDisconnect.error.output.payload: {
  statusCode: 408,
  error: 'Request Time-out',
  message: 'QR refs attempts ended'
}
[2026-09-02T20:48:12.599Z] INFO reconnecting in 8949ms (attempt 3/5)
[2026-09-02T20:48:22.100Z] INFO P3TROHOLIC bot started. Scan QR in terminal to authenticate.
[2026-09-02T20:48:22.100Z] INFO connection update full: {
  connection: 'connecting',
  receivedPendingNotifications: false,
  qr: undefined
}
[2026-09-02T20:48:22.101Z] INFO connection update: connecting
[2026-09-02T20:48:22.817Z] INFO connection update full: {
  qr: 'https://wa.me/settings/linked_devices#2@+6f056mYuFi6KaFYUgf3sn3W67FsL/8qyzG6MvywxbEIp66kYrOSfOzsNfZl+CmnBtrNYgCMLqkmvZKqjvF+rOTXcs0x5SZvSUI=,VVfmDBCaIS27hWWe8sirLhAWZ2kroPd/wcOo0uqeBwY=,qsdNaYZahKFnpXs2siKAjgHm1pHpDaUMzFy+ifSxa2w=,n8s8Vwl/TRiPFEGWsdBMM8K3kffPoZzwHzdcxZ/FO5E=,1'
}
[2026-09-02T20:48:22.817Z] INFO QR code (scan with WhatsApp Linked Devices):
 https://wa.me/settings/linked_devices#2@+6f056mYuFi6KaFYUgf3sn3W67FsL/8qyzG6MvywxbEIp66kYrOSfOzsNfZl+CmnBtrNYgCMLqkmvZKqjvF+rOTXcs0x5SZvSUI=,VVfmDBCaIS27hWWe8sirLhAWZ2kroPd/wcOo0uqeBwY=,qsdNaYZahKFnpXs2siKAjgHm1pHpDaUMzFy+ifSxa2w=,n8s8Vwl/TRiPFEGWsdBMM8K3kffPoZzwHzdcxZ/FO5E=,1
[2026-09-02T20:49:22.831Z] INFO connection update full: {
  qr: 'https://wa.me/settings/linked_devices#2@AYvrUhqCkfGcYPPjnXBNRPNYwGicnQUbl87NB0tYN9MPM3RLCKTbyjjPCCJ6QqgTQJCwh5uN5J8nP2z+X0aghe5QyxNWp02V/BM=,VVfmDBCaIS27hWWe8sirLhAWZ2kroPd/wcOo0uqeBwY=,qsdNaYZahKFnpXs2siKAjgHm1pHpDaUMzFy+ifSxa2w=,n8s8Vwl/TRiPFEGWsdBMM8K3kffPoZzwHzdcxZ/FO5E=,1'
}
[2026-09-02T20:49:22.832Z] INFO QR code (scan with WhatsApp Linked Devices):
 https://wa.me/settings/linked_devices#2@AYvrUhqCkfGcYPPjnXBNRPNYwGicnQUbl87NB0tYN9MPM3RLCKTbyjjPCCJ6QqgTQJCwh5uN5J8nP2z+X0aghe5QyxNWp02V/BM=,VVfmDBCaIS27hWWe8sirLhAWZ2kroPd/wcOo0uqeBwY=,qsdNaYZahKFnpXs2siKAjgHm1pHpDaUMzFy+ifSxa2w=,n8s8Vwl/TRiPFEGWsdBMM8K3kffPoZzwHzdcxZ/FO5E=,1
[2026-09-02T20:49:42.846Z] INFO connection update full: {
  qr: 'https://wa.me/settings/linked_devices#2@CzEbd9roSuXQSrtoL9v90fgZ/qHiH+OLo5ETZUon82tl3yKPUBhqzsqbug9W7Z4LClU1bnxYLg6jVCCmFmT58QVnRN3AL0Q5hsE=,VVfmDBCaIS27hWWe8sirLhAWZ2kroPd/wcOo0uqeBwY=,qsdNaYZahKFnpXs2siKAjgHm1pHpDaUMzFy+ifSxa2w=,n8s8Vwl/TRiPFEGWsdBMM8K3kffPoZzwHzdcxZ/FO5E=,1'
}
[2026-09-02T20:49:42.846Z] INFO QR code (scan with WhatsApp Linked Devices):
 https://wa.me/settings/linked_devices#2@CzEbd9roSuXQSrtoL9v90fgZ/qHiH+OLo5ETZUon82tl3yKPUBhqzsqbug9W7Z4LClU1bnxYLg6jVCCmFmT58QVnRN3AL0Q5hsE=,VVfmDBCaIS27hWWe8sirLhAWZ2kroPd/wcOo0uqeBwY=,qsdNaYZahKFnpXs2siKAjgHm1pHpDaUMzFy+ifSxa2w=,n8s8Vwl/TRiPFEGWsdBMM8K3kffPoZzwHzdcxZ/FO5E=,1
[2026-09-02T20:50:02.860Z] INFO connection update full: {
  qr: 'https://wa.me/settings/linked_devices#2@Rk0cCGr72vKlMeQU/j+WKSOPgCVaowSKGAoN2AqSNuf/jcDXaA+VdgPvt30MRX8Jm8eBUb+ixrGN/DGVVE/zLaIZfWvhzPaP9n0=,VVfmDBCaIS27hWWe8sirLhAWZ2kroPd/wcOo0uqeBwY=,qsdNaYZahKFnpXs2siKAjgHm1pHpDaUMzFy+ifSxa2w=,n8s8Vwl/TRiPFEGWsdBMM8K3kffPoZzwHzdcxZ/FO5E=,1'
}
[2026-09-02T20:50:02.862Z] INFO QR code (scan with WhatsApp Linked Devices):
 https://wa.me/settings/linked_devices#2@Rk0cCGr72vKlMeQU/j+WKSOPgCVaowSKGAoN2AqSNuf/jcDXaA+VdgPvt30MRX8Jm8eBUb+ixrGN/DGVVE/zLaIZfWvhzPaP9n0=,VVfmDBCaIS27hWWe8sirLhAWZ2kroPd/wcOo0uqeBwY=,qsdNaYZahKFnpXs2siKAjgHm1pHpDaUMzFy+ifSxa2w=,n8s8Vwl/TRiPFEGWsdBMM8K3kffPoZzwHzdcxZ/FO5E=,1
[2026-09-02T20:50:22.872Z] INFO connection update full: {
  qr: 'https://wa.me/settings/linked_devices#2@L5NudZBKTesgPcaDBkyMEGscAHafY0Cuu/NQ5IPTkzn08CrDIDv1GGbQGg/eCxCCYWnFDDdh4eZC01sO0xZ5gyWODgbo3fK+09w=,VVfmDBCaIS27hWWe8sirLhAWZ2kroPd/wcOo0uqeBwY=,qsdNaYZahKFnpXs2siKAjgHm1pHpDaUMzFy+ifSxa2w=,n8s8Vwl/TRiPFEGWsdBMM8K3kffPoZzwHzdcxZ/FO5E=,1'
}
[2026-09-02T20:50:22.873Z] INFO QR code (scan with WhatsApp Linked Devices):
 https://wa.me/settings/linked_devices#2@L5NudZBKTesgPcaDBkyMEGscAHafY0Cuu/NQ5IPTkzn08CrDIDv1GGbQGg/eCxCCYWnFDDdh4eZC01sO0xZ5gyWODgbo3fK+09w=,VVfmDBCaIS27hWWe8sirLhAWZ2kroPd/wcOo0uqeBwY=,qsdNaYZahKFnpXs2siKAjgHm1pHpDaUMzFy+ifSxa2w=,n8s8Vwl/TRiPFEGWsdBMM8K3kffPoZzwHzdcxZ/FO5E=,1
[2026-09-02T20:50:42.875Z] INFO connection update full: {
  qr: 'https://wa.me/settings/linked_devices#2@5pBXbflnk3Dq5ogYoqdB74u5h7UE1D0G+O5h/OcdYoVK4SgsJ62RuPDhuv4MqoC06Ql/AIvoLuw4O6/IgVYsSNWTSkIOYuabuIY=,VVfmDBCaIS27hWWe8sirLhAWZ2kroPd/wcOo0uqeBwY=,qsdNaYZahKFnpXs2siKAjgHm1pHpDaUMzFy+ifSxa2w=,n8s8Vwl/TRiPFEGWsdBMM8K3kffPoZzwHzdcxZ/FO5E=,1'
}
[2026-09-02T20:50:42.875Z] INFO QR code (scan with WhatsApp Linked Devices):
 https://wa.me/settings/linked_devices#2@5pBXbflnk3Dq5ogYoqdB74u5h7UE1D0G+O5h/OcdYoVK4SgsJ62RuPDhuv4MqoC06Ql/AIvoLuw4O6/IgVYsSNWTSkIOYuabuIY=,VVfmDBCaIS27hWWe8sirLhAWZ2kroPd/wcOo0uqeBwY=,qsdNaYZahKFnpXs2siKAjgHm1pHpDaUMzFy+ifSxa2w=,n8s8Vwl/TRiPFEGWsdBMM8K3kffPoZzwHzdcxZ/FO5E=,1
[2026-09-02T20:51:03.228Z] INFO connection update full: {
  connection: 'close',
  lastDisconnect: {
    error: Error: QR refs attempts ended
        at Timeout.genPairQR [as _onTimeout] (file:///C:/Users/shadr.JARVIS/Desktop/DotVV/node_modules/@whiskeysockets/baileys/lib/Socket/socket.js:716:26)
        at listOnTimeout (node:internal/timers:605:17)
        at process.processTimers (node:internal/timers:541:7) {
      data: null,
      isBoom: true,
      isServer: false,
      output: {
        statusCode: 408,
        payload: {
          statusCode: 408,
          error: 'Request Time-out',
          message: 'QR refs attempts ended'
        },
        headers: {}
      }
    },
    date: 2026-09-02T20:51:03.228Z
  }
}
[2026-09-02T20:51:03.228Z] INFO connection update: close
[2026-09-02T20:51:03.228Z] INFO connection closed Error: QR refs attempts ended
    at Timeout.genPairQR [as _onTimeout] (file:///C:/Users/shadr.JARVIS/Desktop/DotVV/node_modules/@whiskeysockets/baileys/lib/Socket/socket.js:716:26)
    at listOnTimeout (node:internal/timers:605:17)
    at process.processTimers (node:internal/timers:541:7)
[2026-09-02T20:51:03.228Z] INFO lastDisconnect.error full: Error: QR refs attempts ended
    at Timeout.genPairQR [as _onTimeout] (file:///C:/Users/shadr.JARVIS/Desktop/DotVV/node_modules/@whiskeysockets/baileys/lib/Socket/socket.js:716:26)
    at listOnTimeout (node:internal/timers:605:17)
    at process.processTimers (node:internal/timers:541:7) {
  data: null,
  isBoom: true,
  isServer: false,
  output: {
    statusCode: 408,
    payload: {
      statusCode: 408,
      error: 'Request Time-out',
      message: 'QR refs attempts ended'
    },
    headers: {}
  }
}
[2026-09-02T20:51:03.228Z] INFO lastDisconnect.error.output.payload: {
  statusCode: 408,
  error: 'Request Time-out',
  message: 'QR refs attempts ended'
}
[2026-09-02T20:51:03.229Z] INFO reconnecting in 16832ms (attempt 4/5)
[2026-09-02T20:51:20.683Z] INFO P3TROHOLIC bot started. Scan QR in terminal to authenticate.
[2026-09-02T20:51:20.684Z] INFO connection update full: {
  connection: 'connecting',
  receivedPendingNotifications: false,
  qr: undefined
}
[2026-09-02T20:51:20.684Z] INFO connection update: connecting
[2026-09-02T20:51:21.565Z] INFO connection update full: {
  qr: 'https://wa.me/settings/linked_devices#2@C5wz2rrt40/MnPVbQjQGegY/A8TXAKP5k0/OehxweUiXXmOO3TLYHuv/C1k5zyVXAF3gVk7vQP5kXBQoL8xIj9QVU8sCknembpM=,4u6kcPXpRiOESM0U2VbrGqhymMhFN0PYVQeckzOvHCU=,xm18Iy55nk2GGdG42cIeX7FbRsvM+2Y88SYxKbuLqXA=,BKHmkQ8Eyf3QaLjZjM3qgY2qSgQUZi51pCKtQj6lqD4=,1'
}
[2026-09-02T20:51:21.565Z] INFO QR code (scan with WhatsApp Linked Devices):
 https://wa.me/settings/linked_devices#2@C5wz2rrt40/MnPVbQjQGegY/A8TXAKP5k0/OehxweUiXXmOO3TLYHuv/C1k5zyVXAF3gVk7vQP5kXBQoL8xIj9QVU8sCknembpM=,4u6kcPXpRiOESM0U2VbrGqhymMhFN0PYVQeckzOvHCU=,xm18Iy55nk2GGdG42cIeX7FbRsvM+2Y88SYxKbuLqXA=,BKHmkQ8Eyf3QaLjZjM3qgY2qSgQUZi51pCKtQj6lqD4=,1
[2026-09-02T20:52:21.573Z] INFO connection update full: {
  qr: 'https://wa.me/settings/linked_devices#2@HSAPHT96GeuljoHuyBr1puipGKL3RNDa0kQ9IDYnllvJfhd9+OEyzc7R0nPU21eGW2O09S/7HcLGHpjYlmFZyRSu0U30Rcoux9w=,4u6kcPXpRiOESM0U2VbrGqhymMhFN0PYVQeckzOvHCU=,xm18Iy55nk2GGdG42cIeX7FbRsvM+2Y88SYxKbuLqXA=,BKHmkQ8Eyf3QaLjZjM3qgY2qSgQUZi51pCKtQj6lqD4=,1'
}
[2026-09-02T20:52:21.574Z] INFO QR code (scan with WhatsApp Linked Devices):
 https://wa.me/settings/linked_devices#2@HSAPHT96GeuljoHuyBr1puipGKL3RNDa0kQ9IDYnllvJfhd9+OEyzc7R0nPU21eGW2O09S/7HcLGHpjYlmFZyRSu0U30Rcoux9w=,4u6kcPXpRiOESM0U2VbrGqhymMhFN0PYVQeckzOvHCU=,xm18Iy55nk2GGdG42cIeX7FbRsvM+2Y88SYxKbuLqXA=,BKHmkQ8Eyf3QaLjZjM3qgY2qSgQUZi51pCKtQj6lqD4=,1
[2026-09-02T20:52:41.589Z] INFO connection update full: {
  qr: 'https://wa.me/settings/linked_devices#2@B0SDDq2rIBn8sqv9zqOJF5j1Lzv5ZSeyY2p4IMtJiGEWF4HAtTd6Bj3PjZ4lgbfYQ7NeUjdPgdWamq9bwRFswPbFoKx3evcVz3w=,4u6kcPXpRiOESM0U2VbrGqhymMhFN0PYVQeckzOvHCU=,xm18Iy55nk2GGdG42cIeX7FbRsvM+2Y88SYxKbuLqXA=,BKHmkQ8Eyf3QaLjZjM3qgY2qSgQUZi51pCKtQj6lqD4=,1'
}
[2026-09-02T20:52:41.589Z] INFO QR code (scan with WhatsApp Linked Devices):
 https://wa.me/settings/linked_devices#2@B0SDDq2rIBn8sqv9zqOJF5j1Lzv5ZSeyY2p4IMtJiGEWF4HAtTd6Bj3PjZ4lgbfYQ7NeUjdPgdWamq9bwRFswPbFoKx3evcVz3w=,4u6kcPXpRiOESM0U2VbrGqhymMhFN0PYVQeckzOvHCU=,xm18Iy55nk2GGdG42cIeX7FbRsvM+2Y88SYxKbuLqXA=,BKHmkQ8Eyf3QaLjZjM3qgY2qSgQUZi51pCKtQj6lqD4=,1
[2026-09-02T20:53:01.603Z] INFO connection update full: {
  qr: 'https://wa.me/settings/linked_devices#2@D9KiPTeXlqbUmGmZpEARCfg5lPmYd3qh7IkxHymgAbJqqDYfeFmFyG16OxeOltk3d7TxLzg+UoRRfpdP5PltYH5yx8nISP5I7ig=,4u6kcPXpRiOESM0U2VbrGqhymMhFN0PYVQeckzOvHCU=,xm18Iy55nk2GGdG42cIeX7FbRsvM+2Y88SYxKbuLqXA=,BKHmkQ8Eyf3QaLjZjM3qgY2qSgQUZi51pCKtQj6lqD4=,1'
}
[2026-09-02T20:53:01.603Z] INFO QR code (scan with WhatsApp Linked Devices):
 https://wa.me/settings/linked_devices#2@D9KiPTeXlqbUmGmZpEARCfg5lPmYd3qh7IkxHymgAbJqqDYfeFmFyG16OxeOltk3d7TxLzg+UoRRfpdP5PltYH5yx8nISP5I7ig=,4u6kcPXpRiOESM0U2VbrGqhymMhFN0PYVQeckzOvHCU=,xm18Iy55nk2GGdG42cIeX7FbRsvM+2Y88SYxKbuLqXA=,BKHmkQ8Eyf3QaLjZjM3qgY2qSgQUZi51pCKtQj6lqD4=,1
[2026-09-02T20:53:21.618Z] INFO connection update full: {
  qr: 'https://wa.me/settings/linked_devices#2@1xObuT0DfRGlEqk6NUTqtMfNDnmRgy/iiS8Q5Q2l35XCnyR1FZL0C4SRXqfmuygus338Vd85L5tiVT4Gji/9yv+TlJ2HgCOeoAU=,4u6kcPXpRiOESM0U2VbrGqhymMhFN0PYVQeckzOvHCU=,xm18Iy55nk2GGdG42cIeX7FbRsvM+2Y88SYxKbuLqXA=,BKHmkQ8Eyf3QaLjZjM3qgY2qSgQUZi51pCKtQj6lqD4=,1'
}
[2026-09-02T20:53:21.618Z] INFO QR code (scan with WhatsApp Linked Devices):
 https://wa.me/settings/linked_devices#2@1xObuT0DfRGlEqk6NUTqtMfNDnmRgy/iiS8Q5Q2l35XCnyR1FZL0C4SRXqfmuygus338Vd85L5tiVT4Gji/9yv+TlJ2HgCOeoAU=,4u6kcPXpRiOESM0U2VbrGqhymMhFN0PYVQeckzOvHCU=,xm18Iy55nk2GGdG42cIeX7FbRsvM+2Y88SYxKbuLqXA=,BKHmkQ8Eyf3QaLjZjM3qgY2qSgQUZi51pCKtQj6lqD4=,1
[2026-09-02T20:53:41.630Z] INFO connection update full: {
  qr: 'https://wa.me/settings/linked_devices#2@ZUuup3AnbBDFcECdqR4wWjsph+v/+QvlAOxA+jSbHyysG+FDIrGNQ5okcyFw39Jz2IKCDK1VD1QlIuoyh55PFy55fG8Cm3Tgwks=,4u6kcPXpRiOESM0U2VbrGqhymMhFN0PYVQeckzOvHCU=,xm18Iy55nk2GGdG42cIeX7FbRsvM+2Y88SYxKbuLqXA=,BKHmkQ8Eyf3QaLjZjM3qgY2qSgQUZi51pCKtQj6lqD4=,1'
}
[2026-09-02T20:53:41.631Z] INFO QR code (scan with WhatsApp Linked Devices):
 https://wa.me/settings/linked_devices#2@ZUuup3AnbBDFcECdqR4wWjsph+v/+QvlAOxA+jSbHyysG+FDIrGNQ5okcyFw39Jz2IKCDK1VD1QlIuoyh55PFy55fG8Cm3Tgwks=,4u6kcPXpRiOESM0U2VbrGqhymMhFN0PYVQeckzOvHCU=,xm18Iy55nk2GGdG42cIeX7FbRsvM+2Y88SYxKbuLqXA=,BKHmkQ8Eyf3QaLjZjM3qgY2qSgQUZi51pCKtQj6lqD4=,1
[2026-09-02T20:54:01.987Z] INFO connection update full: {
  connection: 'close',
  lastDisconnect: {
    error: Error: QR refs attempts ended
        at Timeout.genPairQR [as _onTimeout] (file:///C:/Users/shadr.JARVIS/Desktop/DotVV/node_modules/@whiskeysockets/baileys/lib/Socket/socket.js:716:26)
        at listOnTimeout (node:internal/timers:605:17)
        at process.processTimers (node:internal/timers:541:7) {
      data: null,
      isBoom: true,
      isServer: false,
      output: {
        statusCode: 408,
        payload: {
          statusCode: 408,
          error: 'Request Time-out',
          message: 'QR refs attempts ended'
        },
        headers: {}
      }
    },
    date: 2026-09-02T20:54:01.987Z
  }
}
[2026-09-02T20:54:01.987Z] INFO connection update: close
[2026-09-02T20:54:01.987Z] INFO connection closed Error: QR refs attempts ended
    at Timeout.genPairQR [as _onTimeout] (file:///C:/Users/shadr.JARVIS/Desktop/DotVV/node_modules/@whiskeysockets/baileys/lib/Socket/socket.js:716:26)
    at listOnTimeout (node:internal/timers:605:17)
    at process.processTimers (node:internal/timers:541:7)
[2026-09-02T20:54:01.987Z] INFO lastDisconnect.error full: Error: QR refs attempts ended
    at Timeout.genPairQR [as _onTimeout] (file:///C:/Users/shadr.JARVIS/Desktop/DotVV/node_modules/@whiskeysockets/baileys/lib/Socket/socket.js:716:26)
    at listOnTimeout (node:internal/timers:605:17)
    at process.processTimers (node:internal/timers:541:7) {
  data: null,
  isBoom: true,
  isServer: false,
  output: {
    statusCode: 408,
    payload: {
      statusCode: 408,
      error: 'Request Time-out',
      message: 'QR refs attempts ended'
    },
    headers: {}
  }
}
[2026-09-02T20:54:01.987Z] INFO lastDisconnect.error.output.payload: {
  statusCode: 408,
  error: 'Request Time-out',
  message: 'QR refs attempts ended'
}
[2026-09-02T20:54:01.987Z] INFO reconnecting in 30135ms (attempt 5/5)
[2026-09-02T20:54:32.669Z] INFO P3TROHOLIC bot started. Scan QR in terminal to authenticate.
[2026-09-02T20:54:32.670Z] INFO connection update full: {
  connection: 'connecting',
  receivedPendingNotifications: false,
  qr: undefined
}
[2026-09-02T20:54:32.670Z] INFO connection update: connecting
[2026-09-02T20:54:33.460Z] INFO connection update full: {
  qr: 'https://wa.me/settings/linked_devices#2@JcTBECo2A4Nz3iW6vfBPOVIyp3R8vxviprOdG9jcCnbCrvtWkFtvCq/KItfKadeQPHJmfGS/lO/bxDZ3sJerq2MJ4d3oTaCU0Z8=,BgOj4iCzaYSg7eThqGQW4fNqFvm7+j9XCWdH++B7Bg8=,jEfpIy97Ea+aiUuxkdkMcLMr9MmxVizwheQrT69sTyg=,AZIWZKHAQGprFuGO72L6cGIjTmah5fm8076MZ4Q+dAI=,1'
}
[2026-09-02T20:54:33.461Z] INFO QR code (scan with WhatsApp Linked Devices):
 https://wa.me/settings/linked_devices#2@JcTBECo2A4Nz3iW6vfBPOVIyp3R8vxviprOdG9jcCnbCrvtWkFtvCq/KItfKadeQPHJmfGS/lO/bxDZ3sJerq2MJ4d3oTaCU0Z8=,BgOj4iCzaYSg7eThqGQW4fNqFvm7+j9XCWdH++B7Bg8=,jEfpIy97Ea+aiUuxkdkMcLMr9MmxVizwheQrT69sTyg=,AZIWZKHAQGprFuGO72L6cGIjTmah5fm8076MZ4Q+dAI=,1
[2026-09-02T20:55:33.485Z] INFO connection update full: {
  qr: 'https://wa.me/settings/linked_devices#2@TNCDiYliskH+9/b95HFiUqzmjnCj0vaWITp/fpCs//UP+r62mEoDaCcv7ZcHXxnwwjI4mYjXLWPWGeZGDl3i84vNWmIgjqroHV4=,BgOj4iCzaYSg7eThqGQW4fNqFvm7+j9XCWdH++B7Bg8=,jEfpIy97Ea+aiUuxkdkMcLMr9MmxVizwheQrT69sTyg=,AZIWZKHAQGprFuGO72L6cGIjTmah5fm8076MZ4Q+dAI=,1'
}
[2026-09-02T20:55:33.490Z] INFO QR code (scan with WhatsApp Linked Devices):
 https://wa.me/settings/linked_devices#2@TNCDiYliskH+9/b95HFiUqzmjnCj0vaWITp/fpCs//UP+r62mEoDaCcv7ZcHXxnwwjI4mYjXLWPWGeZGDl3i84vNWmIgjqroHV4=,BgOj4iCzaYSg7eThqGQW4fNqFvm7+j9XCWdH++B7Bg8=,jEfpIy97Ea+aiUuxkdkMcLMr9MmxVizwheQrT69sTyg=,AZIWZKHAQGprFuGO72L6cGIjTmah5fm8076MZ4Q+dAI=,1
[2026-09-02T20:55:53.346Z] INFO P3TROHOLIC bot started. Scan QR in terminal to authenticate.
[2026-09-02T20:55:53.349Z] INFO connection update full: {
  connection: 'connecting',
  receivedPendingNotifications: false,
  qr: undefined
}
[2026-09-02T20:55:53.350Z] INFO connection update: connecting
[2026-09-02T20:55:53.496Z] INFO connection update full: {
  qr: 'https://wa.me/settings/linked_devices#2@4NFy6HD+ktZH3uWkxoG6PLRTV+WJFtIySwaWekVC5BWwuJwHjr5FRF0XnQK5zxBSsdU4aJv1yYr+TfugtnyIFweNiGiVEg+8DRU=,BgOj4iCzaYSg7eThqGQW4fNqFvm7+j9XCWdH++B7Bg8=,jEfpIy97Ea+aiUuxkdkMcLMr9MmxVizwheQrT69sTyg=,AZIWZKHAQGprFuGO72L6cGIjTmah5fm8076MZ4Q+dAI=,1'
}
[2026-09-02T20:55:53.496Z] INFO QR code (scan with WhatsApp Linked Devices):
 https://wa.me/settings/linked_devices#2@4NFy6HD+ktZH3uWkxoG6PLRTV+WJFtIySwaWekVC5BWwuJwHjr5FRF0XnQK5zxBSsdU4aJv1yYr+TfugtnyIFweNiGiVEg+8DRU=,BgOj4iCzaYSg7eThqGQW4fNqFvm7+j9XCWdH++B7Bg8=,jEfpIy97Ea+aiUuxkdkMcLMr9MmxVizwheQrT69sTyg=,AZIWZKHAQGprFuGO72L6cGIjTmah5fm8076MZ4Q+dAI=,1
[2026-09-02T20:55:54.355Z] INFO connection update full: {
  qr: 'https://wa.me/settings/linked_devices#2@iCkDrwCrD0JOqP21rvc+us6yUSlwlqaMkGbPY6Kl8FrsKQyNB524Vq+lQEdBSC/EhqlrVls9DH5fsP0qONBfAFjZyS1vIeOHdjc=,siEV2dEqDHUG/9P/eruR+qH+l2uYfqCcKS0Z8iDUhww=,Pyz8aaX/L5/kQRPgj4QDRtvj3K1zeOTfRUpsvAUMAgU=,SWZrV1lK87VrWSL6qaQakt9OSbTFpC/aQF3q7hXpKfw=,1'
}
[2026-09-02T20:55:54.355Z] INFO QR code (scan with WhatsApp Linked Devices):
 https://wa.me/settings/linked_devices#2@iCkDrwCrD0JOqP21rvc+us6yUSlwlqaMkGbPY6Kl8FrsKQyNB524Vq+lQEdBSC/EhqlrVls9DH5fsP0qONBfAFjZyS1vIeOHdjc=,siEV2dEqDHUG/9P/eruR+qH+l2uYfqCcKS0Z8iDUhww=,Pyz8aaX/L5/kQRPgj4QDRtvj3K1zeOTfRUpsvAUMAgU=,SWZrV1lK87VrWSL6qaQakt9OSbTFpC/aQF3q7hXpKfw=,1
[2026-09-02T20:56:13.510Z] INFO connection update full: {
  qr: 'https://wa.me/settings/linked_devices#2@NDlNkDP3nJgnXPZD4eKcE06RSYpwm9KKEnoCr7keu42GLPZDIPJL7nVcQJrJde4uhDmVRftPxGyYjmnvDNKPAatoHb1gYxeJ2H8=,BgOj4iCzaYSg7eThqGQW4fNqFvm7+j9XCWdH++B7Bg8=,jEfpIy97Ea+aiUuxkdkMcLMr9MmxVizwheQrT69sTyg=,AZIWZKHAQGprFuGO72L6cGIjTmah5fm8076MZ4Q+dAI=,1'
}
[2026-09-02T20:56:13.510Z] INFO QR code (scan with WhatsApp Linked Devices):
 https://wa.me/settings/linked_devices#2@NDlNkDP3nJgnXPZD4eKcE06RSYpwm9KKEnoCr7keu42GLPZDIPJL7nVcQJrJde4uhDmVRftPxGyYjmnvDNKPAatoHb1gYxeJ2H8=,BgOj4iCzaYSg7eThqGQW4fNqFvm7+j9XCWdH++B7Bg8=,jEfpIy97Ea+aiUuxkdkMcLMr9MmxVizwheQrT69sTyg=,AZIWZKHAQGprFuGO72L6cGIjTmah5fm8076MZ4Q+dAI=,1
[2026-09-02T20:56:33.524Z] INFO connection update full: {
  qr: 'https://wa.me/settings/linked_devices#2@owCER30VMS/I05Rjv8AkmfNeM7rFgtDh0Q7OlsOQDsgKxD2ck0OciggG8a7XHd417BwHNlRTdxgPFlyKgPAWvud1mtheJ//mcBc=,BgOj4iCzaYSg7eThqGQW4fNqFvm7+j9XCWdH++B7Bg8=,jEfpIy97Ea+aiUuxkdkMcLMr9MmxVizwheQrT69sTyg=,AZIWZKHAQGprFuGO72L6cGIjTmah5fm8076MZ4Q+dAI=,1'
}
[2026-09-02T20:56:33.524Z] INFO QR code (scan with WhatsApp Linked Devices):
 https://wa.me/settings/linked_devices#2@owCER30VMS/I05Rjv8AkmfNeM7rFgtDh0Q7OlsOQDsgKxD2ck0OciggG8a7XHd417BwHNlRTdxgPFlyKgPAWvud1mtheJ//mcBc=,BgOj4iCzaYSg7eThqGQW4fNqFvm7+j9XCWdH++B7Bg8=,jEfpIy97Ea+aiUuxkdkMcLMr9MmxVizwheQrT69sTyg=,AZIWZKHAQGprFuGO72L6cGIjTmah5fm8076MZ4Q+dAI=,1
[2026-09-02T20:56:53.530Z] INFO connection update full: {
  qr: 'https://wa.me/settings/linked_devices#2@98XR8mK1Ihso8NmgYHdo6ZciDqIQ1tzn+g3Ezbl/aeGWZICRxXK9428oC4MGbuYH9VUXWwAtoihuydARDctCqL2J6N/T6eQ1oDs=,BgOj4iCzaYSg7eThqGQW4fNqFvm7+j9XCWdH++B7Bg8=,jEfpIy97Ea+aiUuxkdkMcLMr9MmxVizwheQrT69sTyg=,AZIWZKHAQGprFuGO72L6cGIjTmah5fm8076MZ4Q+dAI=,1'
}
[2026-09-02T20:56:53.531Z] INFO QR code (scan with WhatsApp Linked Devices):
 https://wa.me/settings/linked_devices#2@98XR8mK1Ihso8NmgYHdo6ZciDqIQ1tzn+g3Ezbl/aeGWZICRxXK9428oC4MGbuYH9VUXWwAtoihuydARDctCqL2J6N/T6eQ1oDs=,BgOj4iCzaYSg7eThqGQW4fNqFvm7+j9XCWdH++B7Bg8=,jEfpIy97Ea+aiUuxkdkMcLMr9MmxVizwheQrT69sTyg=,AZIWZKHAQGprFuGO72L6cGIjTmah5fm8076MZ4Q+dAI=,1
[2026-09-02T20:56:54.374Z] INFO connection update full: {
  qr: 'https://wa.me/settings/linked_devices#2@/6LZvdk/1iqYDRcV8ulYK4AxLz8/mobt2IgthjFd3djNWyTYE4N2a7r2yhdIsS0JtsxELSzKvOSQvA/W8H+t0mywe2UwX+ZJC2Q=,siEV2dEqDHUG/9P/eruR+qH+l2uYfqCcKS0Z8iDUhww=,Pyz8aaX/L5/kQRPgj4QDRtvj3K1zeOTfRUpsvAUMAgU=,SWZrV1lK87VrWSL6qaQakt9OSbTFpC/aQF3q7hXpKfw=,1'
}
[2026-09-02T20:56:54.375Z] INFO QR code (scan with WhatsApp Linked Devices):
 https://wa.me/settings/linked_devices#2@/6LZvdk/1iqYDRcV8ulYK4AxLz8/mobt2IgthjFd3djNWyTYE4N2a7r2yhdIsS0JtsxELSzKvOSQvA/W8H+t0mywe2UwX+ZJC2Q=,siEV2dEqDHUG/9P/eruR+qH+l2uYfqCcKS0Z8iDUhww=,Pyz8aaX/L5/kQRPgj4QDRtvj3K1zeOTfRUpsvAUMAgU=,SWZrV1lK87VrWSL6qaQakt9OSbTFpC/aQF3q7hXpKfw=,1
[2026-09-02T20:57:13.901Z] INFO connection update full: {
  connection: 'close',
  lastDisconnect: {
    error: Error: QR refs attempts ended
        at Timeout.genPairQR [as _onTimeout] (file:///C:/Users/shadr.JARVIS/Desktop/DotVV/node_modules/@whiskeysockets/baileys/lib/Socket/socket.js:716:26)
        at listOnTimeout (node:internal/timers:605:17)
        at process.processTimers (node:internal/timers:541:7) {
      data: null,
      isBoom: true,
      isServer: false,
      output: {
        statusCode: 408,
        payload: {
          statusCode: 408,
          error: 'Request Time-out',
          message: 'QR refs attempts ended'
        },
        headers: {}
      }
    },
    date: 2026-09-02T20:57:13.901Z
  }
}
[2026-09-02T20:57:13.901Z] INFO connection update: close
[2026-09-02T20:57:13.901Z] INFO connection closed Error: QR refs attempts ended
    at Timeout.genPairQR [as _onTimeout] (file:///C:/Users/shadr.JARVIS/Desktop/DotVV/node_modules/@whiskeysockets/baileys/lib/Socket/socket.js:716:26)
    at listOnTimeout (node:internal/timers:605:17)
    at process.processTimers (node:internal/timers:541:7)
[2026-09-02T20:57:13.901Z] INFO lastDisconnect.error full: Error: QR refs attempts ended
    at Timeout.genPairQR [as _onTimeout] (file:///C:/Users/shadr.JARVIS/Desktop/DotVV/node_modules/@whiskeysockets/baileys/lib/Socket/socket.js:716:26)
    at listOnTimeout (node:internal/timers:605:17)
    at process.processTimers (node:internal/timers:541:7) {
  data: null,
  isBoom: true,
  isServer: false,
  output: {
    statusCode: 408,
    payload: {
      statusCode: 408,
      error: 'Request Time-out',
      message: 'QR refs attempts ended'
    },
    headers: {}
  }
}
[2026-09-02T20:57:13.902Z] INFO lastDisconnect.error.output.payload: {
  statusCode: 408,
  error: 'Request Time-out',
  message: 'QR refs attempts ended'
}
[2026-09-02T20:57:13.902Z] INFO Max reconnect attempts reached — give up. Check network or try again later.
[2026-09-02T20:57:14.381Z] INFO connection update full: {
  qr: 'https://wa.me/settings/linked_devices#2@ThnWEr5XvJhef+8ydcoi4iPPkuCsPhwN6QrwBbgqLCBLpE3/BLjlsluVBqsfhE9wHpMuuoNMcPaIsgvmtyIxbR2wRVqVV1y+AB0=,siEV2dEqDHUG/9P/eruR+qH+l2uYfqCcKS0Z8iDUhww=,Pyz8aaX/L5/kQRPgj4QDRtvj3K1zeOTfRUpsvAUMAgU=,SWZrV1lK87VrWSL6qaQakt9OSbTFpC/aQF3q7hXpKfw=,1'
}
[2026-09-02T20:57:14.381Z] INFO QR code (scan with WhatsApp Linked Devices):
 https://wa.me/settings/linked_devices#2@ThnWEr5XvJhef+8ydcoi4iPPkuCsPhwN6QrwBbgqLCBLpE3/BLjlsluVBqsfhE9wHpMuuoNMcPaIsgvmtyIxbR2wRVqVV1y+AB0=,siEV2dEqDHUG/9P/eruR+qH+l2uYfqCcKS0Z8iDUhww=,Pyz8aaX/L5/kQRPgj4QDRtvj3K1zeOTfRUpsvAUMAgU=,SWZrV1lK87VrWSL6qaQakt9OSbTFpC/aQF3q7hXpKfw=,1
[2026-09-02T20:57:34.394Z] INFO connection update full: {
  qr: 'https://wa.me/settings/linked_devices#2@XztolaIaV5HYNrvo4vu5eTmQqwW1Z8/XrK8/DVeaoyom9U/pWeiEGJAgH2OkxcJEizMieFD3YI7gl5sRcgY4ZIgPa1rt+EeHmdI=,siEV2dEqDHUG/9P/eruR+qH+l2uYfqCcKS0Z8iDUhww=,Pyz8aaX/L5/kQRPgj4QDRtvj3K1zeOTfRUpsvAUMAgU=,SWZrV1lK87VrWSL6qaQakt9OSbTFpC/aQF3q7hXpKfw=,1'
}
[2026-09-02T20:57:34.394Z] INFO QR code (scan with WhatsApp Linked Devices):
 https://wa.me/settings/linked_devices#2@XztolaIaV5HYNrvo4vu5eTmQqwW1Z8/XrK8/DVeaoyom9U/pWeiEGJAgH2OkxcJEizMieFD3YI7gl5sRcgY4ZIgPa1rt+EeHmdI=,siEV2dEqDHUG/9P/eruR+qH+l2uYfqCcKS0Z8iDUhww=,Pyz8aaX/L5/kQRPgj4QDRtvj3K1zeOTfRUpsvAUMAgU=,SWZrV1lK87VrWSL6qaQakt9OSbTFpC/aQF3q7hXpKfw=,1
[2026-09-02T20:57:54.408Z] INFO connection update full: {
  qr: 'https://wa.me/settings/linked_devices#2@joXjZlMfgQT3Y3T1jmWZ+yY978VdgSkoq5pwHXBx1tyi4xpWhZYpVCvK2JsIB6fzXF387FHOsWi6BDnD8M2wPjDNW9iVxNNmL0k=,siEV2dEqDHUG/9P/eruR+qH+l2uYfqCcKS0Z8iDUhww=,Pyz8aaX/L5/kQRPgj4QDRtvj3K1zeOTfRUpsvAUMAgU=,SWZrV1lK87VrWSL6qaQakt9OSbTFpC/aQF3q7hXpKfw=,1'
}
[2026-09-02T20:57:54.408Z] INFO QR code (scan with WhatsApp Linked Devices):
 https://wa.me/settings/linked_devices#2@joXjZlMfgQT3Y3T1jmWZ+yY978VdgSkoq5pwHXBx1tyi4xpWhZYpVCvK2JsIB6fzXF387FHOsWi6BDnD8M2wPjDNW9iVxNNmL0k=,siEV2dEqDHUG/9P/eruR+qH+l2uYfqCcKS0Z8iDUhww=,Pyz8aaX/L5/kQRPgj4QDRtvj3K1zeOTfRUpsvAUMAgU=,SWZrV1lK87VrWSL6qaQakt9OSbTFpC/aQF3q7hXpKfw=,1
[2026-09-02T20:58:14.424Z] INFO connection update full: {
  qr: 'https://wa.me/settings/linked_devices#2@aCJAfBEuQPo62Kyw+MSoXAW6JwvZypUA07E/495uKaVL8SRHYN9YC3XMX7dloEqthUIl1WidSLmIaPmQ1LqXU6g8Mxw0jIi3ADY=,siEV2dEqDHUG/9P/eruR+qH+l2uYfqCcKS0Z8iDUhww=,Pyz8aaX/L5/kQRPgj4QDRtvj3K1zeOTfRUpsvAUMAgU=,SWZrV1lK87VrWSL6qaQakt9OSbTFpC/aQF3q7hXpKfw=,1'
}
[2026-09-02T20:58:14.424Z] INFO QR code (scan with WhatsApp Linked Devices):
 https://wa.me/settings/linked_devices#2@aCJAfBEuQPo62Kyw+MSoXAW6JwvZypUA07E/495uKaVL8SRHYN9YC3XMX7dloEqthUIl1WidSLmIaPmQ1LqXU6g8Mxw0jIi3ADY=,siEV2dEqDHUG/9P/eruR+qH+l2uYfqCcKS0Z8iDUhww=,Pyz8aaX/L5/kQRPgj4QDRtvj3K1zeOTfRUpsvAUMAgU=,SWZrV1lK87VrWSL6qaQakt9OSbTFpC/aQF3q7hXpKfw=,1
[2026-09-02T20:58:34.785Z] INFO connection update full: {
  connection: 'close',
  lastDisconnect: {
    error: Error: QR refs attempts ended
        at Timeout.genPairQR [as _onTimeout] (file:///C:/Users/shadr.JARVIS/Desktop/DotVV/node_modules/@whiskeysockets/baileys/lib/Socket/socket.js:716:26)
        at listOnTimeout (node:internal/timers:605:17)
        at process.processTimers (node:internal/timers:541:7) {
      data: null,
      isBoom: true,
      isServer: false,
      output: {
        statusCode: 408,
        payload: {
          statusCode: 408,
          error: 'Request Time-out',
          message: 'QR refs attempts ended'
        },
        headers: {}
      }
    },
    date: 2026-09-02T20:58:34.784Z
  }
}
[2026-09-02T20:58:34.785Z] INFO connection update: close
[2026-09-02T20:58:34.785Z] INFO connection closed Error: QR refs attempts ended
    at Timeout.genPairQR [as _onTimeout] (file:///C:/Users/shadr.JARVIS/Desktop/DotVV/node_modules/@whiskeysockets/baileys/lib/Socket/socket.js:716:26)
    at listOnTimeout (node:internal/timers:605:17)
    at process.processTimers (node:internal/timers:541:7)
[2026-09-02T20:58:34.786Z] INFO lastDisconnect.error full: Error: QR refs attempts ended
    at Timeout.genPairQR [as _onTimeout] (file:///C:/Users/shadr.JARVIS/Desktop/DotVV/node_modules/@whiskeysockets/baileys/lib/Socket/socket.js:716:26)
    at listOnTimeout (node:internal/timers:605:17)
    at process.processTimers (node:internal/timers:541:7) {
  data: null,
  isBoom: true,
  isServer: false,
  output: {
    statusCode: 408,
    payload: {
      statusCode: 408,
      error: 'Request Time-out',
      message: 'QR refs attempts ended'
    },
    headers: {}
  }
}
[2026-09-02T20:58:34.787Z] INFO lastDisconnect.error.output.payload: {
  statusCode: 408,
  error: 'Request Time-out',
  message: 'QR refs attempts ended'
}
[2026-09-02T20:58:34.787Z] INFO reconnecting in 2567ms (attempt 1/5)
[2026-09-02T20:58:37.889Z] INFO P3TROHOLIC bot started. Scan QR in terminal to authenticate.
[2026-09-02T20:58:37.889Z] INFO connection update full: {
  connection: 'connecting',
  receivedPendingNotifications: false,
  qr: undefined
}
[2026-09-02T20:58:37.889Z] INFO connection update: connecting
[2026-09-02T20:58:38.603Z] INFO connection update full: {
  qr: 'https://wa.me/settings/linked_devices#2@UiRzWKEpTXVtKkFdCXFFfzgnmM2bmI9qjCu8mUtryIQFhN+l/Nk5Q16diIBsx/fETVUnvdbRSMSeuKHN+XYg5gCbW5Qvzlhse/o=,++z56DDbgB6y6hts8V6A9p62kGarX+TkYHJdj5bnlyQ=,x8Be4Dz0NttAebAAWlZdejbb12DX+EfELQXwz/whC1s=,FjfUOfSyOfHCcdAjuyV4MJYNoaXvGEofu6HwzGvGGHU=,1'
}
[2026-09-02T20:58:38.604Z] INFO QR code (scan with WhatsApp Linked Devices):
 https://wa.me/settings/linked_devices#2@UiRzWKEpTXVtKkFdCXFFfzgnmM2bmI9qjCu8mUtryIQFhN+l/Nk5Q16diIBsx/fETVUnvdbRSMSeuKHN+XYg5gCbW5Qvzlhse/o=,++z56DDbgB6y6hts8V6A9p62kGarX+TkYHJdj5bnlyQ=,x8Be4Dz0NttAebAAWlZdejbb12DX+EfELQXwz/whC1s=,FjfUOfSyOfHCcdAjuyV4MJYNoaXvGEofu6HwzGvGGHU=,1
[2026-09-02T20:59:38.612Z] INFO connection update full: {
  qr: 'https://wa.me/settings/linked_devices#2@rXg2AeiV3nkbW274ClRfQj10/j9M1VU+x4BUriluXjHyzsnNdJfMgoitNtHka5PPe7lh4RYGmWamhQohDcvPLhpPsU+MaR8Btmg=,++z56DDbgB6y6hts8V6A9p62kGarX+TkYHJdj5bnlyQ=,x8Be4Dz0NttAebAAWlZdejbb12DX+EfELQXwz/whC1s=,FjfUOfSyOfHCcdAjuyV4MJYNoaXvGEofu6HwzGvGGHU=,1'
}
[2026-09-02T20:59:38.612Z] INFO QR code (scan with WhatsApp Linked Devices):
 https://wa.me/settings/linked_devices#2@rXg2AeiV3nkbW274ClRfQj10/j9M1VU+x4BUriluXjHyzsnNdJfMgoitNtHka5PPe7lh4RYGmWamhQohDcvPLhpPsU+MaR8Btmg=,++z56DDbgB6y6hts8V6A9p62kGarX+TkYHJdj5bnlyQ=,x8Be4Dz0NttAebAAWlZdejbb12DX+EfELQXwz/whC1s=,FjfUOfSyOfHCcdAjuyV4MJYNoaXvGEofu6HwzGvGGHU=,1
[2026-09-02T20:59:58.656Z] INFO connection update full: {
  qr: 'https://wa.me/settings/linked_devices#2@lGTZO2YmDyJtta1mbduWfh7fxNRaKUX/PNmWMbp3jrOo7NDAaQsZjHbT0QpSlIRJCTgpad37GRvfqsVzXDf200ATGb6fbbjtK8A=,++z56DDbgB6y6hts8V6A9p62kGarX+TkYHJdj5bnlyQ=,x8Be4Dz0NttAebAAWlZdejbb12DX+EfELQXwz/whC1s=,FjfUOfSyOfHCcdAjuyV4MJYNoaXvGEofu6HwzGvGGHU=,1'
}
[2026-09-02T20:59:58.660Z] INFO QR code (scan with WhatsApp Linked Devices):
 https://wa.me/settings/linked_devices#2@lGTZO2YmDyJtta1mbduWfh7fxNRaKUX/PNmWMbp3jrOo7NDAaQsZjHbT0QpSlIRJCTgpad37GRvfqsVzXDf200ATGb6fbbjtK8A=,++z56DDbgB6y6hts8V6A9p62kGarX+TkYHJdj5bnlyQ=,x8Be4Dz0NttAebAAWlZdejbb12DX+EfELQXwz/whC1s=,FjfUOfSyOfHCcdAjuyV4MJYNoaXvGEofu6HwzGvGGHU=,1
[2026-09-02T21:00:06.023Z] INFO P3TROHOLIC bot started. Scan QR in terminal to authenticate.
[2026-09-02T21:00:06.025Z] INFO connection update full: {
  connection: 'connecting',
  receivedPendingNotifications: false,
  qr: undefined
}
[2026-09-02T21:00:06.026Z] INFO connection update: connecting
[2026-09-02T21:00:07.097Z] INFO connection update full: {
  qr: 'https://wa.me/settings/linked_devices#2@+WPSwdwpMm01n5K9tYL4y/EiLYIZy5YIWznaNuZ64W53i5GdcFFAmEBvomCl1LeOfbx8+CkdI2E7swDKnG7qO19gTcaujyVOX34=,hPInQFnLxW4ntOpcrB3wzUAICIlXbmwp3qERnh1Iayc=,3lmjOfh8pWM3mgL8SvkypF/lHA+agErtZcYzr2yiwiE=,zE2MIY3VF8S+1QJ9R495Ld2KZPiXblalG00O+HtD4dQ=,1'
}
[2026-09-02T21:00:07.098Z] INFO QR code / link (scan or open with WhatsApp Linked Devices):
 https://wa.me/settings/linked_devices#2@+WPSwdwpMm01n5K9tYL4y/EiLYIZy5YIWznaNuZ64W53i5GdcFFAmEBvomCl1LeOfbx8+CkdI2E7swDKnG7qO19gTcaujyVOX34=,hPInQFnLxW4ntOpcrB3wzUAICIlXbmwp3qERnh1Iayc=,3lmjOfh8pWM3mgL8SvkypF/lHA+agErtZcYzr2yiwiE=,zE2MIY3VF8S+1QJ9R495Ld2KZPiXblalG00O+HtD4dQ=,1
[2026-09-02T21:00:07.128Z] INFO ▄▄▄▄▄▄▄▄▄▄▄▄▄▄▄▄▄▄▄▄▄▄▄▄▄▄▄▄▄▄▄▄▄▄▄▄▄▄▄▄▄▄▄▄▄▄▄▄▄▄▄▄▄▄▄▄▄▄▄▄▄▄▄
█ ▄▄▄▄▄ █▀▄  ▄▀█▀ ▄█▀▀██▀ ▄██▀▀▄▀▄▀▀▀▀▄▀▀▄▄▄ ▀▀▀▀█ █  █ ▄▄▄▄▄ █
█ █   █ █▀▀ ▄▄ █▀▄▀▀ ███▀▄▀▄█ ▄▄ ▀▄█ ▀ ▀ █▄ █▄▄█▀▀▀ ▄ █ █   █ █
█ █▄▄▄█ █▀▀▄█ ▄█▀▀█  █  ▄▄    ▄▄▄ ▄█ ▀ ▀▀█▄ █▀▀█▄ ▀ ▄██ █▄▄▄█ █
█▄▄▄▄▄▄▄█▄▀ █▄█ █▄▀ ▀▄█▄█ █ █ █▄█ ▀▄▀ ▀ ▀▄▀ █ ▀▄█▄▀▄▀ █▄▄▄▄▄▄▄█
█▄▄ ▄ █▄ ▄ ▄  ▀▀▄█▀ ▀▀▀▀▀ ▄▄▀ ▄▄ ▄▄█ ▄▄██▀   ▀██  ▄██▄▄▀ ▀▄█ ██
█▄▀▄▄▄█▄█▄▀▀ ▀▄▀ ▄▀▀▀ ▄▄█ ▀▄▀█▀ ▀█▀█▄   █▀██▀ █ ▀█▀▄▀▄▀▀  ▀▄▄ █
█▄▄▀█ █▄█▄▀ █ ▀▀█▄▄  ▄▀▀▀  ▀▀█▀▄████▄█▀ ▄█ ▀▄█▄██  █▄█▀ ███▄▀██
█▀ █ ▀ ▄▄▄▄▄▄▄▀█▄ ▄ ▀▀▀  ██▄█▄▀█▄█ ▀ █▀█▀▀█▄█ ▄█▄████▀██ ███▀▄█
█▀█▄▀▄█▄▄ ▄▀  ▀█▀█▄▄ █▀▄▀▄▀▀██▀▄▄ █▄ ▄ ███▀▀▄██▄   █▄▄▀ ▄█ █▀▀█
███ ▄▄▀▄ █ ▄█▀██▀█  █▀▄▄▀█▄█▄█▄ ▄██ ▀▄▄▄▄ ▀   █ ███▀█▀██▄ ██▄▄█
█▄▄▄█▀█▄▀▄█▀██▀███▀▄▄▄▀█▄▀ █▄▄▄▀▄█▄ ▀▄ ▄ ██ ██▄█▄ ▀▄▄█▄  ▀██▀▀█
█▄▄▀▄█▄▄▀ ▀ █ ▄ ▀▄▄█▄▀▀ █▀▀█▄█  ▄█ █  ▄▄█▄ ▀█   ▄▀ ▀ ▄ █▄▀▄█▄ █
█ ▄▄██▀▄▀▀▄▀▄█ ▀█▄▄▀▄███  ▀███▄▀███▄ ▄ ▄▀█▀ ▄▀██   ▄▀▄ ▀█▀█▄▄▄█
█▄ ▄ ▄▀▄▀▀█ ▄▀ █▀▄▀▀▄█▄▄█▄▄█▄▀▄ ▄ █ ▀▀█▄ █▄ ▄▄▄▄█▄▄▄ █▄▀▀ ▀█  █
█▄█▄▀ ▄▄▄ ▀█▄ █▄▄█  █▄█▀█▀ █▄ ▄▄▄ ▀▄▀ ▄█▀▀ ▀ ▀▀▄ ▄▀▄▄ ▄▄▄ ▀▄▄▄█
█     █▄█  ▄▀██▄▀█▄█ ▀▄█▄▄▀▀█ █▄█ ▀ ▀ ▄█ ▀▀██ ▀▄█▄ ▄▀ █▄█ ██▀▄█
█▄▄▀█  ▄  ▄▀▀▀ ▄▄▀ ▄ ▄▄█▄ ▀▀  ▄▄  ██▄ ▄▄▀▀ ▀ ▀▀▄▄  █▀▄ ▄▄▄ █▀▄█
███▄▄▀▀▄▄▀▀▀██  ▄ █▄▀▀▀▄▄ █ ▄ ▀ ▀▄▀▄█▀▀▄▀▀▀▀▀▀▄▄▄▄▄█▄▀▄ █▄██ ▄█
█▀▄█▀▀▄▄ ▀ ▀ ██▄▀▄▄  ▄██ ▀▄▀  ▀   ▀█▄▄ ▄▄█▀ ▄▀██▄▄▀█▄▀█▄▀▄▄█ ▄█
█▀█▄█▄▄▄▀ ▀█▄ ▄▀▀▀▀ █ ▄███▄  ▄█  ███▄█▀▀█ ▀██▀ █▀▄█▄█▄▄▄▄▀▄██▄█
█ ▀▄ █ ▄▀▄▄█▀▀ ▀▄▄▀ ▀▀▀█▀▀▄▄█▄▀▄ ▄█▄█  █▀█ ▀ █▀▄█  ▄ ▀  ▀█▀▄  █
█▀███▄▄▄ ▀▀▄▄█▀█ █ ▄▀ █▀▀▄▀▄▄▀   ▄ ▄█ ▀ ▄ ███ ▀▄█▀▀▄▄ ▄  ██▄▀ █
██▀ █ █▄▀▀ ██▄▀▄▄▄ ▄▄▄▀▀ ▀▄█▀▄▄▄ ▄▀█▄█▀ ▄█ ▀▀▀ █  ▀▄▄  ▄▄▄  ▀ █
█ ██▄  ▄▀▀█ █▄▀ ▄ ▄  █▀ ▀ ▄█ ▄▀█▄█▀▄ ███▄ ▀▀  █  ██▄ ▀▄▄▄▄██▄ █
█▄▀▄▄  ▄▀ ▄███ ▀▀█▄ ▀█▀▄▀▄▀▀▄▀▄▄▄█▄██ ▄▄██▀▀███▄▄ ▀▄▄▀▄▄ █ ▀▀██
█▀▀ ▄ ▄▄▀▀ ██  ▀▀█ ▀▀ ▄▄▀█▀▀ ▄▄██▄▄▀▄█ ▄█▀▀▀▄ ▄ ▄▄█ ▄█▄ ▄▀ ▄ ▄█
█▄▄▄▄██▄█    ▀█ ██▄  █▀█ ▀ █▄ ▄▄▄ ▄  ▄▀█▄█▀ ▄▀█▄▄  █▄ ▄▄▄ ▀▄▀▄█
█ ▄▄▄▄▄ █▄▄███▀█▀▀▄█▄▀▀▀▄▄▀██ █▄█ ▄██▀▀█▄▀  ▄▀▄ ██ █  █▄█ ▄██▄█
█ █   █ █ █▀▀█▀██▄▄▀▄█▀▀█▀▀█   ▄▄ ▄█▄▄ ▄ █▀ ▄█▀█▄▄ █   ▄▄▄▀ █▀█
█ █▄▄▄█ █  █▀█▄▀█ ██▄█▄▄ ▄▄▄  █ ▄▀▀ ▀ ██ ▄▀▀▄▄ ▄▄█  ▀█   ▀▀██ █
█▄▄▄▄▄▄▄█▄██████▄▄▄▄████▄█████▄▄▄████▄▄████▄▄█▄█▄▄▄▄█▄▄████▄▄▄█

[2026-09-02T21:00:18.677Z] INFO connection update full: {
  qr: 'https://wa.me/settings/linked_devices#2@Tl6Y6WzzmXXOSb6YL0UF2CPRFcvYjFYuiu3kO8rKCB/04Oa0OphCbcTV7Tj/z7TTIO5KfTepUiNokHeGIA5nBgAq7X6GpvmJuhQ=,++z56DDbgB6y6hts8V6A9p62kGarX+TkYHJdj5bnlyQ=,x8Be4Dz0NttAebAAWlZdejbb12DX+EfELQXwz/whC1s=,FjfUOfSyOfHCcdAjuyV4MJYNoaXvGEofu6HwzGvGGHU=,1'
}
[2026-09-02T21:00:18.677Z] INFO QR code (scan with WhatsApp Linked Devices):
 https://wa.me/settings/linked_devices#2@Tl6Y6WzzmXXOSb6YL0UF2CPRFcvYjFYuiu3kO8rKCB/04Oa0OphCbcTV7Tj/z7TTIO5KfTepUiNokHeGIA5nBgAq7X6GpvmJuhQ=,++z56DDbgB6y6hts8V6A9p62kGarX+TkYHJdj5bnlyQ=,x8Be4Dz0NttAebAAWlZdejbb12DX+EfELQXwz/whC1s=,FjfUOfSyOfHCcdAjuyV4MJYNoaXvGEofu6HwzGvGGHU=,1
[2026-09-02T21:00:38.691Z] INFO connection update full: {
  qr: 'https://wa.me/settings/linked_devices#2@T576NnhEfZwb3NSNHtOc+hIXWvv6UbY4xYfstq99D/aOp9qSDBq0RHPfK83X03Grp29iPilQ4Qjpr+4S+ibPPqjWHEtRK0yFk7o=,++z56DDbgB6y6hts8V6A9p62kGarX+TkYHJdj5bnlyQ=,x8Be4Dz0NttAebAAWlZdejbb12DX+EfELQXwz/whC1s=,FjfUOfSyOfHCcdAjuyV4MJYNoaXvGEofu6HwzGvGGHU=,1'
}
[2026-09-02T21:00:38.692Z] INFO QR code (scan with WhatsApp Linked Devices):
 https://wa.me/settings/linked_devices#2@T576NnhEfZwb3NSNHtOc+hIXWvv6UbY4xYfstq99D/aOp9qSDBq0RHPfK83X03Grp29iPilQ4Qjpr+4S+ibPPqjWHEtRK0yFk7o=,++z56DDbgB6y6hts8V6A9p62kGarX+TkYHJdj5bnlyQ=,x8Be4Dz0NttAebAAWlZdejbb12DX+EfELQXwz/whC1s=,FjfUOfSyOfHCcdAjuyV4MJYNoaXvGEofu6HwzGvGGHU=,1
[2026-09-02T21:00:47.928Z] INFO connection update full: { isNewLogin: true, qr: undefined }
[2026-09-02T21:00:49.033Z] INFO connection update full: {
  connection: 'close',
  lastDisconnect: {
    error: Error: Stream Errored (restart required)
        at WebSocketClient.<anonymous> (file:///C:/Users/shadr.JARVIS/Desktop/DotVV/node_modules/@whiskeysockets/baileys/lib/Socket/socket.js:795:18)
        at WebSocketClient.emit (node:events:509:28)
        at file:///C:/Users/shadr.JARVIS/Desktop/DotVV/node_modules/@whiskeysockets/baileys/lib/Socket/socket.js:465:35
        at processData (file:///C:/Users/shadr.JARVIS/Desktop/DotVV/node_modules/@whiskeysockets/baileys/lib/Utils/noise-handler.js:126:13)
        at process.processTicksAndRejections (node:internal/process/task_queues:104:5)
        at async Object.decodeFrame (file:///C:/Users/shadr.JARVIS/Desktop/DotVV/node_modules/@whiskeysockets/baileys/lib/Utils/noise-handler.js:197:13)
        at async WebSocketClient.onMessageReceived (file:///C:/Users/shadr.JARVIS/Desktop/DotVV/node_modules/@whiskeysockets/baileys/lib/Socket/socket.js:442:9) {
      data: {
        tag: 'stream:error',
        attrs: { code: '515' },
        content: undefined
      },
      isBoom: true,
      isServer: true,
      output: {
        statusCode: 515,
        payload: {
          statusCode: 515,
          error: 'Unknown',
          message: 'Stream Errored (restart required)'
        },
        headers: {}
      }
    },
    date: 2026-09-02T21:00:49.033Z
  }
}
[2026-09-02T21:00:49.033Z] INFO connection update: close
[2026-09-02T21:00:49.033Z] INFO connection closed Error: Stream Errored (restart required)
    at WebSocketClient.<anonymous> (file:///C:/Users/shadr.JARVIS/Desktop/DotVV/node_modules/@whiskeysockets/baileys/lib/Socket/socket.js:795:18)
    at WebSocketClient.emit (node:events:509:28)
    at file:///C:/Users/shadr.JARVIS/Desktop/DotVV/node_modules/@whiskeysockets/baileys/lib/Socket/socket.js:465:35
    at processData (file:///C:/Users/shadr.JARVIS/Desktop/DotVV/node_modules/@whiskeysockets/baileys/lib/Utils/noise-handler.js:126:13)
    at process.processTicksAndRejections (node:internal/process/task_queues:104:5)
    at async Object.decodeFrame (file:///C:/Users/shadr.JARVIS/Desktop/DotVV/node_modules/@whiskeysockets/baileys/lib/Utils/noise-handler.js:197:13)
    at async WebSocketClient.onMessageReceived (file:///C:/Users/shadr.JARVIS/Desktop/DotVV/node_modules/@whiskeysockets/baileys/lib/Socket/socket.js:442:9)
[2026-09-02T21:00:49.034Z] INFO lastDisconnect.error full: Error: Stream Errored (restart required)
    at WebSocketClient.<anonymous> (file:///C:/Users/shadr.JARVIS/Desktop/DotVV/node_modules/@whiskeysockets/baileys/lib/Socket/socket.js:795:18)
    at WebSocketClient.emit (node:events:509:28)
    at file:///C:/Users/shadr.JARVIS/Desktop/DotVV/node_modules/@whiskeysockets/baileys/lib/Socket/socket.js:465:35
    at processData (file:///C:/Users/shadr.JARVIS/Desktop/DotVV/node_modules/@whiskeysockets/baileys/lib/Utils/noise-handler.js:126:13)
    at process.processTicksAndRejections (node:internal/process/task_queues:104:5)
    at async Object.decodeFrame (file:///C:/Users/shadr.JARVIS/Desktop/DotVV/node_modules/@whiskeysockets/baileys/lib/Utils/noise-handler.js:197:13)
    at async WebSocketClient.onMessageReceived (file:///C:/Users/shadr.JARVIS/Desktop/DotVV/node_modules/@whiskeysockets/baileys/lib/Socket/socket.js:442:9) {
  data: { tag: 'stream:error', attrs: { code: '515' }, content: undefined },
  isBoom: true,
  isServer: true,
  output: {
    statusCode: 515,
    payload: {
      statusCode: 515,
      error: 'Unknown',
      message: 'Stream Errored (restart required)'
    },
    headers: {}
  }
}
[2026-09-02T21:00:49.034Z] INFO lastDisconnect.error.output.payload: {
  statusCode: 515,
  error: 'Unknown',
  message: 'Stream Errored (restart required)'
}
[2026-09-02T21:00:49.034Z] INFO reconnecting in 2607ms (attempt 1/5)
[2026-09-02T21:00:52.160Z] INFO P3TROHOLIC bot started. Scan QR in terminal to authenticate.
[2026-09-02T21:00:52.161Z] INFO connection update full: {
  connection: 'connecting',
  receivedPendingNotifications: false,
  qr: undefined
}
[2026-09-02T21:00:52.161Z] INFO connection update: connecting
[2026-09-02T21:00:56.006Z] INFO connection update full: { receivedPendingNotifications: true }
[2026-09-02T21:00:56.341Z] INFO connection update full: { connection: 'open' }
[2026-09-02T21:00:56.361Z] INFO connection update: open
[2026-09-02T21:00:56.370Z] INFO connection opened
[2026-09-02T21:00:58.698Z] INFO connection update full: {
  qr: 'https://wa.me/settings/linked_devices#2@IRVVo9uw0B4m5RqIqh8AM7QaztgZ4hbLheHpv42ujtA+jfO1OwTDaknriYuZXzKQCIKRca3ZE/qoGXnegNTQiBOmmTIfQ3E0jBQ=,++z56DDbgB6y6hts8V6A9p62kGarX+TkYHJdj5bnlyQ=,x8Be4Dz0NttAebAAWlZdejbb12DX+EfELQXwz/whC1s=,FjfUOfSyOfHCcdAjuyV4MJYNoaXvGEofu6HwzGvGGHU=,1'
}
[2026-09-02T21:00:58.698Z] INFO QR code (scan with WhatsApp Linked Devices):
 https://wa.me/settings/linked_devices#2@IRVVo9uw0B4m5RqIqh8AM7QaztgZ4hbLheHpv42ujtA+jfO1OwTDaknriYuZXzKQCIKRca3ZE/qoGXnegNTQiBOmmTIfQ3E0jBQ=,++z56DDbgB6y6hts8V6A9p62kGarX+TkYHJdj5bnlyQ=,x8Be4Dz0NttAebAAWlZdejbb12DX+EfELQXwz/whC1s=,FjfUOfSyOfHCcdAjuyV4MJYNoaXvGEofu6HwzGvGGHU=,1
[2026-09-02T21:01:19.016Z] INFO connection update full: {
  connection: 'close',
  lastDisconnect: {
    error: Error: QR refs attempts ended
        at Timeout.genPairQR [as _onTimeout] (file:///C:/Users/shadr.JARVIS/Desktop/DotVV/node_modules/@whiskeysockets/baileys/lib/Socket/socket.js:716:26)
        at listOnTimeout (node:internal/timers:605:17)
        at process.processTimers (node:internal/timers:541:7) {
      data: null,
      isBoom: true,
      isServer: false,
      output: {
        statusCode: 408,
        payload: {
          statusCode: 408,
          error: 'Request Time-out',
          message: 'QR refs attempts ended'
        },
        headers: {}
      }
    },
    date: 2026-09-02T21:01:19.015Z
  }
}
[2026-09-02T21:01:19.025Z] INFO connection update: close
[2026-09-02T21:01:19.025Z] INFO connection closed Error: QR refs attempts ended
    at Timeout.genPairQR [as _onTimeout] (file:///C:/Users/shadr.JARVIS/Desktop/DotVV/node_modules/@whiskeysockets/baileys/lib/Socket/socket.js:716:26)
    at listOnTimeout (node:internal/timers:605:17)
    at process.processTimers (node:internal/timers:541:7)
[2026-09-02T21:01:19.028Z] INFO lastDisconnect.error full: Error: QR refs attempts ended
    at Timeout.genPairQR [as _onTimeout] (file:///C:/Users/shadr.JARVIS/Desktop/DotVV/node_modules/@whiskeysockets/baileys/lib/Socket/socket.js:716:26)
    at listOnTimeout (node:internal/timers:605:17)
    at process.processTimers (node:internal/timers:541:7) {
  data: null,
  isBoom: true,
  isServer: false,
  output: {
    statusCode: 408,
    payload: {
      statusCode: 408,
      error: 'Request Time-out',
      message: 'QR refs attempts ended'
    },
    headers: {}
  }
}
[2026-09-02T21:01:19.028Z] INFO lastDisconnect.error.output.payload: {
  statusCode: 408,
  error: 'Request Time-out',
  message: 'QR refs attempts ended'
}
[2026-09-02T21:01:19.029Z] INFO reconnecting in 4717ms (attempt 2/5)
[2026-09-02T21:01:24.339Z] INFO P3TROHOLIC bot started. Scan QR in terminal to authenticate.
[2026-09-02T21:01:24.343Z] INFO connection update full: {
  connection: 'connecting',
  receivedPendingNotifications: false,
  qr: undefined
}
[2026-09-02T21:01:24.343Z] INFO connection update: connecting
[2026-09-02T21:01:25.640Z] INFO connection update full: {
  connection: 'close',
  lastDisconnect: {
    error: Error: Stream Errored (conflict)
        at WebSocketClient.<anonymous> (file:///C:/Users/shadr.JARVIS/Desktop/DotVV/node_modules/@whiskeysockets/baileys/lib/Socket/socket.js:795:18)
        at WebSocketClient.emit (node:events:509:28)
        at file:///C:/Users/shadr.JARVIS/Desktop/DotVV/node_modules/@whiskeysockets/baileys/lib/Socket/socket.js:465:35
        at processData (file:///C:/Users/shadr.JARVIS/Desktop/DotVV/node_modules/@whiskeysockets/baileys/lib/Utils/noise-handler.js:126:13)
        at process.processTicksAndRejections (node:internal/process/task_queues:104:5)
        at async Object.decodeFrame (file:///C:/Users/shadr.JARVIS/Desktop/DotVV/node_modules/@whiskeysockets/baileys/lib/Utils/noise-handler.js:197:13)
        at async WebSocketClient.onMessageReceived (file:///C:/Users/shadr.JARVIS/Desktop/DotVV/node_modules/@whiskeysockets/baileys/lib/Socket/socket.js:442:9) {
      data: {
        tag: 'conflict',
        attrs: { type: 'replaced' },
        content: undefined
      },
      isBoom: true,
      isServer: false,
      output: {
        statusCode: 440,
        payload: {
          statusCode: 440,
          error: 'Unknown',
          message: 'Stream Errored (conflict)'
        },
        headers: {}
      }
    },
    date: 2026-09-02T21:01:25.640Z
  }
}
[2026-09-02T21:01:25.641Z] INFO connection update: close
[2026-09-02T21:01:25.641Z] INFO connection closed Error: Stream Errored (conflict)
    at WebSocketClient.<anonymous> (file:///C:/Users/shadr.JARVIS/Desktop/DotVV/node_modules/@whiskeysockets/baileys/lib/Socket/socket.js:795:18)
    at WebSocketClient.emit (node:events:509:28)
    at file:///C:/Users/shadr.JARVIS/Desktop/DotVV/node_modules/@whiskeysockets/baileys/lib/Socket/socket.js:465:35
    at processData (file:///C:/Users/shadr.JARVIS/Desktop/DotVV/node_modules/@whiskeysockets/baileys/lib/Utils/noise-handler.js:126:13)
    at process.processTicksAndRejections (node:internal/process/task_queues:104:5)
    at async Object.decodeFrame (file:///C:/Users/shadr.JARVIS/Desktop/DotVV/node_modules/@whiskeysockets/baileys/lib/Utils/noise-handler.js:197:13)
    at async WebSocketClient.onMessageReceived (file:///C:/Users/shadr.JARVIS/Desktop/DotVV/node_modules/@whiskeysockets/baileys/lib/Socket/socket.js:442:9)
[2026-09-02T21:01:25.643Z] INFO lastDisconnect.error full: Error: Stream Errored (conflict)
    at WebSocketClient.<anonymous> (file:///C:/Users/shadr.JARVIS/Desktop/DotVV/node_modules/@whiskeysockets/baileys/lib/Socket/socket.js:795:18)
    at WebSocketClient.emit (node:events:509:28)
    at file:///C:/Users/shadr.JARVIS/Desktop/DotVV/node_modules/@whiskeysockets/baileys/lib/Socket/socket.js:465:35
    at processData (file:///C:/Users/shadr.JARVIS/Desktop/DotVV/node_modules/@whiskeysockets/baileys/lib/Utils/noise-handler.js:126:13)
    at process.processTicksAndRejections (node:internal/process/task_queues:104:5)
    at async Object.decodeFrame (file:///C:/Users/shadr.JARVIS/Desktop/DotVV/node_modules/@whiskeysockets/baileys/lib/Utils/noise-handler.js:197:13)
    at async WebSocketClient.onMessageReceived (file:///C:/Users/shadr.JARVIS/Desktop/DotVV/node_modules/@whiskeysockets/baileys/lib/Socket/socket.js:442:9) {
  data: { tag: 'conflict', attrs: { type: 'replaced' }, content: undefined },
  isBoom: true,
  isServer: false,
  output: {
    statusCode: 440,
    payload: {
      statusCode: 440,
      error: 'Unknown',
      message: 'Stream Errored (conflict)'
    },
    headers: {}
  }
}
[2026-09-02T21:01:25.644Z] INFO lastDisconnect.error.output.payload: {
  statusCode: 440,
  error: 'Unknown',
  message: 'Stream Errored (conflict)'
}
[2026-09-02T21:01:25.644Z] INFO reconnecting in 2545ms (attempt 1/5)
[2026-09-02T21:01:26.770Z] INFO connection update full: { receivedPendingNotifications: true }
[2026-09-02T21:01:26.906Z] INFO connection update full: { isOnline: true }
[2026-09-02T21:01:26.912Z] INFO connection update full: { connection: 'open' }
[2026-09-02T21:01:26.925Z] INFO connection update: open
[2026-09-02T21:01:26.929Z] INFO connection opened
[2026-09-02T21:01:28.783Z] INFO P3TROHOLIC bot started. Scan QR in terminal to authenticate.
[2026-09-02T21:01:28.785Z] INFO connection update full: {
  connection: 'connecting',
  receivedPendingNotifications: false,
  qr: undefined
}
[2026-09-02T21:01:28.785Z] INFO connection update: connecting
[2026-09-02T21:01:29.984Z] INFO connection update full: {
  connection: 'close',
  lastDisconnect: {
    error: Error: Stream Errored (conflict)
        at WebSocketClient.<anonymous> (file:///C:/Users/shadr.JARVIS/Desktop/DotVV/node_modules/@whiskeysockets/baileys/lib/Socket/socket.js:795:18)
        at WebSocketClient.emit (node:events:509:28)
        at file:///C:/Users/shadr.JARVIS/Desktop/DotVV/node_modules/@whiskeysockets/baileys/lib/Socket/socket.js:465:35
        at processData (file:///C:/Users/shadr.JARVIS/Desktop/DotVV/node_modules/@whiskeysockets/baileys/lib/Utils/noise-handler.js:126:13)
        at process.processTicksAndRejections (node:internal/process/task_queues:104:5)
        at async Object.decodeFrame (file:///C:/Users/shadr.JARVIS/Desktop/DotVV/node_modules/@whiskeysockets/baileys/lib/Utils/noise-handler.js:197:13)
        at async WebSocketClient.onMessageReceived (file:///C:/Users/shadr.JARVIS/Desktop/DotVV/node_modules/@whiskeysockets/baileys/lib/Socket/socket.js:442:9) {
      data: {
        tag: 'conflict',
        attrs: { type: 'replaced' },
        content: undefined
      },
      isBoom: true,
      isServer: false,
      output: {
        statusCode: 440,
        payload: {
          statusCode: 440,
          error: 'Unknown',
          message: 'Stream Errored (conflict)'
        },
        headers: {}
      }
    },
    date: 2026-09-02T21:01:29.983Z
  }
}
[2026-09-02T21:01:30.056Z] INFO connection update full: { receivedPendingNotifications: true }
[2026-09-02T21:01:30.069Z] INFO connection update: close
[2026-09-02T21:01:30.126Z] INFO connection closed Error: Stream Errored (conflict)
    at WebSocketClient.<anonymous> (file:///C:/Users/shadr.JARVIS/Desktop/DotVV/node_modules/@whiskeysockets/baileys/lib/Socket/socket.js:795:18)
    at WebSocketClient.emit (node:events:509:28)
    at file:///C:/Users/shadr.JARVIS/Desktop/DotVV/node_modules/@whiskeysockets/baileys/lib/Socket/socket.js:465:35
    at processData (file:///C:/Users/shadr.JARVIS/Desktop/DotVV/node_modules/@whiskeysockets/baileys/lib/Utils/noise-handler.js:126:13)
    at process.processTicksAndRejections (node:internal/process/task_queues:104:5)
    at async Object.decodeFrame (file:///C:/Users/shadr.JARVIS/Desktop/DotVV/node_modules/@whiskeysockets/baileys/lib/Utils/noise-handler.js:197:13)
    at async WebSocketClient.onMessageReceived (file:///C:/Users/shadr.JARVIS/Desktop/DotVV/node_modules/@whiskeysockets/baileys/lib/Socket/socket.js:442:9)
[2026-09-02T21:01:30.179Z] INFO lastDisconnect.error full: Error: Stream Errored (conflict)
    at WebSocketClient.<anonymous> (file:///C:/Users/shadr.JARVIS/Desktop/DotVV/node_modules/@whiskeysockets/baileys/lib/Socket/socket.js:795:18)
    at WebSocketClient.emit (node:events:509:28)
    at file:///C:/Users/shadr.JARVIS/Desktop/DotVV/node_modules/@whiskeysockets/baileys/lib/Socket/socket.js:465:35
    at processData (file:///C:/Users/shadr.JARVIS/Desktop/DotVV/node_modules/@whiskeysockets/baileys/lib/Utils/noise-handler.js:126:13)
    at process.processTicksAndRejections (node:internal/process/task_queues:104:5)
    at async Object.decodeFrame (file:///C:/Users/shadr.JARVIS/Desktop/DotVV/node_modules/@whiskeysockets/baileys/lib/Utils/noise-handler.js:197:13)
    at async WebSocketClient.onMessageReceived (file:///C:/Users/shadr.JARVIS/Desktop/DotVV/node_modules/@whiskeysockets/baileys/lib/Socket/socket.js:442:9) {
  data: { tag: 'conflict', attrs: { type: 'replaced' }, content: undefined },
  isBoom: true,
  isServer: false,
  output: {
    statusCode: 440,
    payload: {
      statusCode: 440,
      error: 'Unknown',
      message: 'Stream Errored (conflict)'
    },
    headers: {}
  }
}
[2026-09-02T21:01:30.218Z] INFO lastDisconnect.error.output.payload: {
  statusCode: 440,
  error: 'Unknown',
  message: 'Stream Errored (conflict)'
}
[2026-09-02T21:01:30.253Z] INFO reconnecting in 2869ms (attempt 1/5)
[2026-09-02T21:01:30.303Z] INFO connection update full: { isOnline: true }
[2026-09-02T21:01:30.306Z] INFO connection update full: { connection: 'open' }
[2026-09-02T21:01:30.308Z] INFO connection update: open
[2026-09-02T21:01:30.315Z] INFO connection opened
[2026-09-02T21:01:33.441Z] ERROR Failed to decrypt message with any known session...
[2026-09-02T21:01:33.488Z] ERROR Session error:MessageCounterError: Key used already or never filled MessageCounterError: Key used already or never filled
    at SessionCipher.doDecryptWhisperMessage (C:\Users\shadr.JARVIS\Desktop\DotVV\node_modules\@whiskeysockets\baileys\node_modules\libsignal\src\session_cipher.js:236:19)
    at SessionCipher.decryptWithSessions (C:\Users\shadr.JARVIS\Desktop\DotVV\node_modules\@whiskeysockets\baileys\node_modules\libsignal\src\session_cipher.js:147:40)
    at 115783778758833_1.0 [as awaitable] (C:\Users\shadr.JARVIS\Desktop\DotVV\node_modules\@whiskeysockets\baileys\node_modules\libsignal\src\session_cipher.js:171:39)
    at async _asyncQueueExecutor (C:\Users\shadr.JARVIS\Desktop\DotVV\node_modules\@whiskeysockets\baileys\node_modules\libsignal\src\queue_job.js:20:29)
[2026-09-02T21:01:33.536Z] ERROR Failed to decrypt message with any known session...
[2026-09-02T21:01:33.556Z] ERROR Session error:MessageCounterError: Key used already or never filled MessageCounterError: Key used already or never filled
    at SessionCipher.doDecryptWhisperMessage (C:\Users\shadr.JARVIS\Desktop\DotVV\node_modules\@whiskeysockets\baileys\node_modules\libsignal\src\session_cipher.js:236:19)
    at SessionCipher.decryptWithSessions (C:\Users\shadr.JARVIS\Desktop\DotVV\node_modules\@whiskeysockets\baileys\node_modules\libsignal\src\session_cipher.js:147:40)
    at 115783778758833_1.0 [as awaitable] (C:\Users\shadr.JARVIS\Desktop\DotVV\node_modules\@whiskeysockets\baileys\node_modules\libsignal\src\session_cipher.js:171:39)
    at async _asyncQueueExecutor (C:\Users\shadr.JARVIS\Desktop\DotVV\node_modules\@whiskeysockets\baileys\node_modules\libsignal\src\queue_job.js:20:29)
[2026-09-02T21:01:33.984Z] INFO P3TROHOLIC bot started. Scan QR in terminal to authenticate.
[2026-09-02T21:01:34.011Z] INFO connection update full: {
  connection: 'connecting',
  receivedPendingNotifications: false,
  qr: undefined
}
[2026-09-02T21:01:34.018Z] INFO connection update: connecting
[2026-09-02T21:01:35.069Z] INFO connection update full: {
  connection: 'close',
  lastDisconnect: {
    error: Error: Stream Errored (conflict)
        at WebSocketClient.<anonymous> (file:///C:/Users/shadr.JARVIS/Desktop/DotVV/node_modules/@whiskeysockets/baileys/lib/Socket/socket.js:795:18)
        at WebSocketClient.emit (node:events:509:28)
        at file:///C:/Users/shadr.JARVIS/Desktop/DotVV/node_modules/@whiskeysockets/baileys/lib/Socket/socket.js:465:35
        at processData (file:///C:/Users/shadr.JARVIS/Desktop/DotVV/node_modules/@whiskeysockets/baileys/lib/Utils/noise-handler.js:126:13)
        at process.processTicksAndRejections (node:internal/process/task_queues:104:5)
        at async Object.decodeFrame (file:///C:/Users/shadr.JARVIS/Desktop/DotVV/node_modules/@whiskeysockets/baileys/lib/Utils/noise-handler.js:197:13)
        at async WebSocketClient.onMessageReceived (file:///C:/Users/shadr.JARVIS/Desktop/DotVV/node_modules/@whiskeysockets/baileys/lib/Socket/socket.js:442:9) {
      data: {
        tag: 'conflict',
        attrs: { type: 'replaced' },
        content: undefined
      },
      isBoom: true,
      isServer: false,
      output: {
        statusCode: 440,
        payload: {
          statusCode: 440,
          error: 'Unknown',
          message: 'Stream Errored (conflict)'
        },
        headers: {}
      }
    },
    date: 2026-09-02T21:01:35.068Z
  }
}
[2026-09-02T21:01:35.308Z] INFO connection update: close
[2026-09-02T21:01:35.308Z] INFO connection closed Error: Stream Errored (conflict)
    at WebSocketClient.<anonymous> (file:///C:/Users/shadr.JARVIS/Desktop/DotVV/node_modules/@whiskeysockets/baileys/lib/Socket/socket.js:795:18)
    at WebSocketClient.emit (node:events:509:28)
    at file:///C:/Users/shadr.JARVIS/Desktop/DotVV/node_modules/@whiskeysockets/baileys/lib/Socket/socket.js:465:35
    at processData (file:///C:/Users/shadr.JARVIS/Desktop/DotVV/node_modules/@whiskeysockets/baileys/lib/Utils/noise-handler.js:126:13)
    at process.processTicksAndRejections (node:internal/process/task_queues:104:5)
    at async Object.decodeFrame (file:///C:/Users/shadr.JARVIS/Desktop/DotVV/node_modules/@whiskeysockets/baileys/lib/Utils/noise-handler.js:197:13)
    at async WebSocketClient.onMessageReceived (file:///C:/Users/shadr.JARVIS/Desktop/DotVV/node_modules/@whiskeysockets/baileys/lib/Socket/socket.js:442:9)
[2026-09-02T21:01:35.313Z] INFO lastDisconnect.error full: Error: Stream Errored (conflict)
    at WebSocketClient.<anonymous> (file:///C:/Users/shadr.JARVIS/Desktop/DotVV/node_modules/@whiskeysockets/baileys/lib/Socket/socket.js:795:18)
    at WebSocketClient.emit (node:events:509:28)
    at file:///C:/Users/shadr.JARVIS/Desktop/DotVV/node_modules/@whiskeysockets/baileys/lib/Socket/socket.js:465:35
    at processData (file:///C:/Users/shadr.JARVIS/Desktop/DotVV/node_modules/@whiskeysockets/baileys/lib/Utils/noise-handler.js:126:13)
    at process.processTicksAndRejections (node:internal/process/task_queues:104:5)
    at async Object.decodeFrame (file:///C:/Users/shadr.JARVIS/Desktop/DotVV/node_modules/@whiskeysockets/baileys/lib/Utils/noise-handler.js:197:13)
    at async WebSocketClient.onMessageReceived (file:///C:/Users/shadr.JARVIS/Desktop/DotVV/node_modules/@whiskeysockets/baileys/lib/Socket/socket.js:442:9) {
  data: { tag: 'conflict', attrs: { type: 'replaced' }, content: undefined },
  isBoom: true,
  isServer: false,
  output: {
    statusCode: 440,
    payload: {
      statusCode: 440,
      error: 'Unknown',
      message: 'Stream Errored (conflict)'
    },
    headers: {}
  }
}
[2026-09-02T21:01:35.313Z] INFO lastDisconnect.error.output.payload: {
  statusCode: 440,
  error: 'Unknown',
  message: 'Stream Errored (conflict)'
}
[2026-09-02T21:01:35.314Z] INFO reconnecting in 2112ms (attempt 1/5)
[2026-09-02T21:01:35.724Z] INFO connection update full: { receivedPendingNotifications: true }
[2026-09-02T21:01:35.899Z] INFO connection update full: { isOnline: true }
[2026-09-02T21:01:35.900Z] INFO connection update full: { connection: 'open' }
[2026-09-02T21:01:35.900Z] INFO connection update: open
[2026-09-02T21:01:35.901Z] INFO connection opened
[2026-09-02T21:01:37.935Z] INFO P3TROHOLIC bot started. Scan QR in terminal to authenticate.
[2026-09-02T21:01:37.936Z] INFO connection update full: {
  connection: 'connecting',
  receivedPendingNotifications: false,
  qr: undefined
}
[2026-09-02T21:01:37.936Z] INFO connection update: connecting
[2026-09-02T21:01:39.018Z] INFO connection update full: {
  connection: 'close',
  lastDisconnect: {
    error: Error: Stream Errored (conflict)
        at WebSocketClient.<anonymous> (file:///C:/Users/shadr.JARVIS/Desktop/DotVV/node_modules/@whiskeysockets/baileys/lib/Socket/socket.js:795:18)
        at WebSocketClient.emit (node:events:509:28)
        at file:///C:/Users/shadr.JARVIS/Desktop/DotVV/node_modules/@whiskeysockets/baileys/lib/Socket/socket.js:465:35
        at processData (file:///C:/Users/shadr.JARVIS/Desktop/DotVV/node_modules/@whiskeysockets/baileys/lib/Utils/noise-handler.js:126:13)
        at process.processTicksAndRejections (node:internal/process/task_queues:104:5)
        at async Object.decodeFrame (file:///C:/Users/shadr.JARVIS/Desktop/DotVV/node_modules/@whiskeysockets/baileys/lib/Utils/noise-handler.js:197:13)
        at async WebSocketClient.onMessageReceived (file:///C:/Users/shadr.JARVIS/Desktop/DotVV/node_modules/@whiskeysockets/baileys/lib/Socket/socket.js:442:9) {
      data: {
        tag: 'conflict',
        attrs: { type: 'replaced' },
        content: undefined
      },
      isBoom: true,
      isServer: false,
      output: {
        statusCode: 440,
        payload: {
          statusCode: 440,
          error: 'Unknown',
          message: 'Stream Errored (conflict)'
        },
        headers: {}
      }
    },
    date: 2026-09-02T21:01:39.018Z
  }
}
[2026-09-02T21:01:39.018Z] INFO connection update: close
[2026-09-02T21:01:39.018Z] INFO connection closed Error: Stream Errored (conflict)
    at WebSocketClient.<anonymous> (file:///C:/Users/shadr.JARVIS/Desktop/DotVV/node_modules/@whiskeysockets/baileys/lib/Socket/socket.js:795:18)
    at WebSocketClient.emit (node:events:509:28)
    at file:///C:/Users/shadr.JARVIS/Desktop/DotVV/node_modules/@whiskeysockets/baileys/lib/Socket/socket.js:465:35
    at processData (file:///C:/Users/shadr.JARVIS/Desktop/DotVV/node_modules/@whiskeysockets/baileys/lib/Utils/noise-handler.js:126:13)
    at process.processTicksAndRejections (node:internal/process/task_queues:104:5)
    at async Object.decodeFrame (file:///C:/Users/shadr.JARVIS/Desktop/DotVV/node_modules/@whiskeysockets/baileys/lib/Utils/noise-handler.js:197:13)
    at async WebSocketClient.onMessageReceived (file:///C:/Users/shadr.JARVIS/Desktop/DotVV/node_modules/@whiskeysockets/baileys/lib/Socket/socket.js:442:9)
[2026-09-02T21:01:39.019Z] INFO lastDisconnect.error full: Error: Stream Errored (conflict)
    at WebSocketClient.<anonymous> (file:///C:/Users/shadr.JARVIS/Desktop/DotVV/node_modules/@whiskeysockets/baileys/lib/Socket/socket.js:795:18)
    at WebSocketClient.emit (node:events:509:28)
    at file:///C:/Users/shadr.JARVIS/Desktop/DotVV/node_modules/@whiskeysockets/baileys/lib/Socket/socket.js:465:35
    at processData (file:///C:/Users/shadr.JARVIS/Desktop/DotVV/node_modules/@whiskeysockets/baileys/lib/Utils/noise-handler.js:126:13)
    at process.processTicksAndRejections (node:internal/process/task_queues:104:5)
    at async Object.decodeFrame (file:///C:/Users/shadr.JARVIS/Desktop/DotVV/node_modules/@whiskeysockets/baileys/lib/Utils/noise-handler.js:197:13)
    at async WebSocketClient.onMessageReceived (file:///C:/Users/shadr.JARVIS/Desktop/DotVV/node_modules/@whiskeysockets/baileys/lib/Socket/socket.js:442:9) {
  data: { tag: 'conflict', attrs: { type: 'replaced' }, content: undefined },
  isBoom: true,
  isServer: false,
  output: {
    statusCode: 440,
    payload: {
      statusCode: 440,
      error: 'Unknown',
      message: 'Stream Errored (conflict)'
    },
    headers: {}
  }
}
[2026-09-02T21:01:39.019Z] INFO lastDisconnect.error.output.payload: {
  statusCode: 440,
  error: 'Unknown',
  message: 'Stream Errored (conflict)'
}
[2026-09-02T21:01:39.019Z] INFO reconnecting in 2138ms (attempt 1/5)
[2026-09-02T21:01:39.236Z] INFO connection update full: { receivedPendingNotifications: true }
[2026-09-02T21:01:39.514Z] INFO connection update full: { isOnline: true }
[2026-09-02T21:01:39.515Z] INFO connection update full: { connection: 'open' }
[2026-09-02T21:01:39.516Z] INFO connection update: open
[2026-09-02T21:01:39.516Z] INFO connection opened
[2026-09-02T21:01:41.820Z] INFO P3TROHOLIC bot started. Scan QR in terminal to authenticate.
[2026-09-02T21:01:41.821Z] INFO connection update full: {
  connection: 'connecting',
  receivedPendingNotifications: false,
  qr: undefined
}
[2026-09-02T21:01:41.821Z] INFO connection update: connecting
[2026-09-02T21:01:42.959Z] INFO connection update full: {
  connection: 'close',
  lastDisconnect: {
    error: Error: Stream Errored (conflict)
        at WebSocketClient.<anonymous> (file:///C:/Users/shadr.JARVIS/Desktop/DotVV/node_modules/@whiskeysockets/baileys/lib/Socket/socket.js:795:18)
        at WebSocketClient.emit (node:events:509:28)
        at file:///C:/Users/shadr.JARVIS/Desktop/DotVV/node_modules/@whiskeysockets/baileys/lib/Socket/socket.js:465:35
        at processData (file:///C:/Users/shadr.JARVIS/Desktop/DotVV/node_modules/@whiskeysockets/baileys/lib/Utils/noise-handler.js:126:13)
        at process.processTicksAndRejections (node:internal/process/task_queues:104:5)
        at async Object.decodeFrame (file:///C:/Users/shadr.JARVIS/Desktop/DotVV/node_modules/@whiskeysockets/baileys/lib/Utils/noise-handler.js:197:13)
        at async WebSocketClient.onMessageReceived (file:///C:/Users/shadr.JARVIS/Desktop/DotVV/node_modules/@whiskeysockets/baileys/lib/Socket/socket.js:442:9) {
      data: {
        tag: 'conflict',
        attrs: { type: 'replaced' },
        content: undefined
      },
      isBoom: true,
      isServer: false,
      output: {
        statusCode: 440,
        payload: {
          statusCode: 440,
          error: 'Unknown',
          message: 'Stream Errored (conflict)'
        },
        headers: {}
      }
    },
    date: 2026-09-02T21:01:42.959Z
  }
}
[2026-09-02T21:01:42.959Z] INFO connection update: close
[2026-09-02T21:01:42.959Z] INFO connection closed Error: Stream Errored (conflict)
    at WebSocketClient.<anonymous> (file:///C:/Users/shadr.JARVIS/Desktop/DotVV/node_modules/@whiskeysockets/baileys/lib/Socket/socket.js:795:18)
    at WebSocketClient.emit (node:events:509:28)
    at file:///C:/Users/shadr.JARVIS/Desktop/DotVV/node_modules/@whiskeysockets/baileys/lib/Socket/socket.js:465:35
    at processData (file:///C:/Users/shadr.JARVIS/Desktop/DotVV/node_modules/@whiskeysockets/baileys/lib/Utils/noise-handler.js:126:13)
    at process.processTicksAndRejections (node:internal/process/task_queues:104:5)
    at async Object.decodeFrame (file:///C:/Users/shadr.JARVIS/Desktop/DotVV/node_modules/@whiskeysockets/baileys/lib/Utils/noise-handler.js:197:13)
    at async WebSocketClient.onMessageReceived (file:///C:/Users/shadr.JARVIS/Desktop/DotVV/node_modules/@whiskeysockets/baileys/lib/Socket/socket.js:442:9)
[2026-09-02T21:01:42.959Z] INFO lastDisconnect.error full: Error: Stream Errored (conflict)
    at WebSocketClient.<anonymous> (file:///C:/Users/shadr.JARVIS/Desktop/DotVV/node_modules/@whiskeysockets/baileys/lib/Socket/socket.js:795:18)
    at WebSocketClient.emit (node:events:509:28)
    at file:///C:/Users/shadr.JARVIS/Desktop/DotVV/node_modules/@whiskeysockets/baileys/lib/Socket/socket.js:465:35
    at processData (file:///C:/Users/shadr.JARVIS/Desktop/DotVV/node_modules/@whiskeysockets/baileys/lib/Utils/noise-handler.js:126:13)
    at process.processTicksAndRejections (node:internal/process/task_queues:104:5)
    at async Object.decodeFrame (file:///C:/Users/shadr.JARVIS/Desktop/DotVV/node_modules/@whiskeysockets/baileys/lib/Utils/noise-handler.js:197:13)
    at async WebSocketClient.onMessageReceived (file:///C:/Users/shadr.JARVIS/Desktop/DotVV/node_modules/@whiskeysockets/baileys/lib/Socket/socket.js:442:9) {
  data: { tag: 'conflict', attrs: { type: 'replaced' }, content: undefined },
  isBoom: true,
  isServer: false,
  output: {
    statusCode: 440,
    payload: {
      statusCode: 440,
      error: 'Unknown',
      message: 'Stream Errored (conflict)'
    },
    headers: {}
  }
}
[2026-09-02T21:01:42.960Z] INFO lastDisconnect.error.output.payload: {
  statusCode: 440,
  error: 'Unknown',
  message: 'Stream Errored (conflict)'
}
[2026-09-02T21:01:42.960Z] INFO reconnecting in 2036ms (attempt 1/5)
[2026-09-02T21:01:43.535Z] INFO connection update full: { receivedPendingNotifications: true }
[2026-09-02T21:01:43.670Z] INFO connection update full: { isOnline: true }
[2026-09-02T21:01:43.670Z] INFO connection update full: { connection: 'open' }
[2026-09-02T21:01:43.671Z] INFO connection update: open
[2026-09-02T21:01:43.671Z] INFO connection opened
[2026-09-02T21:01:45.500Z] INFO P3TROHOLIC bot started. Scan QR in terminal to authenticate.
[2026-09-02T21:01:45.500Z] INFO connection update full: {
  connection: 'connecting',
  receivedPendingNotifications: false,
  qr: undefined
}
[2026-09-02T21:01:45.501Z] INFO connection update: connecting
[2026-09-02T21:01:46.513Z] INFO connection update full: {
  connection: 'close',
  lastDisconnect: {
    error: Error: Stream Errored (conflict)
        at WebSocketClient.<anonymous> (file:///C:/Users/shadr.JARVIS/Desktop/DotVV/node_modules/@whiskeysockets/baileys/lib/Socket/socket.js:795:18)
        at WebSocketClient.emit (node:events:509:28)
        at file:///C:/Users/shadr.JARVIS/Desktop/DotVV/node_modules/@whiskeysockets/baileys/lib/Socket/socket.js:465:35
        at processData (file:///C:/Users/shadr.JARVIS/Desktop/DotVV/node_modules/@whiskeysockets/baileys/lib/Utils/noise-handler.js:126:13)
        at process.processTicksAndRejections (node:internal/process/task_queues:104:5)
        at async Object.decodeFrame (file:///C:/Users/shadr.JARVIS/Desktop/DotVV/node_modules/@whiskeysockets/baileys/lib/Utils/noise-handler.js:197:13)
        at async WebSocketClient.onMessageReceived (file:///C:/Users/shadr.JARVIS/Desktop/DotVV/node_modules/@whiskeysockets/baileys/lib/Socket/socket.js:442:9) {
      data: {
        tag: 'conflict',
        attrs: { type: 'replaced' },
        content: undefined
      },
      isBoom: true,
      isServer: false,
      output: {
        statusCode: 440,
        payload: {
          statusCode: 440,
          error: 'Unknown',
          message: 'Stream Errored (conflict)'
        },
        headers: {}
      }
    },
    date: 2026-09-02T21:01:46.513Z
  }
}
[2026-09-02T21:01:46.514Z] INFO connection update: close
[2026-09-02T21:01:46.514Z] INFO connection closed Error: Stream Errored (conflict)
    at WebSocketClient.<anonymous> (file:///C:/Users/shadr.JARVIS/Desktop/DotVV/node_modules/@whiskeysockets/baileys/lib/Socket/socket.js:795:18)
    at WebSocketClient.emit (node:events:509:28)
    at file:///C:/Users/shadr.JARVIS/Desktop/DotVV/node_modules/@whiskeysockets/baileys/lib/Socket/socket.js:465:35
    at processData (file:///C:/Users/shadr.JARVIS/Desktop/DotVV/node_modules/@whiskeysockets/baileys/lib/Utils/noise-handler.js:126:13)
    at process.processTicksAndRejections (node:internal/process/task_queues:104:5)
    at async Object.decodeFrame (file:///C:/Users/shadr.JARVIS/Desktop/DotVV/node_modules/@whiskeysockets/baileys/lib/Utils/noise-handler.js:197:13)
    at async WebSocketClient.onMessageReceived (file:///C:/Users/shadr.JARVIS/Desktop/DotVV/node_modules/@whiskeysockets/baileys/lib/Socket/socket.js:442:9)
[2026-09-02T21:01:46.515Z] INFO lastDisconnect.error full: Error: Stream Errored (conflict)
    at WebSocketClient.<anonymous> (file:///C:/Users/shadr.JARVIS/Desktop/DotVV/node_modules/@whiskeysockets/baileys/lib/Socket/socket.js:795:18)
    at WebSocketClient.emit (node:events:509:28)
    at file:///C:/Users/shadr.JARVIS/Desktop/DotVV/node_modules/@whiskeysockets/baileys/lib/Socket/socket.js:465:35
    at processData (file:///C:/Users/shadr.JARVIS/Desktop/DotVV/node_modules/@whiskeysockets/baileys/lib/Utils/noise-handler.js:126:13)
    at process.processTicksAndRejections (node:internal/process/task_queues:104:5)
    at async Object.decodeFrame (file:///C:/Users/shadr.JARVIS/Desktop/DotVV/node_modules/@whiskeysockets/baileys/lib/Utils/noise-handler.js:197:13)
    at async WebSocketClient.onMessageReceived (file:///C:/Users/shadr.JARVIS/Desktop/DotVV/node_modules/@whiskeysockets/baileys/lib/Socket/socket.js:442:9) {
  data: { tag: 'conflict', attrs: { type: 'replaced' }, content: undefined },
  isBoom: true,
  isServer: false,
  output: {
    statusCode: 440,
    payload: {
      statusCode: 440,
      error: 'Unknown',
      message: 'Stream Errored (conflict)'
    },
    headers: {}
  }
}
[2026-09-02T21:01:46.515Z] INFO lastDisconnect.error.output.payload: {
  statusCode: 440,
  error: 'Unknown',
  message: 'Stream Errored (conflict)'
}
[2026-09-02T21:01:46.516Z] INFO reconnecting in 2872ms (attempt 1/5)
[2026-09-02T21:01:47.035Z] INFO connection update full: { receivedPendingNotifications: true }
[2026-09-02T21:01:47.187Z] INFO connection update full: { isOnline: true }
[2026-09-02T21:01:47.188Z] INFO connection update full: { connection: 'open' }
[2026-09-02T21:01:47.188Z] INFO connection update: open
[2026-09-02T21:01:47.188Z] INFO connection opened
[2026-09-02T21:01:49.953Z] INFO P3TROHOLIC bot started. Scan QR in terminal to authenticate.
[2026-09-02T21:01:49.954Z] INFO connection update full: {
  connection: 'connecting',
  receivedPendingNotifications: false,
  qr: undefined
}
[2026-09-02T21:01:49.954Z] INFO connection update: connecting
[2026-09-02T21:01:51.676Z] INFO connection update full: {
  connection: 'close',
  lastDisconnect: {
    error: Error: Stream Errored (conflict)
        at WebSocketClient.<anonymous> (file:///C:/Users/shadr.JARVIS/Desktop/DotVV/node_modules/@whiskeysockets/baileys/lib/Socket/socket.js:795:18)
        at WebSocketClient.emit (node:events:509:28)
        at file:///C:/Users/shadr.JARVIS/Desktop/DotVV/node_modules/@whiskeysockets/baileys/lib/Socket/socket.js:465:35
        at processData (file:///C:/Users/shadr.JARVIS/Desktop/DotVV/node_modules/@whiskeysockets/baileys/lib/Utils/noise-handler.js:126:13)
        at process.processTicksAndRejections (node:internal/process/task_queues:104:5)
        at async Object.decodeFrame (file:///C:/Users/shadr.JARVIS/Desktop/DotVV/node_modules/@whiskeysockets/baileys/lib/Utils/noise-handler.js:197:13)
        at async WebSocketClient.onMessageReceived (file:///C:/Users/shadr.JARVIS/Desktop/DotVV/node_modules/@whiskeysockets/baileys/lib/Socket/socket.js:442:9) {
      data: {
        tag: 'conflict',
        attrs: { type: 'replaced' },
        content: undefined
      },
      isBoom: true,
      isServer: false,
      output: {
        statusCode: 440,
        payload: {
          statusCode: 440,
          error: 'Unknown',
          message: 'Stream Errored (conflict)'
        },
        headers: {}
      }
    },
    date: 2026-09-02T21:01:51.675Z
  }
}
[2026-09-02T21:01:51.676Z] INFO connection update: close
[2026-09-02T21:01:51.676Z] INFO connection closed Error: Stream Errored (conflict)
    at WebSocketClient.<anonymous> (file:///C:/Users/shadr.JARVIS/Desktop/DotVV/node_modules/@whiskeysockets/baileys/lib/Socket/socket.js:795:18)
    at WebSocketClient.emit (node:events:509:28)
    at file:///C:/Users/shadr.JARVIS/Desktop/DotVV/node_modules/@whiskeysockets/baileys/lib/Socket/socket.js:465:35
    at processData (file:///C:/Users/shadr.JARVIS/Desktop/DotVV/node_modules/@whiskeysockets/baileys/lib/Utils/noise-handler.js:126:13)
    at process.processTicksAndRejections (node:internal/process/task_queues:104:5)
    at async Object.decodeFrame (file:///C:/Users/shadr.JARVIS/Desktop/DotVV/node_modules/@whiskeysockets/baileys/lib/Utils/noise-handler.js:197:13)
    at async WebSocketClient.onMessageReceived (file:///C:/Users/shadr.JARVIS/Desktop/DotVV/node_modules/@whiskeysockets/baileys/lib/Socket/socket.js:442:9)
[2026-09-02T21:01:51.678Z] INFO lastDisconnect.error full: Error: Stream Errored (conflict)
    at WebSocketClient.<anonymous> (file:///C:/Users/shadr.JARVIS/Desktop/DotVV/node_modules/@whiskeysockets/baileys/lib/Socket/socket.js:795:18)
    at WebSocketClient.emit (node:events:509:28)
    at file:///C:/Users/shadr.JARVIS/Desktop/DotVV/node_modules/@whiskeysockets/baileys/lib/Socket/socket.js:465:35
    at processData (file:///C:/Users/shadr.JARVIS/Desktop/DotVV/node_modules/@whiskeysockets/baileys/lib/Utils/noise-handler.js:126:13)
    at process.processTicksAndRejections (node:internal/process/task_queues:104:5)
    at async Object.decodeFrame (file:///C:/Users/shadr.JARVIS/Desktop/DotVV/node_modules/@whiskeysockets/baileys/lib/Utils/noise-handler.js:197:13)
    at async WebSocketClient.onMessageReceived (file:///C:/Users/shadr.JARVIS/Desktop/DotVV/node_modules/@whiskeysockets/baileys/lib/Socket/socket.js:442:9) {
  data: { tag: 'conflict', attrs: { type: 'replaced' }, content: undefined },
  isBoom: true,
  isServer: false,
  output: {
    statusCode: 440,
    payload: {
      statusCode: 440,
      error: 'Unknown',
      message: 'Stream Errored (conflict)'
    },
    headers: {}
  }
}
[2026-09-02T21:01:51.678Z] INFO lastDisconnect.error.output.payload: {
  statusCode: 440,
  error: 'Unknown',
  message: 'Stream Errored (conflict)'
}
[2026-09-02T21:01:51.678Z] INFO reconnecting in 2248ms (attempt 1/5)
[2026-09-02T21:01:52.218Z] INFO connection update full: { receivedPendingNotifications: true }
[2026-09-02T21:01:52.534Z] INFO connection update full: { isOnline: true }
[2026-09-02T21:01:52.535Z] INFO connection update full: { connection: 'open' }
[2026-09-02T21:01:52.535Z] INFO connection update: open
[2026-09-02T21:01:52.535Z] INFO connection opened
[2026-09-02T21:01:54.444Z] INFO P3TROHOLIC bot started. Scan QR in terminal to authenticate.
[2026-09-02T21:01:54.444Z] INFO connection update full: {
  connection: 'connecting',
  receivedPendingNotifications: false,
  qr: undefined
}
[2026-09-02T21:01:54.445Z] INFO connection update: connecting
[2026-09-02T21:01:56.156Z] INFO connection update full: {
  connection: 'close',
  lastDisconnect: {
    error: Error: Stream Errored (conflict)
        at WebSocketClient.<anonymous> (file:///C:/Users/shadr.JARVIS/Desktop/DotVV/node_modules/@whiskeysockets/baileys/lib/Socket/socket.js:795:18)
        at WebSocketClient.emit (node:events:509:28)
        at file:///C:/Users/shadr.JARVIS/Desktop/DotVV/node_modules/@whiskeysockets/baileys/lib/Socket/socket.js:465:35
        at processData (file:///C:/Users/shadr.JARVIS/Desktop/DotVV/node_modules/@whiskeysockets/baileys/lib/Utils/noise-handler.js:126:13)
        at process.processTicksAndRejections (node:internal/process/task_queues:104:5)
        at async Object.decodeFrame (file:///C:/Users/shadr.JARVIS/Desktop/DotVV/node_modules/@whiskeysockets/baileys/lib/Utils/noise-handler.js:197:13)
        at async WebSocketClient.onMessageReceived (file:///C:/Users/shadr.JARVIS/Desktop/DotVV/node_modules/@whiskeysockets/baileys/lib/Socket/socket.js:442:9) {
      data: {
        tag: 'conflict',
        attrs: { type: 'replaced' },
        content: undefined
      },
      isBoom: true,
      isServer: false,
      output: {
        statusCode: 440,
        payload: {
          statusCode: 440,
          error: 'Unknown',
          message: 'Stream Errored (conflict)'
        },
        headers: {}
      }
    },
    date: 2026-09-02T21:01:56.156Z
  }
}
[2026-09-02T21:01:56.156Z] INFO connection update: close
[2026-09-02T21:01:56.156Z] INFO connection closed Error: Stream Errored (conflict)
    at WebSocketClient.<anonymous> (file:///C:/Users/shadr.JARVIS/Desktop/DotVV/node_modules/@whiskeysockets/baileys/lib/Socket/socket.js:795:18)
    at WebSocketClient.emit (node:events:509:28)
    at file:///C:/Users/shadr.JARVIS/Desktop/DotVV/node_modules/@whiskeysockets/baileys/lib/Socket/socket.js:465:35
    at processData (file:///C:/Users/shadr.JARVIS/Desktop/DotVV/node_modules/@whiskeysockets/baileys/lib/Utils/noise-handler.js:126:13)
    at process.processTicksAndRejections (node:internal/process/task_queues:104:5)
    at async Object.decodeFrame (file:///C:/Users/shadr.JARVIS/Desktop/DotVV/node_modules/@whiskeysockets/baileys/lib/Utils/noise-handler.js:197:13)
    at async WebSocketClient.onMessageReceived (file:///C:/Users/shadr.JARVIS/Desktop/DotVV/node_modules/@whiskeysockets/baileys/lib/Socket/socket.js:442:9)
[2026-09-02T21:01:56.156Z] INFO lastDisconnect.error full: Error: Stream Errored (conflict)
    at WebSocketClient.<anonymous> (file:///C:/Users/shadr.JARVIS/Desktop/DotVV/node_modules/@whiskeysockets/baileys/lib/Socket/socket.js:795:18)
    at WebSocketClient.emit (node:events:509:28)
    at file:///C:/Users/shadr.JARVIS/Desktop/DotVV/node_modules/@whiskeysockets/baileys/lib/Socket/socket.js:465:35
    at processData (file:///C:/Users/shadr.JARVIS/Desktop/DotVV/node_modules/@whiskeysockets/baileys/lib/Utils/noise-handler.js:126:13)
    at process.processTicksAndRejections (node:internal/process/task_queues:104:5)
    at async Object.decodeFrame (file:///C:/Users/shadr.JARVIS/Desktop/DotVV/node_modules/@whiskeysockets/baileys/lib/Utils/noise-handler.js:197:13)
    at async WebSocketClient.onMessageReceived (file:///C:/Users/shadr.JARVIS/Desktop/DotVV/node_modules/@whiskeysockets/baileys/lib/Socket/socket.js:442:9) {
  data: { tag: 'conflict', attrs: { type: 'replaced' }, content: undefined },
  isBoom: true,
  isServer: false,
  output: {
    statusCode: 440,
    payload: {
      statusCode: 440,
      error: 'Unknown',
      message: 'Stream Errored (conflict)'
    },
    headers: {}
  }
}
[2026-09-02T21:01:56.157Z] INFO lastDisconnect.error.output.payload: {
  statusCode: 440,
  error: 'Unknown',
  message: 'Stream Errored (conflict)'
}
[2026-09-02T21:01:56.157Z] INFO reconnecting in 2873ms (attempt 1/5)
[2026-09-02T21:01:56.478Z] INFO connection update full: { receivedPendingNotifications: true }
[2026-09-02T21:01:56.773Z] INFO connection update full: { isOnline: true }
[2026-09-02T21:01:56.774Z] INFO connection update full: { connection: 'open' }
[2026-09-02T21:01:56.774Z] INFO connection update: open
[2026-09-02T21:01:56.774Z] INFO connection opened
[2026-09-02T21:01:59.603Z] INFO P3TROHOLIC bot started. Scan QR in terminal to authenticate.
[2026-09-02T21:01:59.604Z] INFO connection update full: {
  connection: 'connecting',
  receivedPendingNotifications: false,
  qr: undefined
}
[2026-09-02T21:01:59.604Z] INFO connection update: connecting
[2026-09-02T21:02:01.648Z] INFO connection update full: {
  connection: 'close',
  lastDisconnect: {
    error: Error: Stream Errored (conflict)
        at WebSocketClient.<anonymous> (file:///C:/Users/shadr.JARVIS/Desktop/DotVV/node_modules/@whiskeysockets/baileys/lib/Socket/socket.js:795:18)
        at WebSocketClient.emit (node:events:509:28)
        at file:///C:/Users/shadr.JARVIS/Desktop/DotVV/node_modules/@whiskeysockets/baileys/lib/Socket/socket.js:465:35
        at processData (file:///C:/Users/shadr.JARVIS/Desktop/DotVV/node_modules/@whiskeysockets/baileys/lib/Utils/noise-handler.js:126:13)
        at process.processTicksAndRejections (node:internal/process/task_queues:104:5)
        at async Object.decodeFrame (file:///C:/Users/shadr.JARVIS/Desktop/DotVV/node_modules/@whiskeysockets/baileys/lib/Utils/noise-handler.js:197:13)
        at async WebSocketClient.onMessageReceived (file:///C:/Users/shadr.JARVIS/Desktop/DotVV/node_modules/@whiskeysockets/baileys/lib/Socket/socket.js:442:9) {
      data: {
        tag: 'conflict',
        attrs: { type: 'replaced' },
        content: undefined
      },
      isBoom: true,
      isServer: false,
      output: {
        statusCode: 440,
        payload: {
          statusCode: 440,
          error: 'Unknown',
          message: 'Stream Errored (conflict)'
        },
        headers: {}
      }
    },
    date: 2026-09-02T21:02:01.648Z
  }
}
[2026-09-02T21:02:01.649Z] INFO connection update: close
[2026-09-02T21:02:01.649Z] INFO connection closed Error: Stream Errored (conflict)
    at WebSocketClient.<anonymous> (file:///C:/Users/shadr.JARVIS/Desktop/DotVV/node_modules/@whiskeysockets/baileys/lib/Socket/socket.js:795:18)
    at WebSocketClient.emit (node:events:509:28)
    at file:///C:/Users/shadr.JARVIS/Desktop/DotVV/node_modules/@whiskeysockets/baileys/lib/Socket/socket.js:465:35
    at processData (file:///C:/Users/shadr.JARVIS/Desktop/DotVV/node_modules/@whiskeysockets/baileys/lib/Utils/noise-handler.js:126:13)
    at process.processTicksAndRejections (node:internal/process/task_queues:104:5)
    at async Object.decodeFrame (file:///C:/Users/shadr.JARVIS/Desktop/DotVV/node_modules/@whiskeysockets/baileys/lib/Utils/noise-handler.js:197:13)
    at async WebSocketClient.onMessageReceived (file:///C:/Users/shadr.JARVIS/Desktop/DotVV/node_modules/@whiskeysockets/baileys/lib/Socket/socket.js:442:9)
[2026-09-02T21:02:01.650Z] INFO lastDisconnect.error full: Error: Stream Errored (conflict)
    at WebSocketClient.<anonymous> (file:///C:/Users/shadr.JARVIS/Desktop/DotVV/node_modules/@whiskeysockets/baileys/lib/Socket/socket.js:795:18)
    at WebSocketClient.emit (node:events:509:28)
    at file:///C:/Users/shadr.JARVIS/Desktop/DotVV/node_modules/@whiskeysockets/baileys/lib/Socket/socket.js:465:35
    at processData (file:///C:/Users/shadr.JARVIS/Desktop/DotVV/node_modules/@whiskeysockets/baileys/lib/Utils/noise-handler.js:126:13)
    at process.processTicksAndRejections (node:internal/process/task_queues:104:5)
    at async Object.decodeFrame (file:///C:/Users/shadr.JARVIS/Desktop/DotVV/node_modules/@whiskeysockets/baileys/lib/Utils/noise-handler.js:197:13)
    at async WebSocketClient.onMessageReceived (file:///C:/Users/shadr.JARVIS/Desktop/DotVV/node_modules/@whiskeysockets/baileys/lib/Socket/socket.js:442:9) {
  data: { tag: 'conflict', attrs: { type: 'replaced' }, content: undefined },
  isBoom: true,
  isServer: false,
  output: {
    statusCode: 440,
    payload: {
      statusCode: 440,
      error: 'Unknown',
      message: 'Stream Errored (conflict)'
    },
    headers: {}
  }
}
[2026-09-02T21:02:01.650Z] INFO lastDisconnect.error.output.payload: {
  statusCode: 440,
  error: 'Unknown',
  message: 'Stream Errored (conflict)'
}
[2026-09-02T21:02:01.650Z] INFO reconnecting in 2958ms (attempt 1/5)
[2026-09-02T21:02:02.085Z] INFO connection update full: { receivedPendingNotifications: true }
[2026-09-02T21:02:02.192Z] INFO connection update full: { isOnline: true }
[2026-09-02T21:02:02.193Z] INFO connection update full: { connection: 'open' }
[2026-09-02T21:02:02.193Z] INFO connection update: open
[2026-09-02T21:02:02.193Z] INFO connection opened
[2026-09-02T21:02:05.134Z] INFO P3TROHOLIC bot started. Scan QR in terminal to authenticate.
[2026-09-02T21:02:05.134Z] INFO connection update full: {
  connection: 'connecting',
  receivedPendingNotifications: false,
  qr: undefined
}
[2026-09-02T21:02:05.134Z] INFO connection update: connecting
[2026-09-02T21:02:06.138Z] INFO connection update full: {
  connection: 'close',
  lastDisconnect: {
    error: Error: Stream Errored (conflict)
        at WebSocketClient.<anonymous> (file:///C:/Users/shadr.JARVIS/Desktop/DotVV/node_modules/@whiskeysockets/baileys/lib/Socket/socket.js:795:18)
        at WebSocketClient.emit (node:events:509:28)
        at file:///C:/Users/shadr.JARVIS/Desktop/DotVV/node_modules/@whiskeysockets/baileys/lib/Socket/socket.js:465:35
        at processData (file:///C:/Users/shadr.JARVIS/Desktop/DotVV/node_modules/@whiskeysockets/baileys/lib/Utils/noise-handler.js:126:13)
        at process.processTicksAndRejections (node:internal/process/task_queues:104:5)
        at async Object.decodeFrame (file:///C:/Users/shadr.JARVIS/Desktop/DotVV/node_modules/@whiskeysockets/baileys/lib/Utils/noise-handler.js:197:13)
        at async WebSocketClient.onMessageReceived (file:///C:/Users/shadr.JARVIS/Desktop/DotVV/node_modules/@whiskeysockets/baileys/lib/Socket/socket.js:442:9) {
      data: {
        tag: 'conflict',
        attrs: { type: 'replaced' },
        content: undefined
      },
      isBoom: true,
      isServer: false,
      output: {
        statusCode: 440,
        payload: {
          statusCode: 440,
          error: 'Unknown',
          message: 'Stream Errored (conflict)'
        },
        headers: {}
      }
    },
    date: 2026-09-02T21:02:06.138Z
  }
}
[2026-09-02T21:02:06.138Z] INFO connection update: close
[2026-09-02T21:02:06.139Z] INFO connection closed Error: Stream Errored (conflict)
    at WebSocketClient.<anonymous> (file:///C:/Users/shadr.JARVIS/Desktop/DotVV/node_modules/@whiskeysockets/baileys/lib/Socket/socket.js:795:18)
    at WebSocketClient.emit (node:events:509:28)
    at file:///C:/Users/shadr.JARVIS/Desktop/DotVV/node_modules/@whiskeysockets/baileys/lib/Socket/socket.js:465:35
    at processData (file:///C:/Users/shadr.JARVIS/Desktop/DotVV/node_modules/@whiskeysockets/baileys/lib/Utils/noise-handler.js:126:13)
    at process.processTicksAndRejections (node:internal/process/task_queues:104:5)
    at async Object.decodeFrame (file:///C:/Users/shadr.JARVIS/Desktop/DotVV/node_modules/@whiskeysockets/baileys/lib/Utils/noise-handler.js:197:13)
    at async WebSocketClient.onMessageReceived (file:///C:/Users/shadr.JARVIS/Desktop/DotVV/node_modules/@whiskeysockets/baileys/lib/Socket/socket.js:442:9)
[2026-09-02T21:02:06.139Z] INFO lastDisconnect.error full: Error: Stream Errored (conflict)
    at WebSocketClient.<anonymous> (file:///C:/Users/shadr.JARVIS/Desktop/DotVV/node_modules/@whiskeysockets/baileys/lib/Socket/socket.js:795:18)
    at WebSocketClient.emit (node:events:509:28)
    at file:///C:/Users/shadr.JARVIS/Desktop/DotVV/node_modules/@whiskeysockets/baileys/lib/Socket/socket.js:465:35
    at processData (file:///C:/Users/shadr.JARVIS/Desktop/DotVV/node_modules/@whiskeysockets/baileys/lib/Utils/noise-handler.js:126:13)
    at process.processTicksAndRejections (node:internal/process/task_queues:104:5)
    at async Object.decodeFrame (file:///C:/Users/shadr.JARVIS/Desktop/DotVV/node_modules/@whiskeysockets/baileys/lib/Utils/noise-handler.js:197:13)
    at async WebSocketClient.onMessageReceived (file:///C:/Users/shadr.JARVIS/Desktop/DotVV/node_modules/@whiskeysockets/baileys/lib/Socket/socket.js:442:9) {
  data: { tag: 'conflict', attrs: { type: 'replaced' }, content: undefined },
  isBoom: true,
  isServer: false,
  output: {
    statusCode: 440,
    payload: {
      statusCode: 440,
      error: 'Unknown',
      message: 'Stream Errored (conflict)'
    },
    headers: {}
  }
}
[2026-09-02T21:02:06.139Z] INFO lastDisconnect.error.output.payload: {
  statusCode: 440,
  error: 'Unknown',
  message: 'Stream Errored (conflict)'
}
[2026-09-02T21:02:06.140Z] INFO reconnecting in 2530ms (attempt 1/5)
[2026-09-02T21:02:09.204Z] INFO P3TROHOLIC bot started. Scan QR in terminal to authenticate.
[2026-09-02T21:02:09.204Z] INFO connection update full: {
  connection: 'connecting',
  receivedPendingNotifications: false,
  qr: undefined
}
[2026-09-02T21:02:09.205Z] INFO connection update: connecting
[2026-09-02T21:02:10.547Z] INFO connection update full: { receivedPendingNotifications: true }
[2026-09-02T21:02:10.734Z] INFO connection update full: { isOnline: true }
[2026-09-02T21:02:10.735Z] INFO connection update full: { connection: 'open' }
[2026-09-02T21:02:10.735Z] INFO connection update: open
[2026-09-02T21:02:10.735Z] INFO connection opened
[2026-09-02T21:05:05.636Z] INFO P3TROHOLIC bot started. Scan QR in terminal to authenticate.
[2026-09-02T21:05:05.639Z] INFO connection update full: {
  connection: 'connecting',
  receivedPendingNotifications: false,
  qr: undefined
}
[2026-09-02T21:05:05.639Z] INFO connection update: connecting
[2026-09-02T21:05:07.001Z] INFO connection update full: { receivedPendingNotifications: true }
[2026-09-02T21:05:07.202Z] INFO connection update full: { isOnline: true }
[2026-09-02T21:05:07.205Z] INFO connection update full: { connection: 'open' }
[2026-09-02T21:05:07.207Z] INFO connection update: open
[2026-09-02T21:05:07.210Z] INFO connection opened
[2026-09-02T21:08:06.685Z] INFO P3TROHOLIC bot started. Scan QR in terminal to authenticate.
[2026-09-02T21:08:06.691Z] INFO connection update full: {
  connection: 'connecting',
  receivedPendingNotifications: false,
  qr: undefined
}
[2026-09-02T21:08:06.691Z] INFO connection update: connecting
[2026-09-02T21:08:08.302Z] INFO connection update full: { receivedPendingNotifications: true }
[2026-09-02T21:08:08.615Z] INFO connection update full: { isOnline: true }
[2026-09-02T21:08:08.616Z] INFO connection update full: { connection: 'open' }
[2026-09-02T21:08:08.616Z] INFO connection update: open
[2026-09-02T21:08:08.616Z] INFO connection opened
[2026-09-02T21:13:56.884Z] INFO P3TROHOLIC bot started. Scan QR in terminal to authenticate.
[2026-09-02T21:13:56.886Z] INFO connection update full: {
  connection: 'connecting',
  receivedPendingNotifications: false,
  qr: undefined
}
[2026-09-02T21:13:56.886Z] INFO connection update: connecting
[2026-09-02T21:13:58.631Z] INFO connection update full: { receivedPendingNotifications: true }
[2026-09-02T21:13:58.786Z] INFO connection update full: { isOnline: true }
[2026-09-02T21:13:58.787Z] INFO connection update full: { connection: 'open' }
[2026-09-02T21:13:58.787Z] INFO connection update: open
[2026-09-02T21:13:58.787Z] INFO connection opened
[2026-09-02T21:25:54.602Z] INFO P3TROHOLIC bot started. Scan QR in terminal to authenticate.
[2026-09-02T21:25:54.605Z] INFO connection update full: {
  connection: 'connecting',
  receivedPendingNotifications: false,
  qr: undefined
}
[2026-09-02T21:25:54.605Z] INFO connection update: connecting
[2026-09-02T21:25:55.948Z] INFO connection update full: {
  connection: 'close',
  lastDisconnect: {
    error: Error: Stream Errored (conflict)
        at WebSocketClient.<anonymous> (file:///C:/Users/shadr.JARVIS/Desktop/DotVV/node_modules/@whiskeysockets/baileys/lib/Socket/socket.js:795:18)
        at WebSocketClient.emit (node:events:509:28)
        at file:///C:/Users/shadr.JARVIS/Desktop/DotVV/node_modules/@whiskeysockets/baileys/lib/Socket/socket.js:465:35
        at processData (file:///C:/Users/shadr.JARVIS/Desktop/DotVV/node_modules/@whiskeysockets/baileys/lib/Utils/noise-handler.js:126:13)
        at process.processTicksAndRejections (node:internal/process/task_queues:104:5)
        at async Object.decodeFrame (file:///C:/Users/shadr.JARVIS/Desktop/DotVV/node_modules/@whiskeysockets/baileys/lib/Utils/noise-handler.js:197:13)
        at async WebSocketClient.onMessageReceived (file:///C:/Users/shadr.JARVIS/Desktop/DotVV/node_modules/@whiskeysockets/baileys/lib/Socket/socket.js:442:9) {
      data: {
        tag: 'conflict',
        attrs: { type: 'replaced' },
        content: undefined
      },
      isBoom: true,
      isServer: false,
      output: {
        statusCode: 440,
        payload: {
          statusCode: 440,
          error: 'Unknown',
          message: 'Stream Errored (conflict)'
        },
        headers: {}
      }
    },
    date: 2026-09-02T21:25:55.947Z
  }
}
[2026-09-02T21:25:55.948Z] INFO connection update: close
[2026-09-02T21:25:55.948Z] INFO connection closed Error: Stream Errored (conflict)
    at WebSocketClient.<anonymous> (file:///C:/Users/shadr.JARVIS/Desktop/DotVV/node_modules/@whiskeysockets/baileys/lib/Socket/socket.js:795:18)
    at WebSocketClient.emit (node:events:509:28)
    at file:///C:/Users/shadr.JARVIS/Desktop/DotVV/node_modules/@whiskeysockets/baileys/lib/Socket/socket.js:465:35
    at processData (file:///C:/Users/shadr.JARVIS/Desktop/DotVV/node_modules/@whiskeysockets/baileys/lib/Utils/noise-handler.js:126:13)
    at process.processTicksAndRejections (node:internal/process/task_queues:104:5)
    at async Object.decodeFrame (file:///C:/Users/shadr.JARVIS/Desktop/DotVV/node_modules/@whiskeysockets/baileys/lib/Utils/noise-handler.js:197:13)
    at async WebSocketClient.onMessageReceived (file:///C:/Users/shadr.JARVIS/Desktop/DotVV/node_modules/@whiskeysockets/baileys/lib/Socket/socket.js:442:9)
[2026-09-02T21:25:55.950Z] INFO lastDisconnect.error full: Error: Stream Errored (conflict)
    at WebSocketClient.<anonymous> (file:///C:/Users/shadr.JARVIS/Desktop/DotVV/node_modules/@whiskeysockets/baileys/lib/Socket/socket.js:795:18)
    at WebSocketClient.emit (node:events:509:28)
    at file:///C:/Users/shadr.JARVIS/Desktop/DotVV/node_modules/@whiskeysockets/baileys/lib/Socket/socket.js:465:35
    at processData (file:///C:/Users/shadr.JARVIS/Desktop/DotVV/node_modules/@whiskeysockets/baileys/lib/Utils/noise-handler.js:126:13)
    at process.processTicksAndRejections (node:internal/process/task_queues:104:5)
    at async Object.decodeFrame (file:///C:/Users/shadr.JARVIS/Desktop/DotVV/node_modules/@whiskeysockets/baileys/lib/Utils/noise-handler.js:197:13)
    at async WebSocketClient.onMessageReceived (file:///C:/Users/shadr.JARVIS/Desktop/DotVV/node_modules/@whiskeysockets/baileys/lib/Socket/socket.js:442:9) {
  data: { tag: 'conflict', attrs: { type: 'replaced' }, content: undefined },
  isBoom: true,
  isServer: false,
  output: {
    statusCode: 440,
    payload: {
      statusCode: 440,
      error: 'Unknown',
      message: 'Stream Errored (conflict)'
    },
    headers: {}
  }
}
[2026-09-02T21:25:55.950Z] INFO lastDisconnect.error.output.payload: {
  statusCode: 440,
  error: 'Unknown',
  message: 'Stream Errored (conflict)'
}
[2026-09-02T21:25:55.950Z] INFO reconnecting in 2496ms (attempt 1/5)
[2026-09-02T21:25:56.377Z] INFO connection update full: { receivedPendingNotifications: true }
[2026-09-02T21:25:56.725Z] INFO connection update full: { isOnline: true }
[2026-09-02T21:25:56.726Z] INFO connection update full: { connection: 'open' }
[2026-09-02T21:25:56.727Z] INFO connection update: open
[2026-09-02T21:25:56.727Z] INFO connection opened
[2026-09-02T21:25:58.962Z] INFO P3TROHOLIC bot started. Scan QR in terminal to authenticate.
[2026-09-02T21:25:58.963Z] INFO connection update full: {
  connection: 'connecting',
  receivedPendingNotifications: false,
  qr: undefined
}
[2026-09-02T21:25:58.963Z] INFO connection update: connecting
[2026-09-02T21:26:00.089Z] INFO connection update full: {
  connection: 'close',
  lastDisconnect: {
    error: Error: Stream Errored (conflict)
        at WebSocketClient.<anonymous> (file:///C:/Users/shadr.JARVIS/Desktop/DotVV/node_modules/@whiskeysockets/baileys/lib/Socket/socket.js:795:18)
        at WebSocketClient.emit (node:events:509:28)
        at file:///C:/Users/shadr.JARVIS/Desktop/DotVV/node_modules/@whiskeysockets/baileys/lib/Socket/socket.js:465:35
        at processData (file:///C:/Users/shadr.JARVIS/Desktop/DotVV/node_modules/@whiskeysockets/baileys/lib/Utils/noise-handler.js:126:13)
        at process.processTicksAndRejections (node:internal/process/task_queues:104:5)
        at async Object.decodeFrame (file:///C:/Users/shadr.JARVIS/Desktop/DotVV/node_modules/@whiskeysockets/baileys/lib/Utils/noise-handler.js:197:13)
        at async WebSocketClient.onMessageReceived (file:///C:/Users/shadr.JARVIS/Desktop/DotVV/node_modules/@whiskeysockets/baileys/lib/Socket/socket.js:442:9) {
      data: {
        tag: 'conflict',
        attrs: { type: 'replaced' },
        content: undefined
      },
      isBoom: true,
      isServer: false,
      output: {
        statusCode: 440,
        payload: {
          statusCode: 440,
          error: 'Unknown',
          message: 'Stream Errored (conflict)'
        },
        headers: {}
      }
    },
    date: 2026-09-02T21:26:00.089Z
  }
}
[2026-09-02T21:26:00.089Z] INFO connection update: close
[2026-09-02T21:26:00.089Z] INFO connection closed Error: Stream Errored (conflict)
    at WebSocketClient.<anonymous> (file:///C:/Users/shadr.JARVIS/Desktop/DotVV/node_modules/@whiskeysockets/baileys/lib/Socket/socket.js:795:18)
    at WebSocketClient.emit (node:events:509:28)
    at file:///C:/Users/shadr.JARVIS/Desktop/DotVV/node_modules/@whiskeysockets/baileys/lib/Socket/socket.js:465:35
    at processData (file:///C:/Users/shadr.JARVIS/Desktop/DotVV/node_modules/@whiskeysockets/baileys/lib/Utils/noise-handler.js:126:13)
    at process.processTicksAndRejections (node:internal/process/task_queues:104:5)
    at async Object.decodeFrame (file:///C:/Users/shadr.JARVIS/Desktop/DotVV/node_modules/@whiskeysockets/baileys/lib/Utils/noise-handler.js:197:13)
    at async WebSocketClient.onMessageReceived (file:///C:/Users/shadr.JARVIS/Desktop/DotVV/node_modules/@whiskeysockets/baileys/lib/Socket/socket.js:442:9)
[2026-09-02T21:26:00.090Z] INFO lastDisconnect.error full: Error: Stream Errored (conflict)
    at WebSocketClient.<anonymous> (file:///C:/Users/shadr.JARVIS/Desktop/DotVV/node_modules/@whiskeysockets/baileys/lib/Socket/socket.js:795:18)
    at WebSocketClient.emit (node:events:509:28)
    at file:///C:/Users/shadr.JARVIS/Desktop/DotVV/node_modules/@whiskeysockets/baileys/lib/Socket/socket.js:465:35
    at processData (file:///C:/Users/shadr.JARVIS/Desktop/DotVV/node_modules/@whiskeysockets/baileys/lib/Utils/noise-handler.js:126:13)
    at process.processTicksAndRejections (node:internal/process/task_queues:104:5)
    at async Object.decodeFrame (file:///C:/Users/shadr.JARVIS/Desktop/DotVV/node_modules/@whiskeysockets/baileys/lib/Utils/noise-handler.js:197:13)
    at async WebSocketClient.onMessageReceived (file:///C:/Users/shadr.JARVIS/Desktop/DotVV/node_modules/@whiskeysockets/baileys/lib/Socket/socket.js:442:9) {
  data: { tag: 'conflict', attrs: { type: 'replaced' }, content: undefined },
  isBoom: true,
  isServer: false,
  output: {
    statusCode: 440,
    payload: {
      statusCode: 440,
      error: 'Unknown',
      message: 'Stream Errored (conflict)'
    },
    headers: {}
  }
}
[2026-09-02T21:26:00.091Z] INFO lastDisconnect.error.output.payload: {
  statusCode: 440,
  error: 'Unknown',
  message: 'Stream Errored (conflict)'
}
[2026-09-02T21:26:00.091Z] INFO reconnecting in 2621ms (attempt 1/5)
[2026-09-02T21:26:00.504Z] INFO connection update full: { receivedPendingNotifications: true }
[2026-09-02T21:26:00.620Z] INFO connection update full: { isOnline: true }
[2026-09-02T21:26:00.623Z] INFO connection update full: { connection: 'open' }
[2026-09-02T21:26:00.624Z] INFO connection update: open
[2026-09-02T21:26:00.624Z] INFO connection opened
[2026-09-02T21:26:03.231Z] INFO P3TROHOLIC bot started. Scan QR in terminal to authenticate.
[2026-09-02T21:26:03.231Z] INFO connection update full: {
  connection: 'connecting',
  receivedPendingNotifications: false,
  qr: undefined
}
[2026-09-02T21:26:03.231Z] INFO connection update: connecting
[2026-09-02T21:26:05.337Z] INFO connection update full: {
  connection: 'close',
  lastDisconnect: {
    error: Error: Stream Errored (conflict)
        at WebSocketClient.<anonymous> (file:///C:/Users/shadr.JARVIS/Desktop/DotVV/node_modules/@whiskeysockets/baileys/lib/Socket/socket.js:795:18)
        at WebSocketClient.emit (node:events:509:28)
        at file:///C:/Users/shadr.JARVIS/Desktop/DotVV/node_modules/@whiskeysockets/baileys/lib/Socket/socket.js:465:35
        at processData (file:///C:/Users/shadr.JARVIS/Desktop/DotVV/node_modules/@whiskeysockets/baileys/lib/Utils/noise-handler.js:126:13)
        at process.processTicksAndRejections (node:internal/process/task_queues:104:5)
        at async Object.decodeFrame (file:///C:/Users/shadr.JARVIS/Desktop/DotVV/node_modules/@whiskeysockets/baileys/lib/Utils/noise-handler.js:197:13)
        at async WebSocketClient.onMessageReceived (file:///C:/Users/shadr.JARVIS/Desktop/DotVV/node_modules/@whiskeysockets/baileys/lib/Socket/socket.js:442:9) {
      data: {
        tag: 'conflict',
        attrs: { type: 'replaced' },
        content: undefined
      },
      isBoom: true,
      isServer: false,
      output: {
        statusCode: 440,
        payload: {
          statusCode: 440,
          error: 'Unknown',
          message: 'Stream Errored (conflict)'
        },
        headers: {}
      }
    },
    date: 2026-09-02T21:26:05.337Z
  }
}
[2026-09-02T21:26:05.338Z] INFO connection update: close
[2026-09-02T21:26:05.338Z] INFO connection closed Error: Stream Errored (conflict)
    at WebSocketClient.<anonymous> (file:///C:/Users/shadr.JARVIS/Desktop/DotVV/node_modules/@whiskeysockets/baileys/lib/Socket/socket.js:795:18)
    at WebSocketClient.emit (node:events:509:28)
    at file:///C:/Users/shadr.JARVIS/Desktop/DotVV/node_modules/@whiskeysockets/baileys/lib/Socket/socket.js:465:35
    at processData (file:///C:/Users/shadr.JARVIS/Desktop/DotVV/node_modules/@whiskeysockets/baileys/lib/Utils/noise-handler.js:126:13)
    at process.processTicksAndRejections (node:internal/process/task_queues:104:5)
    at async Object.decodeFrame (file:///C:/Users/shadr.JARVIS/Desktop/DotVV/node_modules/@whiskeysockets/baileys/lib/Utils/noise-handler.js:197:13)
    at async WebSocketClient.onMessageReceived (file:///C:/Users/shadr.JARVIS/Desktop/DotVV/node_modules/@whiskeysockets/baileys/lib/Socket/socket.js:442:9)
[2026-09-02T21:26:05.339Z] INFO lastDisconnect.error full: Error: Stream Errored (conflict)
    at WebSocketClient.<anonymous> (file:///C:/Users/shadr.JARVIS/Desktop/DotVV/node_modules/@whiskeysockets/baileys/lib/Socket/socket.js:795:18)
    at WebSocketClient.emit (node:events:509:28)
    at file:///C:/Users/shadr.JARVIS/Desktop/DotVV/node_modules/@whiskeysockets/baileys/lib/Socket/socket.js:465:35
    at processData (file:///C:/Users/shadr.JARVIS/Desktop/DotVV/node_modules/@whiskeysockets/baileys/lib/Utils/noise-handler.js:126:13)
    at process.processTicksAndRejections (node:internal/process/task_queues:104:5)
    at async Object.decodeFrame (file:///C:/Users/shadr.JARVIS/Desktop/DotVV/node_modules/@whiskeysockets/baileys/lib/Utils/noise-handler.js:197:13)
    at async WebSocketClient.onMessageReceived (file:///C:/Users/shadr.JARVIS/Desktop/DotVV/node_modules/@whiskeysockets/baileys/lib/Socket/socket.js:442:9) {
  data: { tag: 'conflict', attrs: { type: 'replaced' }, content: undefined },
  isBoom: true,
  isServer: false,
  output: {
    statusCode: 440,
    payload: {
      statusCode: 440,
      error: 'Unknown',
      message: 'Stream Errored (conflict)'
    },
    headers: {}
  }
}
[2026-09-02T21:26:05.339Z] INFO lastDisconnect.error.output.payload: {
  statusCode: 440,
  error: 'Unknown',
  message: 'Stream Errored (conflict)'
}
[2026-09-02T21:26:05.339Z] INFO reconnecting in 2730ms (attempt 1/5)
[2026-09-02T21:26:05.545Z] INFO connection update full: { receivedPendingNotifications: true }
[2026-09-02T21:26:05.738Z] INFO connection update full: { isOnline: true }
[2026-09-02T21:26:05.739Z] INFO connection update full: { connection: 'open' }
[2026-09-02T21:26:05.739Z] INFO connection update: open
[2026-09-02T21:26:05.739Z] INFO connection opened
[2026-09-02T21:26:08.605Z] INFO P3TROHOLIC bot started. Scan QR in terminal to authenticate.
[2026-09-02T21:26:08.605Z] INFO connection update full: {
  connection: 'connecting',
  receivedPendingNotifications: false,
  qr: undefined
}
[2026-09-02T21:26:08.605Z] INFO connection update: connecting
[2026-09-02T21:26:09.665Z] INFO connection update full: {
  connection: 'close',
  lastDisconnect: {
    error: Error: Stream Errored (conflict)
        at WebSocketClient.<anonymous> (file:///C:/Users/shadr.JARVIS/Desktop/DotVV/node_modules/@whiskeysockets/baileys/lib/Socket/socket.js:795:18)
        at WebSocketClient.emit (node:events:509:28)
        at file:///C:/Users/shadr.JARVIS/Desktop/DotVV/node_modules/@whiskeysockets/baileys/lib/Socket/socket.js:465:35
        at processData (file:///C:/Users/shadr.JARVIS/Desktop/DotVV/node_modules/@whiskeysockets/baileys/lib/Utils/noise-handler.js:126:13)
        at process.processTicksAndRejections (node:internal/process/task_queues:104:5)
        at async Object.decodeFrame (file:///C:/Users/shadr.JARVIS/Desktop/DotVV/node_modules/@whiskeysockets/baileys/lib/Utils/noise-handler.js:197:13)
        at async WebSocketClient.onMessageReceived (file:///C:/Users/shadr.JARVIS/Desktop/DotVV/node_modules/@whiskeysockets/baileys/lib/Socket/socket.js:442:9) {
      data: {
        tag: 'conflict',
        attrs: { type: 'replaced' },
        content: undefined
      },
      isBoom: true,
      isServer: false,
      output: {
        statusCode: 440,
        payload: {
          statusCode: 440,
          error: 'Unknown',
          message: 'Stream Errored (conflict)'
        },
        headers: {}
      }
    },
    date: 2026-09-02T21:26:09.665Z
  }
}
[2026-09-02T21:26:09.666Z] INFO connection update: close
[2026-09-02T21:26:09.666Z] INFO connection closed Error: Stream Errored (conflict)
    at WebSocketClient.<anonymous> (file:///C:/Users/shadr.JARVIS/Desktop/DotVV/node_modules/@whiskeysockets/baileys/lib/Socket/socket.js:795:18)
    at WebSocketClient.emit (node:events:509:28)
    at file:///C:/Users/shadr.JARVIS/Desktop/DotVV/node_modules/@whiskeysockets/baileys/lib/Socket/socket.js:465:35
    at processData (file:///C:/Users/shadr.JARVIS/Desktop/DotVV/node_modules/@whiskeysockets/baileys/lib/Utils/noise-handler.js:126:13)
    at process.processTicksAndRejections (node:internal/process/task_queues:104:5)
    at async Object.decodeFrame (file:///C:/Users/shadr.JARVIS/Desktop/DotVV/node_modules/@whiskeysockets/baileys/lib/Utils/noise-handler.js:197:13)
    at async WebSocketClient.onMessageReceived (file:///C:/Users/shadr.JARVIS/Desktop/DotVV/node_modules/@whiskeysockets/baileys/lib/Socket/socket.js:442:9)
[2026-09-02T21:26:09.666Z] INFO lastDisconnect.error full: Error: Stream Errored (conflict)
    at WebSocketClient.<anonymous> (file:///C:/Users/shadr.JARVIS/Desktop/DotVV/node_modules/@whiskeysockets/baileys/lib/Socket/socket.js:795:18)
    at WebSocketClient.emit (node:events:509:28)
    at file:///C:/Users/shadr.JARVIS/Desktop/DotVV/node_modules/@whiskeysockets/baileys/lib/Socket/socket.js:465:35
    at processData (file:///C:/Users/shadr.JARVIS/Desktop/DotVV/node_modules/@whiskeysockets/baileys/lib/Utils/noise-handler.js:126:13)
    at process.processTicksAndRejections (node:internal/process/task_queues:104:5)
    at async Object.decodeFrame (file:///C:/Users/shadr.JARVIS/Desktop/DotVV/node_modules/@whiskeysockets/baileys/lib/Utils/noise-handler.js:197:13)
    at async WebSocketClient.onMessageReceived (file:///C:/Users/shadr.JARVIS/Desktop/DotVV/node_modules/@whiskeysockets/baileys/lib/Socket/socket.js:442:9) {
  data: { tag: 'conflict', attrs: { type: 'replaced' }, content: undefined },
  isBoom: true,
  isServer: false,
  output: {
    statusCode: 440,
    payload: {
      statusCode: 440,
      error: 'Unknown',
      message: 'Stream Errored (conflict)'
    },
    headers: {}
  }
}
[2026-09-02T21:26:09.666Z] INFO lastDisconnect.error.output.payload: {
  statusCode: 440,
  error: 'Unknown',
  message: 'Stream Errored (conflict)'
}
[2026-09-02T21:26:09.666Z] INFO reconnecting in 2080ms (attempt 1/5)
[2026-09-02T21:26:09.965Z] INFO connection update full: { receivedPendingNotifications: true }
[2026-09-02T21:26:10.242Z] INFO connection update full: { isOnline: true }
[2026-09-02T21:26:10.243Z] INFO connection update full: { connection: 'open' }
[2026-09-02T21:26:10.243Z] INFO connection update: open
[2026-09-02T21:26:10.243Z] INFO connection opened
[2026-09-02T21:26:12.254Z] INFO P3TROHOLIC bot started. Scan QR in terminal to authenticate.
[2026-09-02T21:26:12.255Z] INFO connection update full: {
  connection: 'connecting',
  receivedPendingNotifications: false,
  qr: undefined
}
[2026-09-02T21:26:12.255Z] INFO connection update: connecting
[2026-09-02T21:26:13.704Z] INFO connection update full: {
  connection: 'close',
  lastDisconnect: {
    error: Error: Stream Errored (conflict)
        at WebSocketClient.<anonymous> (file:///C:/Users/shadr.JARVIS/Desktop/DotVV/node_modules/@whiskeysockets/baileys/lib/Socket/socket.js:795:18)
        at WebSocketClient.emit (node:events:509:28)
        at file:///C:/Users/shadr.JARVIS/Desktop/DotVV/node_modules/@whiskeysockets/baileys/lib/Socket/socket.js:465:35
        at processData (file:///C:/Users/shadr.JARVIS/Desktop/DotVV/node_modules/@whiskeysockets/baileys/lib/Utils/noise-handler.js:126:13)
        at process.processTicksAndRejections (node:internal/process/task_queues:104:5)
        at async Object.decodeFrame (file:///C:/Users/shadr.JARVIS/Desktop/DotVV/node_modules/@whiskeysockets/baileys/lib/Utils/noise-handler.js:197:13)
        at async WebSocketClient.onMessageReceived (file:///C:/Users/shadr.JARVIS/Desktop/DotVV/node_modules/@whiskeysockets/baileys/lib/Socket/socket.js:442:9) {
      data: {
        tag: 'conflict',
        attrs: { type: 'replaced' },
        content: undefined
      },
      isBoom: true,
      isServer: false,
      output: {
        statusCode: 440,
        payload: {
          statusCode: 440,
          error: 'Unknown',
          message: 'Stream Errored (conflict)'
        },
        headers: {}
      }
    },
    date: 2026-09-02T21:26:13.704Z
  }
}
[2026-09-02T21:26:13.704Z] INFO connection update: close
[2026-09-02T21:26:13.704Z] INFO connection closed Error: Stream Errored (conflict)
    at WebSocketClient.<anonymous> (file:///C:/Users/shadr.JARVIS/Desktop/DotVV/node_modules/@whiskeysockets/baileys/lib/Socket/socket.js:795:18)
    at WebSocketClient.emit (node:events:509:28)
    at file:///C:/Users/shadr.JARVIS/Desktop/DotVV/node_modules/@whiskeysockets/baileys/lib/Socket/socket.js:465:35
    at processData (file:///C:/Users/shadr.JARVIS/Desktop/DotVV/node_modules/@whiskeysockets/baileys/lib/Utils/noise-handler.js:126:13)
    at process.processTicksAndRejections (node:internal/process/task_queues:104:5)
    at async Object.decodeFrame (file:///C:/Users/shadr.JARVIS/Desktop/DotVV/node_modules/@whiskeysockets/baileys/lib/Utils/noise-handler.js:197:13)
    at async WebSocketClient.onMessageReceived (file:///C:/Users/shadr.JARVIS/Desktop/DotVV/node_modules/@whiskeysockets/baileys/lib/Socket/socket.js:442:9)
[2026-09-02T21:26:13.705Z] INFO lastDisconnect.error full: Error: Stream Errored (conflict)
    at WebSocketClient.<anonymous> (file:///C:/Users/shadr.JARVIS/Desktop/DotVV/node_modules/@whiskeysockets/baileys/lib/Socket/socket.js:795:18)
    at WebSocketClient.emit (node:events:509:28)
    at file:///C:/Users/shadr.JARVIS/Desktop/DotVV/node_modules/@whiskeysockets/baileys/lib/Socket/socket.js:465:35
    at processData (file:///C:/Users/shadr.JARVIS/Desktop/DotVV/node_modules/@whiskeysockets/baileys/lib/Utils/noise-handler.js:126:13)
    at process.processTicksAndRejections (node:internal/process/task_queues:104:5)
    at async Object.decodeFrame (file:///C:/Users/shadr.JARVIS/Desktop/DotVV/node_modules/@whiskeysockets/baileys/lib/Utils/noise-handler.js:197:13)
    at async WebSocketClient.onMessageReceived (file:///C:/Users/shadr.JARVIS/Desktop/DotVV/node_modules/@whiskeysockets/baileys/lib/Socket/socket.js:442:9) {
  data: { tag: 'conflict', attrs: { type: 'replaced' }, content: undefined },
  isBoom: true,
  isServer: false,
  output: {
    statusCode: 440,
    payload: {
      statusCode: 440,
      error: 'Unknown',
      message: 'Stream Errored (conflict)'
    },
    headers: {}
  }
}
[2026-09-02T21:26:13.705Z] INFO lastDisconnect.error.output.payload: {
  statusCode: 440,
  error: 'Unknown',
  message: 'Stream Errored (conflict)'
}
[2026-09-02T21:26:13.706Z] INFO reconnecting in 2628ms (attempt 1/5)
[2026-09-02T21:26:13.972Z] INFO connection update full: { receivedPendingNotifications: true }
[2026-09-02T21:26:14.153Z] INFO connection update full: { isOnline: true }
[2026-09-02T21:26:14.155Z] INFO connection update full: { connection: 'open' }
[2026-09-02T21:26:14.155Z] INFO connection update: open
[2026-09-02T21:26:14.155Z] INFO connection opened
[2026-09-02T21:26:16.846Z] INFO P3TROHOLIC bot started. Scan QR in terminal to authenticate.
[2026-09-02T21:26:16.846Z] INFO connection update full: {
  connection: 'connecting',
  receivedPendingNotifications: false,
  qr: undefined
}
[2026-09-02T21:26:16.846Z] INFO connection update: connecting
[2026-09-02T21:26:17.822Z] INFO connection update full: {
  connection: 'close',
  lastDisconnect: {
    error: Error: Stream Errored (conflict)
        at WebSocketClient.<anonymous> (file:///C:/Users/shadr.JARVIS/Desktop/DotVV/node_modules/@whiskeysockets/baileys/lib/Socket/socket.js:795:18)
        at WebSocketClient.emit (node:events:509:28)
        at file:///C:/Users/shadr.JARVIS/Desktop/DotVV/node_modules/@whiskeysockets/baileys/lib/Socket/socket.js:465:35
        at processData (file:///C:/Users/shadr.JARVIS/Desktop/DotVV/node_modules/@whiskeysockets/baileys/lib/Utils/noise-handler.js:126:13)
        at process.processTicksAndRejections (node:internal/process/task_queues:104:5)
        at async Object.decodeFrame (file:///C:/Users/shadr.JARVIS/Desktop/DotVV/node_modules/@whiskeysockets/baileys/lib/Utils/noise-handler.js:197:13)
        at async WebSocketClient.onMessageReceived (file:///C:/Users/shadr.JARVIS/Desktop/DotVV/node_modules/@whiskeysockets/baileys/lib/Socket/socket.js:442:9) {
      data: {
        tag: 'conflict',
        attrs: { type: 'replaced' },
        content: undefined
      },
      isBoom: true,
      isServer: false,
      output: {
        statusCode: 440,
        payload: {
          statusCode: 440,
          error: 'Unknown',
          message: 'Stream Errored (conflict)'
        },
        headers: {}
      }
    },
    date: 2026-09-02T21:26:17.822Z
  }
}
[2026-09-02T21:26:17.822Z] INFO connection update: close
[2026-09-02T21:26:17.822Z] INFO connection closed Error: Stream Errored (conflict)
    at WebSocketClient.<anonymous> (file:///C:/Users/shadr.JARVIS/Desktop/DotVV/node_modules/@whiskeysockets/baileys/lib/Socket/socket.js:795:18)
    at WebSocketClient.emit (node:events:509:28)
    at file:///C:/Users/shadr.JARVIS/Desktop/DotVV/node_modules/@whiskeysockets/baileys/lib/Socket/socket.js:465:35
    at processData (file:///C:/Users/shadr.JARVIS/Desktop/DotVV/node_modules/@whiskeysockets/baileys/lib/Utils/noise-handler.js:126:13)
    at process.processTicksAndRejections (node:internal/process/task_queues:104:5)
    at async Object.decodeFrame (file:///C:/Users/shadr.JARVIS/Desktop/DotVV/node_modules/@whiskeysockets/baileys/lib/Utils/noise-handler.js:197:13)
    at async WebSocketClient.onMessageReceived (file:///C:/Users/shadr.JARVIS/Desktop/DotVV/node_modules/@whiskeysockets/baileys/lib/Socket/socket.js:442:9)
[2026-09-02T21:26:17.824Z] INFO lastDisconnect.error full: Error: Stream Errored (conflict)
    at WebSocketClient.<anonymous> (file:///C:/Users/shadr.JARVIS/Desktop/DotVV/node_modules/@whiskeysockets/baileys/lib/Socket/socket.js:795:18)
    at WebSocketClient.emit (node:events:509:28)
    at file:///C:/Users/shadr.JARVIS/Desktop/DotVV/node_modules/@whiskeysockets/baileys/lib/Socket/socket.js:465:35
    at processData (file:///C:/Users/shadr.JARVIS/Desktop/DotVV/node_modules/@whiskeysockets/baileys/lib/Utils/noise-handler.js:126:13)
    at process.processTicksAndRejections (node:internal/process/task_queues:104:5)
    at async Object.decodeFrame (file:///C:/Users/shadr.JARVIS/Desktop/DotVV/node_modules/@whiskeysockets/baileys/lib/Utils/noise-handler.js:197:13)
    at async WebSocketClient.onMessageReceived (file:///C:/Users/shadr.JARVIS/Desktop/DotVV/node_modules/@whiskeysockets/baileys/lib/Socket/socket.js:442:9) {
  data: { tag: 'conflict', attrs: { type: 'replaced' }, content: undefined },
  isBoom: true,
  isServer: false,
  output: {
    statusCode: 440,
    payload: {
      statusCode: 440,
      error: 'Unknown',
      message: 'Stream Errored (conflict)'
    },
    headers: {}
  }
}
[2026-09-02T21:26:17.824Z] INFO lastDisconnect.error.output.payload: {
  statusCode: 440,
  error: 'Unknown',
  message: 'Stream Errored (conflict)'
}
[2026-09-02T21:26:17.825Z] INFO reconnecting in 2389ms (attempt 1/5)
[2026-09-02T21:26:18.414Z] INFO connection update full: { receivedPendingNotifications: true }
[2026-09-02T21:26:18.623Z] INFO connection update full: { isOnline: true }
[2026-09-02T21:26:18.624Z] INFO connection update full: { connection: 'open' }
[2026-09-02T21:26:18.624Z] INFO connection update: open
[2026-09-02T21:26:18.624Z] INFO connection opened
[2026-09-02T21:26:20.711Z] INFO P3TROHOLIC bot started. Scan QR in terminal to authenticate.
[2026-09-02T21:26:20.712Z] INFO connection update full: {
  connection: 'connecting',
  receivedPendingNotifications: false,
  qr: undefined
}
[2026-09-02T21:26:20.712Z] INFO connection update: connecting
[2026-09-02T21:26:21.678Z] INFO connection update full: {
  connection: 'close',
  lastDisconnect: {
    error: Error: Stream Errored (conflict)
        at WebSocketClient.<anonymous> (file:///C:/Users/shadr.JARVIS/Desktop/DotVV/node_modules/@whiskeysockets/baileys/lib/Socket/socket.js:795:18)
        at WebSocketClient.emit (node:events:509:28)
        at file:///C:/Users/shadr.JARVIS/Desktop/DotVV/node_modules/@whiskeysockets/baileys/lib/Socket/socket.js:465:35
        at processData (file:///C:/Users/shadr.JARVIS/Desktop/DotVV/node_modules/@whiskeysockets/baileys/lib/Utils/noise-handler.js:126:13)
        at process.processTicksAndRejections (node:internal/process/task_queues:104:5)
        at async Object.decodeFrame (file:///C:/Users/shadr.JARVIS/Desktop/DotVV/node_modules/@whiskeysockets/baileys/lib/Utils/noise-handler.js:197:13)
        at async WebSocketClient.onMessageReceived (file:///C:/Users/shadr.JARVIS/Desktop/DotVV/node_modules/@whiskeysockets/baileys/lib/Socket/socket.js:442:9) {
      data: {
        tag: 'conflict',
        attrs: { type: 'replaced' },
        content: undefined
      },
      isBoom: true,
      isServer: false,
      output: {
        statusCode: 440,
        payload: {
          statusCode: 440,
          error: 'Unknown',
          message: 'Stream Errored (conflict)'
        },
        headers: {}
      }
    },
    date: 2026-09-02T21:26:21.677Z
  }
}
[2026-09-02T21:26:21.678Z] INFO connection update: close
[2026-09-02T21:26:21.678Z] INFO connection closed Error: Stream Errored (conflict)
    at WebSocketClient.<anonymous> (file:///C:/Users/shadr.JARVIS/Desktop/DotVV/node_modules/@whiskeysockets/baileys/lib/Socket/socket.js:795:18)
    at WebSocketClient.emit (node:events:509:28)
    at file:///C:/Users/shadr.JARVIS/Desktop/DotVV/node_modules/@whiskeysockets/baileys/lib/Socket/socket.js:465:35
    at processData (file:///C:/Users/shadr.JARVIS/Desktop/DotVV/node_modules/@whiskeysockets/baileys/lib/Utils/noise-handler.js:126:13)
    at process.processTicksAndRejections (node:internal/process/task_queues:104:5)
    at async Object.decodeFrame (file:///C:/Users/shadr.JARVIS/Desktop/DotVV/node_modules/@whiskeysockets/baileys/lib/Utils/noise-handler.js:197:13)
    at async WebSocketClient.onMessageReceived (file:///C:/Users/shadr.JARVIS/Desktop/DotVV/node_modules/@whiskeysockets/baileys/lib/Socket/socket.js:442:9)
[2026-09-02T21:26:21.678Z] INFO lastDisconnect.error full: Error: Stream Errored (conflict)
    at WebSocketClient.<anonymous> (file:///C:/Users/shadr.JARVIS/Desktop/DotVV/node_modules/@whiskeysockets/baileys/lib/Socket/socket.js:795:18)
    at WebSocketClient.emit (node:events:509:28)
    at file:///C:/Users/shadr.JARVIS/Desktop/DotVV/node_modules/@whiskeysockets/baileys/lib/Socket/socket.js:465:35
    at processData (file:///C:/Users/shadr.JARVIS/Desktop/DotVV/node_modules/@whiskeysockets/baileys/lib/Utils/noise-handler.js:126:13)
    at process.processTicksAndRejections (node:internal/process/task_queues:104:5)
    at async Object.decodeFrame (file:///C:/Users/shadr.JARVIS/Desktop/DotVV/node_modules/@whiskeysockets/baileys/lib/Utils/noise-handler.js:197:13)
    at async WebSocketClient.onMessageReceived (file:///C:/Users/shadr.JARVIS/Desktop/DotVV/node_modules/@whiskeysockets/baileys/lib/Socket/socket.js:442:9) {
  data: { tag: 'conflict', attrs: { type: 'replaced' }, content: undefined },
  isBoom: true,
  isServer: false,
  output: {
    statusCode: 440,
    payload: {
      statusCode: 440,
      error: 'Unknown',
      message: 'Stream Errored (conflict)'
    },
    headers: {}
  }
}
[2026-09-02T21:26:21.679Z] INFO lastDisconnect.error.output.payload: {
  statusCode: 440,
  error: 'Unknown',
  message: 'Stream Errored (conflict)'
}
[2026-09-02T21:26:21.679Z] INFO reconnecting in 2053ms (attempt 1/5)
[2026-09-02T21:26:22.178Z] INFO connection update full: { receivedPendingNotifications: true }
[2026-09-02T21:26:22.297Z] INFO connection update full: { isOnline: true }
[2026-09-02T21:26:22.298Z] INFO connection update full: { connection: 'open' }
[2026-09-02T21:26:22.298Z] INFO connection update: open
[2026-09-02T21:26:22.298Z] INFO connection opened
[2026-09-02T21:26:24.234Z] INFO P3TROHOLIC bot started. Scan QR in terminal to authenticate.
[2026-09-02T21:26:24.236Z] INFO connection update full: {
  connection: 'connecting',
  receivedPendingNotifications: false,
  qr: undefined
}
[2026-09-02T21:26:24.236Z] INFO connection update: connecting
[2026-09-02T21:26:25.939Z] INFO connection update full: { receivedPendingNotifications: true }
[2026-09-02T21:26:26.062Z] INFO connection update full: { isOnline: true }
[2026-09-02T21:26:26.063Z] INFO connection update full: { connection: 'open' }
[2026-09-02T21:26:26.063Z] INFO connection update: open
[2026-09-02T21:26:26.063Z] INFO connection opened
[2026-09-02T21:28:47.702Z] INFO P3TROHOLIC bot started. Scan QR in terminal to authenticate.
[2026-09-02T21:28:47.704Z] INFO connection update full: {
  connection: 'connecting',
  receivedPendingNotifications: false,
  qr: undefined
}
[2026-09-02T21:28:47.704Z] INFO connection update: connecting
[2026-09-02T21:28:49.838Z] INFO connection update full: { receivedPendingNotifications: true }
[2026-09-02T21:28:49.971Z] INFO connection update full: { isOnline: true }
[2026-09-02T21:28:49.972Z] INFO connection update full: { connection: 'open' }
[2026-09-02T21:28:49.972Z] INFO connection update: open
[2026-09-02T21:28:49.973Z] INFO connection opened
[2026-09-02T21:44:11.936Z] INFO connection update full: {
  connection: 'close',
  lastDisconnect: {
    error: Error: Stream Errored (unknown)
        at WebSocketClient.<anonymous> (file:///C:/Users/shadr.JARVIS/Desktop/DotVV/node_modules/@whiskeysockets/baileys/lib/Socket/socket.js:795:18)
        at WebSocketClient.emit (node:events:509:28)
        at file:///C:/Users/shadr.JARVIS/Desktop/DotVV/node_modules/@whiskeysockets/baileys/lib/Socket/socket.js:465:35
        at processData (file:///C:/Users/shadr.JARVIS/Desktop/DotVV/node_modules/@whiskeysockets/baileys/lib/Utils/noise-handler.js:126:13)
        at process.processTicksAndRejections (node:internal/process/task_queues:104:5)
        at async Object.decodeFrame (file:///C:/Users/shadr.JARVIS/Desktop/DotVV/node_modules/@whiskeysockets/baileys/lib/Utils/noise-handler.js:197:13)
        at async WebSocketClient.onMessageReceived (file:///C:/Users/shadr.JARVIS/Desktop/DotVV/node_modules/@whiskeysockets/baileys/lib/Socket/socket.js:442:9) {
      data: {
        tag: 'stream:error',
        attrs: { code: '503' },
        content: undefined
      },
      isBoom: true,
      isServer: true,
      output: {
        statusCode: 503,
        payload: {
          statusCode: 503,
          error: 'Service Unavailable',
          message: 'Stream Errored (unknown)'
        },
        headers: {}
      }
    },
    date: 2026-09-02T21:44:11.934Z
  }
}
[2026-09-02T21:44:11.936Z] INFO connection update: close
[2026-09-02T21:44:11.936Z] INFO connection closed Error: Stream Errored (unknown)
    at WebSocketClient.<anonymous> (file:///C:/Users/shadr.JARVIS/Desktop/DotVV/node_modules/@whiskeysockets/baileys/lib/Socket/socket.js:795:18)
    at WebSocketClient.emit (node:events:509:28)
    at file:///C:/Users/shadr.JARVIS/Desktop/DotVV/node_modules/@whiskeysockets/baileys/lib/Socket/socket.js:465:35
    at processData (file:///C:/Users/shadr.JARVIS/Desktop/DotVV/node_modules/@whiskeysockets/baileys/lib/Utils/noise-handler.js:126:13)
    at process.processTicksAndRejections (node:internal/process/task_queues:104:5)
    at async Object.decodeFrame (file:///C:/Users/shadr.JARVIS/Desktop/DotVV/node_modules/@whiskeysockets/baileys/lib/Utils/noise-handler.js:197:13)
    at async WebSocketClient.onMessageReceived (file:///C:/Users/shadr.JARVIS/Desktop/DotVV/node_modules/@whiskeysockets/baileys/lib/Socket/socket.js:442:9)
[2026-09-02T21:44:11.939Z] INFO lastDisconnect.error full: Error: Stream Errored (unknown)
    at WebSocketClient.<anonymous> (file:///C:/Users/shadr.JARVIS/Desktop/DotVV/node_modules/@whiskeysockets/baileys/lib/Socket/socket.js:795:18)
    at WebSocketClient.emit (node:events:509:28)
    at file:///C:/Users/shadr.JARVIS/Desktop/DotVV/node_modules/@whiskeysockets/baileys/lib/Socket/socket.js:465:35
    at processData (file:///C:/Users/shadr.JARVIS/Desktop/DotVV/node_modules/@whiskeysockets/baileys/lib/Utils/noise-handler.js:126:13)
    at process.processTicksAndRejections (node:internal/process/task_queues:104:5)
    at async Object.decodeFrame (file:///C:/Users/shadr.JARVIS/Desktop/DotVV/node_modules/@whiskeysockets/baileys/lib/Utils/noise-handler.js:197:13)
    at async WebSocketClient.onMessageReceived (file:///C:/Users/shadr.JARVIS/Desktop/DotVV/node_modules/@whiskeysockets/baileys/lib/Socket/socket.js:442:9) {
  data: { tag: 'stream:error', attrs: { code: '503' }, content: undefined },
  isBoom: true,
  isServer: true,
  output: {
    statusCode: 503,
    payload: {
      statusCode: 503,
      error: 'Service Unavailable',
      message: 'Stream Errored (unknown)'
    },
    headers: {}
  }
}
[2026-09-02T21:44:11.939Z] INFO lastDisconnect.error.output.payload: {
  statusCode: 503,
  error: 'Service Unavailable',
  message: 'Stream Errored (unknown)'
}
[2026-09-02T21:44:11.939Z] INFO reconnecting in 2969ms (attempt 1/5)
[2026-09-02T21:44:15.452Z] INFO P3TROHOLIC bot started. Scan QR in terminal to authenticate.
[2026-09-02T21:44:15.452Z] INFO connection update full: {
  connection: 'connecting',
  receivedPendingNotifications: false,
  qr: undefined
}
[2026-09-02T21:44:15.453Z] INFO connection update: connecting
[2026-09-02T21:44:17.157Z] INFO connection update full: { isOnline: true }
[2026-09-02T21:44:17.158Z] INFO connection update full: { connection: 'open' }
[2026-09-02T21:44:17.158Z] INFO connection update: open
[2026-09-02T21:44:17.158Z] INFO connection opened
[2026-09-02T21:44:17.245Z] INFO connection update full: { receivedPendingNotifications: true }
[2026-09-02T22:02:03.237Z] INFO P3TROHOLIC bot started. Scan QR in terminal to authenticate.
[2026-09-02T22:02:03.239Z] INFO connection update full: {
  connection: 'connecting',
  receivedPendingNotifications: false,
  qr: undefined
}
[2026-09-02T22:02:03.239Z] INFO connection update: connecting
[2026-09-02T22:02:05.016Z] INFO connection update full: { receivedPendingNotifications: true }
[2026-09-02T22:02:05.330Z] INFO connection update full: { isOnline: true }
[2026-09-02T22:02:05.331Z] INFO connection update full: { connection: 'open' }
[2026-09-02T22:02:05.331Z] INFO connection update: open
[2026-09-02T22:02:05.332Z] INFO connection opened
[2026-09-02T22:04:57.297Z] INFO P3TROHOLIC bot started. Scan QR in terminal to authenticate.
[2026-09-02T22:04:57.299Z] INFO connection update full: {
  connection: 'connecting',
  receivedPendingNotifications: false,
  qr: undefined
}
[2026-09-02T22:04:57.300Z] INFO connection update: connecting
[2026-09-02T22:04:59.042Z] INFO connection update full: { receivedPendingNotifications: true }
[2026-09-02T22:04:59.385Z] INFO connection update full: { isOnline: true }
[2026-09-02T22:04:59.388Z] INFO connection update full: { connection: 'open' }
[2026-09-02T22:04:59.388Z] INFO connection update: open
[2026-09-02T22:04:59.389Z] INFO connection opened
[2026-09-02T22:06:53.227Z] INFO P3TROHOLIC bot started. Scan QR in terminal to authenticate.
[2026-09-02T22:06:53.230Z] INFO connection update full: {
  connection: 'connecting',
  receivedPendingNotifications: false,
  qr: undefined
}
[2026-09-02T22:06:53.230Z] INFO connection update: connecting
[2026-09-02T22:06:54.733Z] INFO connection update full: { receivedPendingNotifications: true }
[2026-09-02T22:06:54.924Z] INFO connection update full: { isOnline: true }
[2026-09-02T22:06:54.925Z] INFO connection update full: { connection: 'open' }
[2026-09-02T22:06:54.926Z] INFO connection update: open
[2026-09-02T22:06:54.926Z] INFO connection opened
[2026-09-02T22:08:26.816Z] INFO P3TROHOLIC bot started. Scan QR in terminal to authenticate.
[2026-09-02T22:08:26.818Z] INFO connection update full: {
  connection: 'connecting',
  receivedPendingNotifications: false,
  qr: undefined
}
[2026-09-02T22:08:26.819Z] INFO connection update: connecting
[2026-09-02T22:08:28.060Z] INFO connection update full: { receivedPendingNotifications: true }
[2026-09-02T22:08:28.295Z] INFO connection update full: { isOnline: true }
[2026-09-02T22:08:28.296Z] INFO connection update full: { connection: 'open' }
[2026-09-02T22:08:28.296Z] INFO connection update: open
[2026-09-02T22:08:28.297Z] INFO connection opened
[2026-09-02T22:09:47.177Z] INFO P3TROHOLIC bot started. Scan QR in terminal to authenticate.
[2026-09-02T22:09:47.179Z] INFO connection update full: {
  connection: 'connecting',
  receivedPendingNotifications: false,
  qr: undefined
}
[2026-09-02T22:09:47.179Z] INFO connection update: connecting
[2026-09-02T22:09:49.052Z] INFO connection update full: { receivedPendingNotifications: true }
[2026-09-02T22:09:49.392Z] INFO connection update full: { isOnline: true }
[2026-09-02T22:09:49.393Z] INFO connection update full: { connection: 'open' }
[2026-09-02T22:09:49.393Z] INFO connection update: open
[2026-09-02T22:09:49.394Z] INFO connection opened
[2026-09-02T22:10:00.415Z] INFO nt: quoted participant= 238306914771045@lid extractedNumber= 238306914771045
[2026-09-02T22:10:00.415Z] INFO nt: quotedMessage keys= ["conversation"]
[2026-09-02T22:11:06.485Z] INFO P3TROHOLIC bot started. Scan QR in terminal to authenticate.
[2026-09-02T22:11:06.487Z] INFO connection update full: {
  connection: 'connecting',
  receivedPendingNotifications: false,
  qr: undefined
}
[2026-09-02T22:11:06.488Z] INFO connection update: connecting
[2026-09-02T22:11:07.796Z] INFO connection update full: { receivedPendingNotifications: true }
[2026-09-02T22:11:08.038Z] INFO connection update full: { isOnline: true }
[2026-09-02T22:11:08.040Z] INFO connection update full: { connection: 'open' }
[2026-09-02T22:11:08.041Z] INFO connection update: open
[2026-09-02T22:11:08.041Z] INFO connection opened
[2026-09-02T22:11:15.770Z] INFO nt: quoted participant= 238306914771045@lid extractedNumber= 238306914771045
[2026-09-02T22:11:15.771Z] INFO nt: quotedMessage keys= ["conversation"]
[2026-09-02T22:12:27.935Z] INFO P3TROHOLIC bot started. Scan QR in terminal to authenticate.
[2026-09-02T22:12:27.937Z] INFO connection update full: {
  connection: 'connecting',
  receivedPendingNotifications: false,
  qr: undefined
}
[2026-09-02T22:12:27.938Z] INFO connection update: connecting
[2026-09-02T22:12:29.595Z] INFO connection update full: { receivedPendingNotifications: true }
[2026-09-02T22:12:29.731Z] INFO connection update full: { isOnline: true }
[2026-09-02T22:12:29.733Z] INFO connection update full: { connection: 'open' }
[2026-09-02T22:12:29.733Z] INFO connection update: open
[2026-09-02T22:12:29.733Z] INFO connection opened
[2026-09-02T22:12:36.716Z] INFO nt: quoted participant= 115783778758833@lid extractedNumber= 115783778758833
[2026-09-02T22:12:36.717Z] INFO nt: quotedMessage keys= ["conversation"]
[2026-09-02T22:14:26.346Z] INFO P3TROHOLIC bot started. Scan QR in terminal to authenticate.
[2026-09-02T22:14:26.351Z] INFO connection update full: {
  connection: 'connecting',
  receivedPendingNotifications: false,
  qr: undefined
}
[2026-09-02T22:14:26.352Z] INFO connection update: connecting
[2026-09-02T22:14:27.716Z] INFO connection update full: { receivedPendingNotifications: true }
[2026-09-02T22:14:27.945Z] INFO connection update full: { isOnline: true }
[2026-09-02T22:14:27.946Z] INFO connection update full: { connection: 'open' }
[2026-09-02T22:14:27.947Z] INFO connection update: open
[2026-09-02T22:14:27.947Z] INFO connection opened
[2026-09-02T22:20:34.119Z] INFO P3TROHOLIC bot started. Scan QR in terminal to authenticate.
[2026-09-02T22:20:34.120Z] INFO connection update full: {
  connection: 'connecting',
  receivedPendingNotifications: false,
  qr: undefined
}
[2026-09-02T22:20:34.121Z] INFO connection update: connecting
[2026-09-02T22:20:35.577Z] INFO connection update full: { receivedPendingNotifications: true }
[2026-09-02T22:20:35.772Z] INFO connection update full: { isOnline: true }
[2026-09-02T22:20:35.773Z] INFO connection update full: { connection: 'open' }
[2026-09-02T22:20:35.773Z] INFO connection update: open
[2026-09-02T22:20:35.773Z] INFO connection opened
[2026-09-02T22:24:48.271Z] INFO P3TROHOLIC bot started. Scan QR in terminal to authenticate.
[2026-09-02T22:24:48.273Z] INFO connection update full: {
  connection: 'connecting',
  receivedPendingNotifications: false,
  qr: undefined
}
[2026-09-02T22:24:48.273Z] INFO connection update: connecting
[2026-09-02T22:24:49.829Z] INFO connection update full: { receivedPendingNotifications: true }
[2026-09-02T22:24:50.047Z] INFO connection update full: { isOnline: true }
[2026-09-02T22:24:50.048Z] INFO connection update full: { connection: 'open' }
[2026-09-02T22:24:50.048Z] INFO connection update: open
[2026-09-02T22:24:50.048Z] INFO connection opened
[2026-09-02T22:26:20.814Z] ERROR welcome handler error: TypeError: p.split is not a function
    at EventEmitter.<anonymous> (C:\Users\shadr.JARVIS\Desktop\DotVV\index.js:178:29)
    at process.processTicksAndRejections (node:internal/process/task_queues:104:5)
[2026-09-02T22:27:55.953Z] INFO P3TROHOLIC bot started. Scan QR in terminal to authenticate.
[2026-09-02T22:27:55.957Z] INFO connection update full: {
  connection: 'connecting',
  receivedPendingNotifications: false,
  qr: undefined
}
[2026-09-02T22:27:55.957Z] INFO connection update: connecting
[2026-09-02T22:27:57.300Z] INFO connection update full: { receivedPendingNotifications: true }
[2026-09-02T22:27:57.573Z] INFO connection update full: { isOnline: true }
[2026-09-02T22:27:57.574Z] INFO connection update full: { connection: 'open' }
[2026-09-02T22:27:57.574Z] INFO connection update: open
[2026-09-02T22:27:57.574Z] INFO connection opened
[2026-09-02T22:30:04.971Z] INFO P3TROHOLIC bot started. Scan QR in terminal to authenticate.
[2026-09-02T22:30:04.975Z] INFO connection update full: {
  connection: 'connecting',
  receivedPendingNotifications: false,
  qr: undefined
}
[2026-09-02T22:30:04.975Z] INFO connection update: connecting
[2026-09-02T22:30:06.642Z] INFO connection update full: { receivedPendingNotifications: true }
[2026-09-02T22:30:06.848Z] INFO connection update full: { isOnline: true }
[2026-09-02T22:30:06.849Z] INFO connection update full: { connection: 'open' }
[2026-09-02T22:30:06.849Z] INFO connection update: open
[2026-09-02T22:30:06.849Z] INFO connection opened
[2026-09-02T22:33:46.971Z] INFO P3TROHOLIC bot started. Scan QR in terminal to authenticate.
[2026-09-02T22:33:46.974Z] INFO connection update full: {
  connection: 'connecting',
  receivedPendingNotifications: false,
  qr: undefined
}
[2026-09-02T22:33:46.974Z] INFO connection update: connecting
[2026-09-02T22:33:48.705Z] INFO connection update full: { receivedPendingNotifications: true }
[2026-09-02T22:33:48.900Z] INFO connection update full: { isOnline: true }
[2026-09-02T22:33:48.901Z] INFO connection update full: { connection: 'open' }
[2026-09-02T22:33:48.901Z] INFO connection update: open
[2026-09-02T22:33:48.901Z] INFO connection opened
[2026-09-02T22:35:01.397Z] INFO P3TROHOLIC bot started. Scan QR in terminal to authenticate.
[2026-09-02T22:35:01.399Z] INFO connection update full: {
  connection: 'connecting',
  receivedPendingNotifications: false,
  qr: undefined
}
[2026-09-02T22:35:01.399Z] INFO connection update: connecting
[2026-09-02T22:35:02.679Z] INFO connection update full: { receivedPendingNotifications: true }
[2026-09-02T22:35:02.911Z] INFO connection update full: { isOnline: true }
[2026-09-02T22:35:02.912Z] INFO connection update full: { connection: 'open' }
[2026-09-02T22:35:02.912Z] INFO connection update: open
[2026-09-02T22:35:02.912Z] INFO connection opened
[2026-09-02T22:39:19.112Z] INFO P3TROHOLIC bot started. Scan QR in terminal to authenticate.
[2026-09-02T22:39:19.115Z] INFO connection update full: {
  connection: 'connecting',
  receivedPendingNotifications: false,
  qr: undefined
}
[2026-09-02T22:39:19.115Z] INFO connection update: connecting
[2026-09-02T22:39:20.894Z] INFO connection update full: { receivedPendingNotifications: true }
[2026-09-02T22:39:21.220Z] INFO connection update full: { isOnline: true }
[2026-09-02T22:39:21.221Z] INFO connection update full: { connection: 'open' }
[2026-09-02T22:39:21.222Z] INFO connection update: open
[2026-09-02T22:39:21.222Z] INFO connection opened
[2026-09-02T22:40:37.692Z] INFO P3TROHOLIC bot started. Scan QR in terminal to authenticate.
[2026-09-02T22:40:37.694Z] INFO connection update full: {
  connection: 'connecting',
  receivedPendingNotifications: false,
  qr: undefined
}
[2026-09-02T22:40:37.694Z] INFO connection update: connecting
[2026-09-02T22:40:38.880Z] INFO connection update full: { receivedPendingNotifications: true }
[2026-09-02T22:40:39.111Z] INFO connection update full: { isOnline: true }
[2026-09-02T22:40:39.112Z] INFO connection update full: { connection: 'open' }
[2026-09-02T22:40:39.112Z] INFO connection update: open
[2026-09-02T22:40:39.112Z] INFO connection opened
[2026-09-02T22:42:13.372Z] INFO P3TROHOLIC bot started. Scan QR in terminal to authenticate.
[2026-09-02T22:42:13.375Z] INFO connection update full: {
  connection: 'connecting',
  receivedPendingNotifications: false,
  qr: undefined
}
[2026-09-02T22:42:13.376Z] INFO connection update: connecting
[2026-09-02T22:42:14.938Z] INFO connection update full: { receivedPendingNotifications: true }
[2026-09-02T22:42:15.238Z] INFO connection update full: { isOnline: true }
[2026-09-02T22:42:15.239Z] INFO connection update full: { connection: 'open' }
[2026-09-02T22:42:15.239Z] INFO connection update: open
[2026-09-02T22:42:15.239Z] INFO connection opened
[2026-09-02T22:48:22.859Z] INFO P3TROHOLIC bot started. Scan QR in terminal to authenticate.
[2026-09-02T22:48:22.861Z] INFO connection update full: {
  connection: 'connecting',
  receivedPendingNotifications: false,
  qr: undefined
}
[2026-09-02T22:48:22.861Z] INFO connection update: connecting
[2026-09-02T22:48:24.633Z] INFO connection update full: { receivedPendingNotifications: true }
[2026-09-02T22:48:24.784Z] INFO connection update full: { isOnline: true }
[2026-09-02T22:48:24.785Z] INFO connection update full: { connection: 'open' }
[2026-09-02T22:48:24.786Z] INFO connection update: open
[2026-09-02T22:48:24.786Z] INFO connection opened
[2026-09-02T22:49:44.799Z] INFO P3TROHOLIC bot started. Scan QR in terminal to authenticate.
[2026-09-02T22:49:44.801Z] INFO connection update full: {
  connection: 'connecting',
  receivedPendingNotifications: false,
  qr: undefined
}
[2026-09-02T22:49:44.802Z] INFO connection update: connecting
[2026-09-02T22:49:46.290Z] INFO connection update full: { receivedPendingNotifications: true }
[2026-09-02T22:49:46.489Z] INFO connection update full: { isOnline: true }
[2026-09-02T22:49:46.490Z] INFO connection update full: { connection: 'open' }
[2026-09-02T22:49:46.490Z] INFO connection update: open
[2026-09-02T22:49:46.490Z] INFO connection opened
[2026-09-02T22:51:54.769Z] INFO P3TROHOLIC bot started. Scan QR in terminal to authenticate.
[2026-09-02T22:51:54.771Z] INFO connection update full: {
  connection: 'connecting',
  receivedPendingNotifications: false,
  qr: undefined
}
[2026-09-02T22:51:54.771Z] INFO connection update: connecting
[2026-09-02T22:51:55.988Z] INFO connection update full: { receivedPendingNotifications: true }
[2026-09-02T22:51:56.209Z] INFO connection update full: { isOnline: true }
[2026-09-02T22:51:56.210Z] INFO connection update full: { connection: 'open' }
[2026-09-02T22:51:56.210Z] INFO connection update: open
[2026-09-02T22:51:56.210Z] INFO connection opened
[2026-09-02T22:55:31.008Z] INFO P3TROHOLIC bot started. Scan QR in terminal to authenticate.
[2026-09-02T22:55:31.010Z] INFO connection update full: {
  connection: 'connecting',
  receivedPendingNotifications: false,
  qr: undefined
}
[2026-09-02T22:55:31.011Z] INFO connection update: connecting
[2026-09-02T22:55:32.328Z] INFO connection update full: { receivedPendingNotifications: true }
[2026-09-02T22:55:32.544Z] INFO connection update full: { isOnline: true }
[2026-09-02T22:55:32.545Z] INFO connection update full: { connection: 'open' }
[2026-09-02T22:55:32.545Z] INFO connection update: open
[2026-09-02T22:55:32.545Z] INFO connection opened
[2026-09-02T22:59:30.950Z] INFO P3TROHOLIC bot started. Scan QR in terminal to authenticate.
[2026-09-02T22:59:30.952Z] INFO connection update full: {
  connection: 'connecting',
  receivedPendingNotifications: false,
  qr: undefined
}
[2026-09-02T22:59:30.952Z] INFO connection update: connecting
[2026-09-02T22:59:32.163Z] INFO connection update full: { receivedPendingNotifications: true }
[2026-09-02T22:59:32.397Z] INFO connection update full: { isOnline: true }
[2026-09-02T22:59:32.398Z] INFO connection update full: { connection: 'open' }
[2026-09-02T22:59:32.398Z] INFO connection update: open
[2026-09-02T22:59:32.399Z] INFO connection opened
[2026-09-02T22:59:46.628Z] INFO antidelete: cached message 3EB004FCE002B146DDC650 no media
[2026-09-02T22:59:55.023Z] INFO antidelete: cached message 3EB03B4A0D8FC3E1B29324 no media
[2026-09-02T23:01:22.976Z] INFO P3TROHOLIC bot started. Scan QR in terminal to authenticate.
[2026-09-02T23:01:22.977Z] INFO connection update full: {
  connection: 'connecting',
  receivedPendingNotifications: false,
  qr: undefined
}
[2026-09-02T23:01:22.978Z] INFO connection update: connecting
[2026-09-02T23:01:24.333Z] INFO connection update full: { receivedPendingNotifications: true }
[2026-09-02T23:01:24.609Z] INFO connection update full: { isOnline: true }
[2026-09-02T23:01:24.611Z] INFO connection update full: { connection: 'open' }
[2026-09-02T23:01:24.612Z] INFO connection update: open
[2026-09-02T23:01:24.612Z] INFO connection opened
[2026-09-02T23:01:27.928Z] INFO antidelete: cached message 3EB0D02BCD296DE1882151 no media
[2026-09-02T23:01:36.376Z] INFO antidelete: cached message 3A9C249871CCE43BDF99 no media
[2026-09-02T23:01:45.924Z] INFO antidelete: cached message 3AC1F67843953A2D220A no media
[2026-09-02T23:01:46.619Z] INFO antidelete: cached message 3EB05B078E87C732A78BE5 no media
[2026-09-02T23:02:01.105Z] INFO antidelete: cached message 3ACC0561D6D533A9303C no media
[2026-09-02T23:04:28.201Z] ERROR Failed to load command antidelete.js C:\Users\shadr.JARVIS\Desktop\DotVV\commands\antidelete.js:188
    } else if (action === 'show') {
      ^^^^

SyntaxError: Unexpected token 'else'
    at wrapSafe (node:internal/modules/cjs/loader:1787:18)
    at Module._compile (node:internal/modules/cjs/loader:1828:20)
    at Object..js (node:internal/modules/cjs/loader:1985:10)
    at Module.load (node:internal/modules/cjs/loader:1577:32)
    at Module._load (node:internal/modules/cjs/loader:1379:12)
    at wrapModuleLoad (node:internal/modules/cjs/loader:255:19)
    at Module.require (node:internal/modules/cjs/loader:1600:12)
    at require (node:internal/modules/helpers:153:16)
    at start (C:\Users\shadr.JARVIS\Desktop\DotVV\index.js:56:21)
[2026-09-02T23:04:28.205Z] INFO P3TROHOLIC bot started. Scan QR in terminal to authenticate.
[2026-09-02T23:04:28.207Z] INFO connection update full: {
  connection: 'connecting',
  receivedPendingNotifications: false,
  qr: undefined
}
[2026-09-02T23:04:28.207Z] INFO connection update: connecting
[2026-09-02T23:04:29.874Z] INFO connection update full: { receivedPendingNotifications: true }
[2026-09-02T23:04:30.120Z] INFO connection update full: { isOnline: true }
[2026-09-02T23:04:30.121Z] INFO connection update full: { connection: 'open' }
[2026-09-02T23:04:30.121Z] INFO connection update: open
[2026-09-02T23:04:30.121Z] INFO connection opened
[2026-09-02T23:06:02.940Z] INFO antidelete: cached message 3EB02D5676E7F6644AB3DD no media
[2026-09-02T23:06:03.918Z] INFO antidelete: cached message 3EB09667BF96C830A0AD42 no media
[2026-09-02T23:07:52.423Z] INFO P3TROHOLIC bot started. Scan QR in terminal to authenticate.
[2026-09-02T23:07:52.429Z] INFO connection update full: {
  connection: 'connecting',
  receivedPendingNotifications: false,
  qr: undefined
}
[2026-09-02T23:07:52.429Z] INFO connection update: connecting
[2026-09-02T23:07:53.610Z] INFO connection update full: { receivedPendingNotifications: true }
[2026-09-02T23:07:53.840Z] INFO connection update full: { isOnline: true }
[2026-09-02T23:07:53.841Z] INFO connection update full: { connection: 'open' }
[2026-09-02T23:07:53.841Z] INFO connection update: open
[2026-09-02T23:07:53.841Z] INFO connection opened
[2026-09-02T23:07:55.571Z] INFO antidelete: cached message 3EB017683E765A7C6FF7B8 no media
[2026-09-02T23:08:04.964Z] INFO antidelete: cached message 3EB072C500EF6060C877CD no media
[2026-09-02T23:08:11.887Z] INFO antidelete: cached message 3EB07C2BA1558CA5C52438 no media
[2026-09-02T23:08:15.895Z] INFO antidelete: cached message 3EB0B02B979FE99B50462F no media
[2026-09-02T23:08:16.583Z] INFO antidelete: cached message 3EB0DF4CDBC81E1B8910B7 no media
[2026-09-02T23:08:23.840Z] INFO antidelete: cached message 3EB03E0AD84587E12BE66F no media
[2026-09-02T23:08:24.447Z] INFO antidelete: cached message 3EB01FB1698503312DA9CC no media
[2026-09-02T23:08:46.661Z] INFO antidelete: cached message 3ABE0FF62E6525BC12EB no media
[2026-09-02T23:08:47.062Z] INFO antidelete: cached message 3EB0F48623C3B9757E164B no media
[2026-09-02T23:09:10.236Z] INFO antidelete: cached message 3EB00EFE7BAB34D28238BF no media
[2026-09-02T23:09:10.630Z] INFO antidelete: cached message 3EB0C7A65DB86A13795152 no media
[2026-09-02T23:09:57.756Z] INFO P3TROHOLIC bot started. Scan QR in terminal to authenticate.
[2026-09-02T23:09:57.759Z] INFO connection update full: {
  connection: 'connecting',
  receivedPendingNotifications: false,
  qr: undefined
}
[2026-09-02T23:09:57.759Z] INFO connection update: connecting
[2026-09-02T23:09:59.325Z] INFO connection update full: { receivedPendingNotifications: true }
[2026-09-02T23:09:59.631Z] INFO connection update full: { isOnline: true }
[2026-09-02T23:09:59.632Z] INFO connection update full: { connection: 'open' }
[2026-09-02T23:09:59.632Z] INFO connection update: open
[2026-09-02T23:09:59.632Z] INFO connection opened
[2026-09-02T23:10:07.140Z] INFO antidelete: skipping protocol message (not cached)
[2026-09-02T23:10:14.786Z] INFO antidelete: cached message 3EB071F641C1A987830336 no media
[2026-09-02T23:10:15.583Z] INFO antidelete: cached message 3EB06DBB1C754251A540C3 no media
[2026-09-02T23:10:50.681Z] INFO antidelete: cached message 3EB0A4201DB518FD667F1A no media
[2026-09-02T23:10:51.128Z] INFO antidelete: cached message 3EB0BB0A92EDB01BEB4E30 no media
[2026-09-02T23:11:16.744Z] INFO P3TROHOLIC bot started. Scan QR in terminal to authenticate.
[2026-09-02T23:11:16.746Z] INFO connection update full: {
  connection: 'connecting',
  receivedPendingNotifications: false,
  qr: undefined
}
[2026-09-02T23:11:16.746Z] INFO connection update: connecting
[2026-09-02T23:11:18.175Z] INFO connection update full: { receivedPendingNotifications: true }
[2026-09-02T23:11:18.318Z] INFO antidelete: cached message 3EB067CCD6AE092A6B21CF no media
[2026-09-02T23:11:18.381Z] INFO connection update full: { isOnline: true }
[2026-09-02T23:11:18.382Z] INFO connection update full: { connection: 'open' }
[2026-09-02T23:11:18.382Z] INFO connection update: open
[2026-09-02T23:11:18.382Z] INFO connection opened
[2026-09-02T23:11:19.124Z] INFO antidelete: cached message 3EB0EEAD7E07633ED35971 no media
[2026-09-02T23:11:33.763Z] INFO antidelete: cached message 3EB000072F9C91D839A610 no media
[2026-09-02T23:11:34.255Z] INFO antidelete: cached message 3EB0D3A3D9E005D43A79F4 no media
[2026-09-02T23:12:27.050Z] INFO P3TROHOLIC bot started. Scan QR in terminal to authenticate.
[2026-09-02T23:12:27.059Z] INFO connection update full: {
  connection: 'connecting',
  receivedPendingNotifications: false,
  qr: undefined
}
[2026-09-02T23:12:27.061Z] INFO connection update: connecting
[2026-09-02T23:12:28.856Z] INFO connection update full: { receivedPendingNotifications: true }
[2026-09-02T23:12:29.021Z] INFO connection update full: { isOnline: true }
[2026-09-02T23:12:29.023Z] INFO connection update full: { connection: 'open' }
[2026-09-02T23:12:29.024Z] INFO connection update: open
[2026-09-02T23:12:29.024Z] INFO connection opened
[2026-09-02T23:12:35.696Z] INFO antidelete: cached message 3EB0C9DA1EAA5A8EFB366A no media
[2026-09-02T23:12:36.517Z] INFO antidelete: cached message 3EB04D6710D054CADC58B9 no media
[2026-09-02T23:13:58.471Z] INFO antidelete: cached message 3A3EB1F2EDC1EAD48967 no media
[2026-09-02T23:14:00.026Z] INFO antidelete: cached message 3EB0C95A4EA380B1F636B4 with media
[2026-09-02T23:15:44.290Z] INFO P3TROHOLIC bot started. Scan QR in terminal to authenticate.
[2026-09-02T23:15:44.292Z] INFO connection update full: {
  connection: 'connecting',
  receivedPendingNotifications: false,
  qr: undefined
}
[2026-09-02T23:15:44.292Z] INFO connection update: connecting
[2026-09-02T23:15:45.737Z] INFO connection update full: { receivedPendingNotifications: true }
[2026-09-02T23:15:45.911Z] INFO connection update full: { isOnline: true }
[2026-09-02T23:15:45.912Z] INFO connection update full: { connection: 'open' }
[2026-09-02T23:15:45.912Z] INFO connection update: open
[2026-09-02T23:15:45.912Z] INFO connection opened
[2026-09-02T23:18:12.973Z] INFO P3TROHOLIC bot started. Scan QR in terminal to authenticate.
[2026-09-02T23:18:12.975Z] INFO connection update full: {
  connection: 'connecting',
  receivedPendingNotifications: false,
  qr: undefined
}
[2026-09-02T23:18:12.975Z] INFO connection update: connecting
[2026-09-02T23:18:14.296Z] INFO connection update full: { receivedPendingNotifications: true }
[2026-09-02T23:18:14.534Z] INFO connection update full: { isOnline: true }
[2026-09-02T23:18:14.535Z] INFO connection update full: { connection: 'open' }
[2026-09-02T23:18:14.535Z] INFO connection update: open
[2026-09-02T23:18:14.536Z] INFO connection opened
[2026-09-02T23:30:18.749Z] INFO P3TROHOLIC bot started. Scan QR in terminal to authenticate.
[2026-09-02T23:30:18.752Z] INFO connection update full: {
  connection: 'connecting',
  receivedPendingNotifications: false,
  qr: undefined
}
[2026-09-02T23:30:18.753Z] INFO connection update: connecting
[2026-09-02T23:30:20.285Z] INFO connection update full: { receivedPendingNotifications: true }
[2026-09-02T23:30:20.481Z] INFO connection update full: { isOnline: true }
[2026-09-02T23:30:20.482Z] INFO connection update full: { connection: 'open' }
[2026-09-02T23:30:20.482Z] INFO connection update: open
[2026-09-02T23:30:20.482Z] INFO connection opened
[2026-09-02T23:34:16.768Z] INFO P3TROHOLIC bot started. Scan QR in terminal to authenticate.
[2026-09-02T23:34:16.770Z] INFO connection update full: {
  connection: 'connecting',
  receivedPendingNotifications: false,
  qr: undefined
}
[2026-09-02T23:34:16.770Z] INFO connection update: connecting
[2026-09-02T23:34:18.238Z] INFO connection update full: { receivedPendingNotifications: true }
[2026-09-02T23:34:18.452Z] INFO connection update full: { isOnline: true }
[2026-09-02T23:34:18.452Z] INFO connection update full: { connection: 'open' }
[2026-09-02T23:34:18.453Z] INFO connection update: open
[2026-09-02T23:34:18.453Z] INFO connection opened
[2026-09-02T23:37:23.255Z] INFO P3TROHOLIC bot started. Scan QR in terminal to authenticate.
[2026-09-02T23:37:23.256Z] INFO connection update full: {
  connection: 'connecting',
  receivedPendingNotifications: false,
  qr: undefined
}
[2026-09-02T23:37:23.257Z] INFO connection update: connecting
[2026-09-02T23:37:25.010Z] INFO connection update full: { receivedPendingNotifications: true }
[2026-09-02T23:37:25.166Z] INFO connection update full: { isOnline: true }
[2026-09-02T23:37:25.167Z] INFO connection update full: { connection: 'open' }
[2026-09-02T23:37:25.167Z] INFO connection update: open
[2026-09-02T23:37:25.167Z] INFO connection opened
[2026-09-02T23:57:37.681Z] INFO Webserver listening on port 3000
[2026-09-02T23:57:38.324Z] INFO P3TROHOLIC bot started. Scan QR in terminal to authenticate.
[2026-09-02T23:57:38.330Z] INFO connection update full: {
  connection: 'connecting',
  receivedPendingNotifications: false,
  qr: undefined
}
[2026-09-02T23:57:38.330Z] INFO connection update: connecting
[2026-09-02T23:57:39.998Z] INFO connection update full: { receivedPendingNotifications: true }
[2026-09-02T23:57:40.241Z] INFO connection update full: { isOnline: true }
[2026-09-02T23:57:40.245Z] INFO connection update full: { connection: 'open' }
[2026-09-02T23:57:40.246Z] INFO connection update: open
[2026-09-02T23:57:40.246Z] INFO connection opened
[2026-09-03T00:23:11.336Z] INFO connection update full: {
  connection: 'close',
  lastDisconnect: {
    error: Error: Stream Errored (conflict)
        at WebSocketClient.<anonymous> (file:///C:/Users/shadr.JARVIS/Desktop/DotVV/node_modules/@whiskeysockets/baileys/lib/Socket/socket.js:795:18)
        at WebSocketClient.emit (node:events:509:28)
        at file:///C:/Users/shadr.JARVIS/Desktop/DotVV/node_modules/@whiskeysockets/baileys/lib/Socket/socket.js:465:35
        at processData (file:///C:/Users/shadr.JARVIS/Desktop/DotVV/node_modules/@whiskeysockets/baileys/lib/Utils/noise-handler.js:126:13)
        at process.processTicksAndRejections (node:internal/process/task_queues:104:5)
        at async Object.decodeFrame (file:///C:/Users/shadr.JARVIS/Desktop/DotVV/node_modules/@whiskeysockets/baileys/lib/Utils/noise-handler.js:197:13)
        at async WebSocketClient.onMessageReceived (file:///C:/Users/shadr.JARVIS/Desktop/DotVV/node_modules/@whiskeysockets/baileys/lib/Socket/socket.js:442:9) {
      data: {
        tag: 'conflict',
        attrs: { type: 'replaced' },
        content: undefined
      },
      isBoom: true,
      isServer: false,
      output: {
        statusCode: 440,
        payload: {
          statusCode: 440,
          error: 'Unknown',
          message: 'Stream Errored (conflict)'
        },
        headers: {}
      }
    },
    date: 2026-09-03T00:23:11.333Z
  }
}
[2026-09-03T00:23:11.339Z] INFO connection update: close
[2026-09-03T00:23:11.340Z] INFO connection closed Error: Stream Errored (conflict)
    at WebSocketClient.<anonymous> (file:///C:/Users/shadr.JARVIS/Desktop/DotVV/node_modules/@whiskeysockets/baileys/lib/Socket/socket.js:795:18)
    at WebSocketClient.emit (node:events:509:28)
    at file:///C:/Users/shadr.JARVIS/Desktop/DotVV/node_modules/@whiskeysockets/baileys/lib/Socket/socket.js:465:35
    at processData (file:///C:/Users/shadr.JARVIS/Desktop/DotVV/node_modules/@whiskeysockets/baileys/lib/Utils/noise-handler.js:126:13)
    at process.processTicksAndRejections (node:internal/process/task_queues:104:5)
    at async Object.decodeFrame (file:///C:/Users/shadr.JARVIS/Desktop/DotVV/node_modules/@whiskeysockets/baileys/lib/Utils/noise-handler.js:197:13)
    at async WebSocketClient.onMessageReceived (file:///C:/Users/shadr.JARVIS/Desktop/DotVV/node_modules/@whiskeysockets/baileys/lib/Socket/socket.js:442:9)
[2026-09-03T00:23:11.343Z] INFO lastDisconnect.error full: Error: Stream Errored (conflict)
    at WebSocketClient.<anonymous> (file:///C:/Users/shadr.JARVIS/Desktop/DotVV/node_modules/@whiskeysockets/baileys/lib/Socket/socket.js:795:18)
    at WebSocketClient.emit (node:events:509:28)
    at file:///C:/Users/shadr.JARVIS/Desktop/DotVV/node_modules/@whiskeysockets/baileys/lib/Socket/socket.js:465:35
    at processData (file:///C:/Users/shadr.JARVIS/Desktop/DotVV/node_modules/@whiskeysockets/baileys/lib/Utils/noise-handler.js:126:13)
    at process.processTicksAndRejections (node:internal/process/task_queues:104:5)
    at async Object.decodeFrame (file:///C:/Users/shadr.JARVIS/Desktop/DotVV/node_modules/@whiskeysockets/baileys/lib/Utils/noise-handler.js:197:13)
    at async WebSocketClient.onMessageReceived (file:///C:/Users/shadr.JARVIS/Desktop/DotVV/node_modules/@whiskeysockets/baileys/lib/Socket/socket.js:442:9) {
  data: { tag: 'conflict', attrs: { type: 'replaced' }, content: undefined },
  isBoom: true,
  isServer: false,
  output: {
    statusCode: 440,
    payload: {
      statusCode: 440,
      error: 'Unknown',
      message: 'Stream Errored (conflict)'
    },
    headers: {}
  }
}
[2026-09-03T00:23:11.344Z] INFO lastDisconnect.error.output.payload: {
  statusCode: 440,
  error: 'Unknown',
  message: 'Stream Errored (conflict)'
}
[2026-09-03T00:23:11.344Z] INFO reconnecting in 2786ms (attempt 1/5)
[2026-09-03T00:23:14.707Z] INFO P3TROHOLIC bot started. Scan QR in terminal to authenticate.
[2026-09-03T00:23:14.708Z] INFO connection update full: {
  connection: 'connecting',
  receivedPendingNotifications: false,
  qr: undefined
}
[2026-09-03T00:23:14.708Z] INFO connection update: connecting
[2026-09-03T00:23:16.726Z] INFO connection update full: { receivedPendingNotifications: true }
[2026-09-03T00:23:17.033Z] INFO connection update full: { isOnline: true }
[2026-09-03T00:23:17.034Z] INFO connection update full: { connection: 'open' }
[2026-09-03T00:23:17.034Z] INFO connection update: open
[2026-09-03T00:23:17.034Z] INFO connection opened
[2026-09-03T00:23:17.900Z] INFO connection update full: {
  connection: 'close',
  lastDisconnect: {
    error: Error: Stream Errored (conflict)
        at WebSocketClient.<anonymous> (file:///C:/Users/shadr.JARVIS/Desktop/DotVV/node_modules/@whiskeysockets/baileys/lib/Socket/socket.js:795:18)
        at WebSocketClient.emit (node:events:509:28)
        at file:///C:/Users/shadr.JARVIS/Desktop/DotVV/node_modules/@whiskeysockets/baileys/lib/Socket/socket.js:465:35
        at processData (file:///C:/Users/shadr.JARVIS/Desktop/DotVV/node_modules/@whiskeysockets/baileys/lib/Utils/noise-handler.js:126:13)
        at process.processTicksAndRejections (node:internal/process/task_queues:104:5)
        at async Object.decodeFrame (file:///C:/Users/shadr.JARVIS/Desktop/DotVV/node_modules/@whiskeysockets/baileys/lib/Utils/noise-handler.js:197:13)
        at async WebSocketClient.onMessageReceived (file:///C:/Users/shadr.JARVIS/Desktop/DotVV/node_modules/@whiskeysockets/baileys/lib/Socket/socket.js:442:9) {
      data: {
        tag: 'conflict',
        attrs: { type: 'replaced' },
        content: undefined
      },
      isBoom: true,
      isServer: false,
      output: {
        statusCode: 440,
        payload: {
          statusCode: 440,
          error: 'Unknown',
          message: 'Stream Errored (conflict)'
        },
        headers: {}
      }
    },
    date: 2026-09-03T00:23:17.899Z
  }
}
[2026-09-03T00:23:17.900Z] INFO connection update: close
[2026-09-03T00:23:17.900Z] INFO connection closed Error: Stream Errored (conflict)
    at WebSocketClient.<anonymous> (file:///C:/Users/shadr.JARVIS/Desktop/DotVV/node_modules/@whiskeysockets/baileys/lib/Socket/socket.js:795:18)
    at WebSocketClient.emit (node:events:509:28)
    at file:///C:/Users/shadr.JARVIS/Desktop/DotVV/node_modules/@whiskeysockets/baileys/lib/Socket/socket.js:465:35
    at processData (file:///C:/Users/shadr.JARVIS/Desktop/DotVV/node_modules/@whiskeysockets/baileys/lib/Utils/noise-handler.js:126:13)
    at process.processTicksAndRejections (node:internal/process/task_queues:104:5)
    at async Object.decodeFrame (file:///C:/Users/shadr.JARVIS/Desktop/DotVV/node_modules/@whiskeysockets/baileys/lib/Utils/noise-handler.js:197:13)
    at async WebSocketClient.onMessageReceived (file:///C:/Users/shadr.JARVIS/Desktop/DotVV/node_modules/@whiskeysockets/baileys/lib/Socket/socket.js:442:9)
[2026-09-03T00:23:17.900Z] INFO lastDisconnect.error full: Error: Stream Errored (conflict)
    at WebSocketClient.<anonymous> (file:///C:/Users/shadr.JARVIS/Desktop/DotVV/node_modules/@whiskeysockets/baileys/lib/Socket/socket.js:795:18)
    at WebSocketClient.emit (node:events:509:28)
    at file:///C:/Users/shadr.JARVIS/Desktop/DotVV/node_modules/@whiskeysockets/baileys/lib/Socket/socket.js:465:35
    at processData (file:///C:/Users/shadr.JARVIS/Desktop/DotVV/node_modules/@whiskeysockets/baileys/lib/Utils/noise-handler.js:126:13)
    at process.processTicksAndRejections (node:internal/process/task_queues:104:5)
    at async Object.decodeFrame (file:///C:/Users/shadr.JARVIS/Desktop/DotVV/node_modules/@whiskeysockets/baileys/lib/Utils/noise-handler.js:197:13)
    at async WebSocketClient.onMessageReceived (file:///C:/Users/shadr.JARVIS/Desktop/DotVV/node_modules/@whiskeysockets/baileys/lib/Socket/socket.js:442:9) {
  data: { tag: 'conflict', attrs: { type: 'replaced' }, content: undefined },
  isBoom: true,
  isServer: false,
  output: {
    statusCode: 440,
    payload: {
      statusCode: 440,
      error: 'Unknown',
      message: 'Stream Errored (conflict)'
    },
    headers: {}
  }
}
[2026-09-03T00:23:17.900Z] INFO lastDisconnect.error.output.payload: {
  statusCode: 440,
  error: 'Unknown',
  message: 'Stream Errored (conflict)'
}
[2026-09-03T00:23:17.901Z] INFO reconnecting in 2867ms (attempt 1/5)
[2026-09-03T00:23:21.288Z] INFO P3TROHOLIC bot started. Scan QR in terminal to authenticate.
[2026-09-03T00:23:21.289Z] INFO connection update full: {
  connection: 'connecting',
  receivedPendingNotifications: false,
  qr: undefined
}
[2026-09-03T00:23:21.289Z] INFO connection update: connecting
[2026-09-03T00:23:22.561Z] INFO connection update full: { receivedPendingNotifications: true }
[2026-09-03T00:23:22.830Z] INFO connection update full: { isOnline: true }
[2026-09-03T00:23:22.830Z] INFO connection update full: { connection: 'open' }
[2026-09-03T00:23:22.830Z] INFO connection update: open
[2026-09-03T00:23:22.830Z] INFO connection opened
[2026-09-03T00:23:23.334Z] INFO connection update full: {
  connection: 'close',
  lastDisconnect: {
    error: Error: Stream Errored (conflict)
        at WebSocketClient.<anonymous> (file:///C:/Users/shadr.JARVIS/Desktop/DotVV/node_modules/@whiskeysockets/baileys/lib/Socket/socket.js:795:18)
        at WebSocketClient.emit (node:events:509:28)
        at file:///C:/Users/shadr.JARVIS/Desktop/DotVV/node_modules/@whiskeysockets/baileys/lib/Socket/socket.js:465:35
        at processData (file:///C:/Users/shadr.JARVIS/Desktop/DotVV/node_modules/@whiskeysockets/baileys/lib/Utils/noise-handler.js:126:13)
        at process.processTicksAndRejections (node:internal/process/task_queues:104:5)
        at async Object.decodeFrame (file:///C:/Users/shadr.JARVIS/Desktop/DotVV/node_modules/@whiskeysockets/baileys/lib/Utils/noise-handler.js:197:13)
        at async WebSocketClient.onMessageReceived (file:///C:/Users/shadr.JARVIS/Desktop/DotVV/node_modules/@whiskeysockets/baileys/lib/Socket/socket.js:442:9) {
      data: {
        tag: 'conflict',
        attrs: { type: 'replaced' },
        content: undefined
      },
      isBoom: true,
      isServer: false,
      output: {
        statusCode: 440,
        payload: {
          statusCode: 440,
          error: 'Unknown',
          message: 'Stream Errored (conflict)'
        },
        headers: {}
      }
    },
    date: 2026-09-03T00:23:23.334Z
  }
}
[2026-09-03T00:23:23.334Z] INFO connection update: close
[2026-09-03T00:23:23.334Z] INFO connection closed Error: Stream Errored (conflict)
    at WebSocketClient.<anonymous> (file:///C:/Users/shadr.JARVIS/Desktop/DotVV/node_modules/@whiskeysockets/baileys/lib/Socket/socket.js:795:18)
    at WebSocketClient.emit (node:events:509:28)
    at file:///C:/Users/shadr.JARVIS/Desktop/DotVV/node_modules/@whiskeysockets/baileys/lib/Socket/socket.js:465:35
    at processData (file:///C:/Users/shadr.JARVIS/Desktop/DotVV/node_modules/@whiskeysockets/baileys/lib/Utils/noise-handler.js:126:13)
    at process.processTicksAndRejections (node:internal/process/task_queues:104:5)
    at async Object.decodeFrame (file:///C:/Users/shadr.JARVIS/Desktop/DotVV/node_modules/@whiskeysockets/baileys/lib/Utils/noise-handler.js:197:13)
    at async WebSocketClient.onMessageReceived (file:///C:/Users/shadr.JARVIS/Desktop/DotVV/node_modules/@whiskeysockets/baileys/lib/Socket/socket.js:442:9)
[2026-09-03T00:23:23.335Z] INFO lastDisconnect.error full: Error: Stream Errored (conflict)
    at WebSocketClient.<anonymous> (file:///C:/Users/shadr.JARVIS/Desktop/DotVV/node_modules/@whiskeysockets/baileys/lib/Socket/socket.js:795:18)
    at WebSocketClient.emit (node:events:509:28)
    at file:///C:/Users/shadr.JARVIS/Desktop/DotVV/node_modules/@whiskeysockets/baileys/lib/Socket/socket.js:465:35
    at processData (file:///C:/Users/shadr.JARVIS/Desktop/DotVV/node_modules/@whiskeysockets/baileys/lib/Utils/noise-handler.js:126:13)
    at process.processTicksAndRejections (node:internal/process/task_queues:104:5)
    at async Object.decodeFrame (file:///C:/Users/shadr.JARVIS/Desktop/DotVV/node_modules/@whiskeysockets/baileys/lib/Utils/noise-handler.js:197:13)
    at async WebSocketClient.onMessageReceived (file:///C:/Users/shadr.JARVIS/Desktop/DotVV/node_modules/@whiskeysockets/baileys/lib/Socket/socket.js:442:9) {
  data: { tag: 'conflict', attrs: { type: 'replaced' }, content: undefined },
  isBoom: true,
  isServer: false,
  output: {
    statusCode: 440,
    payload: {
      statusCode: 440,
      error: 'Unknown',
      message: 'Stream Errored (conflict)'
    },
    headers: {}
  }
}
[2026-09-03T00:23:23.335Z] INFO lastDisconnect.error.output.payload: {
  statusCode: 440,
  error: 'Unknown',
  message: 'Stream Errored (conflict)'
}
[2026-09-03T00:23:23.335Z] INFO reconnecting in 2738ms (attempt 1/5)
[2026-09-03T00:23:26.588Z] INFO P3TROHOLIC bot started. Scan QR in terminal to authenticate.
[2026-09-03T00:23:26.588Z] INFO connection update full: {
  connection: 'connecting',
  receivedPendingNotifications: false,
  qr: undefined
}
[2026-09-03T00:23:26.588Z] INFO connection update: connecting
[2026-09-03T00:23:28.212Z] INFO connection update full: {
  connection: 'close',
  lastDisconnect: {
    error: Error: Stream Errored (conflict)
        at WebSocketClient.<anonymous> (file:///C:/Users/shadr.JARVIS/Desktop/DotVV/node_modules/@whiskeysockets/baileys/lib/Socket/socket.js:795:18)
        at WebSocketClient.emit (node:events:509:28)
        at file:///C:/Users/shadr.JARVIS/Desktop/DotVV/node_modules/@whiskeysockets/baileys/lib/Socket/socket.js:465:35
        at processData (file:///C:/Users/shadr.JARVIS/Desktop/DotVV/node_modules/@whiskeysockets/baileys/lib/Utils/noise-handler.js:126:13)
        at process.processTicksAndRejections (node:internal/process/task_queues:104:5)
        at async Object.decodeFrame (file:///C:/Users/shadr.JARVIS/Desktop/DotVV/node_modules/@whiskeysockets/baileys/lib/Utils/noise-handler.js:197:13)
        at async WebSocketClient.onMessageReceived (file:///C:/Users/shadr.JARVIS/Desktop/DotVV/node_modules/@whiskeysockets/baileys/lib/Socket/socket.js:442:9) {
      data: {
        tag: 'conflict',
        attrs: { type: 'replaced' },
        content: undefined
      },
      isBoom: true,
      isServer: false,
      output: {
        statusCode: 440,
        payload: {
          statusCode: 440,
          error: 'Unknown',
          message: 'Stream Errored (conflict)'
        },
        headers: {}
      }
    },
    date: 2026-09-03T00:23:28.212Z
  }
}
[2026-09-03T00:23:28.212Z] INFO connection update: close
[2026-09-03T00:23:28.212Z] INFO connection closed Error: Stream Errored (conflict)
    at WebSocketClient.<anonymous> (file:///C:/Users/shadr.JARVIS/Desktop/DotVV/node_modules/@whiskeysockets/baileys/lib/Socket/socket.js:795:18)
    at WebSocketClient.emit (node:events:509:28)
    at file:///C:/Users/shadr.JARVIS/Desktop/DotVV/node_modules/@whiskeysockets/baileys/lib/Socket/socket.js:465:35
    at processData (file:///C:/Users/shadr.JARVIS/Desktop/DotVV/node_modules/@whiskeysockets/baileys/lib/Utils/noise-handler.js:126:13)
    at process.processTicksAndRejections (node:internal/process/task_queues:104:5)
    at async Object.decodeFrame (file:///C:/Users/shadr.JARVIS/Desktop/DotVV/node_modules/@whiskeysockets/baileys/lib/Utils/noise-handler.js:197:13)
    at async WebSocketClient.onMessageReceived (file:///C:/Users/shadr.JARVIS/Desktop/DotVV/node_modules/@whiskeysockets/baileys/lib/Socket/socket.js:442:9)
[2026-09-03T00:23:28.213Z] INFO lastDisconnect.error full: Error: Stream Errored (conflict)
    at WebSocketClient.<anonymous> (file:///C:/Users/shadr.JARVIS/Desktop/DotVV/node_modules/@whiskeysockets/baileys/lib/Socket/socket.js:795:18)
    at WebSocketClient.emit (node:events:509:28)
    at file:///C:/Users/shadr.JARVIS/Desktop/DotVV/node_modules/@whiskeysockets/baileys/lib/Socket/socket.js:465:35
    at processData (file:///C:/Users/shadr.JARVIS/Desktop/DotVV/node_modules/@whiskeysockets/baileys/lib/Utils/noise-handler.js:126:13)
    at process.processTicksAndRejections (node:internal/process/task_queues:104:5)
    at async Object.decodeFrame (file:///C:/Users/shadr.JARVIS/Desktop/DotVV/node_modules/@whiskeysockets/baileys/lib/Utils/noise-handler.js:197:13)
    at async WebSocketClient.onMessageReceived (file:///C:/Users/shadr.JARVIS/Desktop/DotVV/node_modules/@whiskeysockets/baileys/lib/Socket/socket.js:442:9) {
  data: { tag: 'conflict', attrs: { type: 'replaced' }, content: undefined },
  isBoom: true,
  isServer: false,
  output: {
    statusCode: 440,
    payload: {
      statusCode: 440,
      error: 'Unknown',
      message: 'Stream Errored (conflict)'
    },
    headers: {}
  }
}
[2026-09-03T00:23:28.213Z] INFO lastDisconnect.error.output.payload: {
  statusCode: 440,
  error: 'Unknown',
  message: 'Stream Errored (conflict)'
}
[2026-09-03T00:23:28.213Z] INFO reconnecting in 4594ms (attempt 2/5)
[2026-09-03T00:23:33.362Z] INFO P3TROHOLIC bot started. Scan QR in terminal to authenticate.
[2026-09-03T00:23:33.363Z] INFO connection update full: {
  connection: 'connecting',
  receivedPendingNotifications: false,
  qr: undefined
}
[2026-09-03T00:23:33.363Z] INFO connection update: connecting
[2026-09-03T00:23:35.069Z] INFO connection update full: {
  connection: 'close',
  lastDisconnect: {
    error: Error: Stream Errored (conflict)
        at WebSocketClient.<anonymous> (file:///C:/Users/shadr.JARVIS/Desktop/DotVV/node_modules/@whiskeysockets/baileys/lib/Socket/socket.js:795:18)
        at WebSocketClient.emit (node:events:509:28)
        at file:///C:/Users/shadr.JARVIS/Desktop/DotVV/node_modules/@whiskeysockets/baileys/lib/Socket/socket.js:465:35
        at processData (file:///C:/Users/shadr.JARVIS/Desktop/DotVV/node_modules/@whiskeysockets/baileys/lib/Utils/noise-handler.js:126:13)
        at process.processTicksAndRejections (node:internal/process/task_queues:104:5)
        at async Object.decodeFrame (file:///C:/Users/shadr.JARVIS/Desktop/DotVV/node_modules/@whiskeysockets/baileys/lib/Utils/noise-handler.js:197:13)
        at async WebSocketClient.onMessageReceived (file:///C:/Users/shadr.JARVIS/Desktop/DotVV/node_modules/@whiskeysockets/baileys/lib/Socket/socket.js:442:9) {
      data: {
        tag: 'conflict',
        attrs: { type: 'replaced' },
        content: undefined
      },
      isBoom: true,
      isServer: false,
      output: {
        statusCode: 440,
        payload: {
          statusCode: 440,
          error: 'Unknown',
          message: 'Stream Errored (conflict)'
        },
        headers: {}
      }
    },
    date: 2026-09-03T00:23:35.069Z
  }
}
[2026-09-03T00:23:35.069Z] INFO connection update: close
[2026-09-03T00:23:35.069Z] INFO connection closed Error: Stream Errored (conflict)
    at WebSocketClient.<anonymous> (file:///C:/Users/shadr.JARVIS/Desktop/DotVV/node_modules/@whiskeysockets/baileys/lib/Socket/socket.js:795:18)
    at WebSocketClient.emit (node:events:509:28)
    at file:///C:/Users/shadr.JARVIS/Desktop/DotVV/node_modules/@whiskeysockets/baileys/lib/Socket/socket.js:465:35
    at processData (file:///C:/Users/shadr.JARVIS/Desktop/DotVV/node_modules/@whiskeysockets/baileys/lib/Utils/noise-handler.js:126:13)
    at process.processTicksAndRejections (node:internal/process/task_queues:104:5)
    at async Object.decodeFrame (file:///C:/Users/shadr.JARVIS/Desktop/DotVV/node_modules/@whiskeysockets/baileys/lib/Utils/noise-handler.js:197:13)
    at async WebSocketClient.onMessageReceived (file:///C:/Users/shadr.JARVIS/Desktop/DotVV/node_modules/@whiskeysockets/baileys/lib/Socket/socket.js:442:9)
[2026-09-03T00:23:35.070Z] INFO lastDisconnect.error full: Error: Stream Errored (conflict)
    at WebSocketClient.<anonymous> (file:///C:/Users/shadr.JARVIS/Desktop/DotVV/node_modules/@whiskeysockets/baileys/lib/Socket/socket.js:795:18)
    at WebSocketClient.emit (node:events:509:28)
    at file:///C:/Users/shadr.JARVIS/Desktop/DotVV/node_modules/@whiskeysockets/baileys/lib/Socket/socket.js:465:35
    at processData (file:///C:/Users/shadr.JARVIS/Desktop/DotVV/node_modules/@whiskeysockets/baileys/lib/Utils/noise-handler.js:126:13)
    at process.processTicksAndRejections (node:internal/process/task_queues:104:5)
    at async Object.decodeFrame (file:///C:/Users/shadr.JARVIS/Desktop/DotVV/node_modules/@whiskeysockets/baileys/lib/Utils/noise-handler.js:197:13)
    at async WebSocketClient.onMessageReceived (file:///C:/Users/shadr.JARVIS/Desktop/DotVV/node_modules/@whiskeysockets/baileys/lib/Socket/socket.js:442:9) {
  data: { tag: 'conflict', attrs: { type: 'replaced' }, content: undefined },
  isBoom: true,
  isServer: false,
  output: {
    statusCode: 440,
    payload: {
      statusCode: 440,
      error: 'Unknown',
      message: 'Stream Errored (conflict)'
    },
    headers: {}
  }
}
[2026-09-03T00:23:35.070Z] INFO lastDisconnect.error.output.payload: {
  statusCode: 440,
  error: 'Unknown',
  message: 'Stream Errored (conflict)'
}
[2026-09-03T00:23:35.070Z] INFO reconnecting in 8399ms (attempt 3/5)
[2026-09-03T00:23:43.988Z] INFO P3TROHOLIC bot started. Scan QR in terminal to authenticate.
[2026-09-03T00:23:43.989Z] INFO connection update full: {
  connection: 'connecting',
  receivedPendingNotifications: false,
  qr: undefined
}
[2026-09-03T00:23:43.989Z] INFO connection update: connecting
[2026-09-03T00:23:45.645Z] INFO connection update full: { receivedPendingNotifications: true }
[2026-09-03T00:23:45.860Z] INFO connection update full: { isOnline: true }
[2026-09-03T00:23:45.861Z] INFO connection update full: { connection: 'open' }
[2026-09-03T00:23:45.861Z] INFO connection update: open
[2026-09-03T00:23:45.861Z] INFO connection opened
[2026-09-03T00:23:47.830Z] INFO connection update full: {
  connection: 'close',
  lastDisconnect: {
    error: Error: Stream Errored (conflict)
        at WebSocketClient.<anonymous> (file:///C:/Users/shadr.JARVIS/Desktop/DotVV/node_modules/@whiskeysockets/baileys/lib/Socket/socket.js:795:18)
        at WebSocketClient.emit (node:events:509:28)
        at file:///C:/Users/shadr.JARVIS/Desktop/DotVV/node_modules/@whiskeysockets/baileys/lib/Socket/socket.js:465:35
        at processData (file:///C:/Users/shadr.JARVIS/Desktop/DotVV/node_modules/@whiskeysockets/baileys/lib/Utils/noise-handler.js:126:13)
        at process.processTicksAndRejections (node:internal/process/task_queues:104:5)
        at async Object.decodeFrame (file:///C:/Users/shadr.JARVIS/Desktop/DotVV/node_modules/@whiskeysockets/baileys/lib/Utils/noise-handler.js:197:13)
        at async WebSocketClient.onMessageReceived (file:///C:/Users/shadr.JARVIS/Desktop/DotVV/node_modules/@whiskeysockets/baileys/lib/Socket/socket.js:442:9) {
      data: {
        tag: 'conflict',
        attrs: { type: 'replaced' },
        content: undefined
      },
      isBoom: true,
      isServer: false,
      output: {
        statusCode: 440,
        payload: {
          statusCode: 440,
          error: 'Unknown',
          message: 'Stream Errored (conflict)'
        },
        headers: {}
      }
    },
    date: 2026-09-03T00:23:47.830Z
  }
}
[2026-09-03T00:23:47.831Z] INFO connection update: close
[2026-09-03T00:23:47.831Z] INFO connection closed Error: Stream Errored (conflict)
    at WebSocketClient.<anonymous> (file:///C:/Users/shadr.JARVIS/Desktop/DotVV/node_modules/@whiskeysockets/baileys/lib/Socket/socket.js:795:18)
    at WebSocketClient.emit (node:events:509:28)
    at file:///C:/Users/shadr.JARVIS/Desktop/DotVV/node_modules/@whiskeysockets/baileys/lib/Socket/socket.js:465:35
    at processData (file:///C:/Users/shadr.JARVIS/Desktop/DotVV/node_modules/@whiskeysockets/baileys/lib/Utils/noise-handler.js:126:13)
    at process.processTicksAndRejections (node:internal/process/task_queues:104:5)
    at async Object.decodeFrame (file:///C:/Users/shadr.JARVIS/Desktop/DotVV/node_modules/@whiskeysockets/baileys/lib/Utils/noise-handler.js:197:13)
    at async WebSocketClient.onMessageReceived (file:///C:/Users/shadr.JARVIS/Desktop/DotVV/node_modules/@whiskeysockets/baileys/lib/Socket/socket.js:442:9)
[2026-09-03T00:23:47.831Z] INFO lastDisconnect.error full: Error: Stream Errored (conflict)
    at WebSocketClient.<anonymous> (file:///C:/Users/shadr.JARVIS/Desktop/DotVV/node_modules/@whiskeysockets/baileys/lib/Socket/socket.js:795:18)
    at WebSocketClient.emit (node:events:509:28)
    at file:///C:/Users/shadr.JARVIS/Desktop/DotVV/node_modules/@whiskeysockets/baileys/lib/Socket/socket.js:465:35
    at processData (file:///C:/Users/shadr.JARVIS/Desktop/DotVV/node_modules/@whiskeysockets/baileys/lib/Utils/noise-handler.js:126:13)
    at process.processTicksAndRejections (node:internal/process/task_queues:104:5)
    at async Object.decodeFrame (file:///C:/Users/shadr.JARVIS/Desktop/DotVV/node_modules/@whiskeysockets/baileys/lib/Utils/noise-handler.js:197:13)
    at async WebSocketClient.onMessageReceived (file:///C:/Users/shadr.JARVIS/Desktop/DotVV/node_modules/@whiskeysockets/baileys/lib/Socket/socket.js:442:9) {
  data: { tag: 'conflict', attrs: { type: 'replaced' }, content: undefined },
  isBoom: true,
  isServer: false,
  output: {
    statusCode: 440,
    payload: {
      statusCode: 440,
      error: 'Unknown',
      message: 'Stream Errored (conflict)'
    },
    headers: {}
  }
}
[2026-09-03T00:23:47.831Z] INFO lastDisconnect.error.output.payload: {
  statusCode: 440,
  error: 'Unknown',
  message: 'Stream Errored (conflict)'
}
[2026-09-03T00:23:47.831Z] INFO reconnecting in 2157ms (attempt 1/5)
[2026-09-03T00:23:50.500Z] INFO P3TROHOLIC bot started. Scan QR in terminal to authenticate.
[2026-09-03T00:23:50.500Z] INFO connection update full: {
  connection: 'connecting',
  receivedPendingNotifications: false,
  qr: undefined
}
[2026-09-03T00:23:50.500Z] INFO connection update: connecting
[2026-09-03T00:23:52.765Z] INFO connection update full: { receivedPendingNotifications: true }
[2026-09-03T00:23:53.071Z] INFO connection update full: { isOnline: true }
[2026-09-03T00:23:53.072Z] INFO connection update full: { connection: 'open' }
[2026-09-03T00:23:53.072Z] INFO connection update: open
[2026-09-03T00:23:53.073Z] INFO connection opened
[2026-09-03T00:23:55.095Z] INFO connection update full: {
  connection: 'close',
  lastDisconnect: {
    error: Error: Stream Errored (conflict)
        at WebSocketClient.<anonymous> (file:///C:/Users/shadr.JARVIS/Desktop/DotVV/node_modules/@whiskeysockets/baileys/lib/Socket/socket.js:795:18)
        at WebSocketClient.emit (node:events:509:28)
        at file:///C:/Users/shadr.JARVIS/Desktop/DotVV/node_modules/@whiskeysockets/baileys/lib/Socket/socket.js:465:35
        at processData (file:///C:/Users/shadr.JARVIS/Desktop/DotVV/node_modules/@whiskeysockets/baileys/lib/Utils/noise-handler.js:126:13)
        at process.processTicksAndRejections (node:internal/process/task_queues:104:5)
        at async Object.decodeFrame (file:///C:/Users/shadr.JARVIS/Desktop/DotVV/node_modules/@whiskeysockets/baileys/lib/Utils/noise-handler.js:197:13)
        at async WebSocketClient.onMessageReceived (file:///C:/Users/shadr.JARVIS/Desktop/DotVV/node_modules/@whiskeysockets/baileys/lib/Socket/socket.js:442:9) {
      data: {
        tag: 'conflict',
        attrs: { type: 'replaced' },
        content: undefined
      },
      isBoom: true,
      isServer: false,
      output: {
        statusCode: 440,
        payload: {
          statusCode: 440,
          error: 'Unknown',
          message: 'Stream Errored (conflict)'
        },
        headers: {}
      }
    },
    date: 2026-09-03T00:23:55.095Z
  }
}
[2026-09-03T00:23:55.095Z] INFO connection update: close
[2026-09-03T00:23:55.096Z] INFO connection closed Error: Stream Errored (conflict)
    at WebSocketClient.<anonymous> (file:///C:/Users/shadr.JARVIS/Desktop/DotVV/node_modules/@whiskeysockets/baileys/lib/Socket/socket.js:795:18)
    at WebSocketClient.emit (node:events:509:28)
    at file:///C:/Users/shadr.JARVIS/Desktop/DotVV/node_modules/@whiskeysockets/baileys/lib/Socket/socket.js:465:35
    at processData (file:///C:/Users/shadr.JARVIS/Desktop/DotVV/node_modules/@whiskeysockets/baileys/lib/Utils/noise-handler.js:126:13)
    at process.processTicksAndRejections (node:internal/process/task_queues:104:5)
    at async Object.decodeFrame (file:///C:/Users/shadr.JARVIS/Desktop/DotVV/node_modules/@whiskeysockets/baileys/lib/Utils/noise-handler.js:197:13)
    at async WebSocketClient.onMessageReceived (file:///C:/Users/shadr.JARVIS/Desktop/DotVV/node_modules/@whiskeysockets/baileys/lib/Socket/socket.js:442:9)
[2026-09-03T00:23:55.096Z] INFO lastDisconnect.error full: Error: Stream Errored (conflict)
    at WebSocketClient.<anonymous> (file:///C:/Users/shadr.JARVIS/Desktop/DotVV/node_modules/@whiskeysockets/baileys/lib/Socket/socket.js:795:18)
    at WebSocketClient.emit (node:events:509:28)
    at file:///C:/Users/shadr.JARVIS/Desktop/DotVV/node_modules/@whiskeysockets/baileys/lib/Socket/socket.js:465:35
    at processData (file:///C:/Users/shadr.JARVIS/Desktop/DotVV/node_modules/@whiskeysockets/baileys/lib/Utils/noise-handler.js:126:13)
    at process.processTicksAndRejections (node:internal/process/task_queues:104:5)
    at async Object.decodeFrame (file:///C:/Users/shadr.JARVIS/Desktop/DotVV/node_modules/@whiskeysockets/baileys/lib/Utils/noise-handler.js:197:13)
    at async WebSocketClient.onMessageReceived (file:///C:/Users/shadr.JARVIS/Desktop/DotVV/node_modules/@whiskeysockets/baileys/lib/Socket/socket.js:442:9) {
  data: { tag: 'conflict', attrs: { type: 'replaced' }, content: undefined },
  isBoom: true,
  isServer: false,
  output: {
    statusCode: 440,
    payload: {
      statusCode: 440,
      error: 'Unknown',
      message: 'Stream Errored (conflict)'
    },
    headers: {}
  }
}
[2026-09-03T00:23:55.096Z] INFO lastDisconnect.error.output.payload: {
  statusCode: 440,
  error: 'Unknown',
  message: 'Stream Errored (conflict)'
}
[2026-09-03T00:23:55.096Z] INFO reconnecting in 2819ms (attempt 1/5)
[2026-09-03T00:23:58.441Z] INFO P3TROHOLIC bot started. Scan QR in terminal to authenticate.
[2026-09-03T00:23:58.442Z] INFO connection update full: {
  connection: 'connecting',
  receivedPendingNotifications: false,
  qr: undefined
}
[2026-09-03T00:23:58.442Z] INFO connection update: connecting
[2026-09-03T00:23:59.955Z] INFO connection update full: { receivedPendingNotifications: true }
[2026-09-03T00:24:00.254Z] INFO connection update full: { isOnline: true }
[2026-09-03T00:24:00.256Z] INFO connection update full: { connection: 'open' }
[2026-09-03T00:24:00.256Z] INFO connection update: open
[2026-09-03T00:24:00.256Z] INFO connection opened
[2026-09-03T00:24:01.009Z] INFO connection update full: {
  connection: 'close',
  lastDisconnect: {
    error: Error: Stream Errored (conflict)
        at WebSocketClient.<anonymous> (file:///C:/Users/shadr.JARVIS/Desktop/DotVV/node_modules/@whiskeysockets/baileys/lib/Socket/socket.js:795:18)
        at WebSocketClient.emit (node:events:509:28)
        at file:///C:/Users/shadr.JARVIS/Desktop/DotVV/node_modules/@whiskeysockets/baileys/lib/Socket/socket.js:465:35
        at processData (file:///C:/Users/shadr.JARVIS/Desktop/DotVV/node_modules/@whiskeysockets/baileys/lib/Utils/noise-handler.js:126:13)
        at process.processTicksAndRejections (node:internal/process/task_queues:104:5)
        at async Object.decodeFrame (file:///C:/Users/shadr.JARVIS/Desktop/DotVV/node_modules/@whiskeysockets/baileys/lib/Utils/noise-handler.js:197:13)
        at async WebSocketClient.onMessageReceived (file:///C:/Users/shadr.JARVIS/Desktop/DotVV/node_modules/@whiskeysockets/baileys/lib/Socket/socket.js:442:9) {
      data: {
        tag: 'conflict',
        attrs: { type: 'replaced' },
        content: undefined
      },
      isBoom: true,
      isServer: false,
      output: {
        statusCode: 440,
        payload: {
          statusCode: 440,
          error: 'Unknown',
          message: 'Stream Errored (conflict)'
        },
        headers: {}
      }
    },
    date: 2026-09-03T00:24:01.009Z
  }
}
[2026-09-03T00:24:01.009Z] INFO connection update: close
[2026-09-03T00:24:01.009Z] INFO connection closed Error: Stream Errored (conflict)
    at WebSocketClient.<anonymous> (file:///C:/Users/shadr.JARVIS/Desktop/DotVV/node_modules/@whiskeysockets/baileys/lib/Socket/socket.js:795:18)
    at WebSocketClient.emit (node:events:509:28)
    at file:///C:/Users/shadr.JARVIS/Desktop/DotVV/node_modules/@whiskeysockets/baileys/lib/Socket/socket.js:465:35
    at processData (file:///C:/Users/shadr.JARVIS/Desktop/DotVV/node_modules/@whiskeysockets/baileys/lib/Utils/noise-handler.js:126:13)
    at process.processTicksAndRejections (node:internal/process/task_queues:104:5)
    at async Object.decodeFrame (file:///C:/Users/shadr.JARVIS/Desktop/DotVV/node_modules/@whiskeysockets/baileys/lib/Utils/noise-handler.js:197:13)
    at async WebSocketClient.onMessageReceived (file:///C:/Users/shadr.JARVIS/Desktop/DotVV/node_modules/@whiskeysockets/baileys/lib/Socket/socket.js:442:9)
[2026-09-03T00:24:01.010Z] INFO lastDisconnect.error full: Error: Stream Errored (conflict)
    at WebSocketClient.<anonymous> (file:///C:/Users/shadr.JARVIS/Desktop/DotVV/node_modules/@whiskeysockets/baileys/lib/Socket/socket.js:795:18)
    at WebSocketClient.emit (node:events:509:28)
    at file:///C:/Users/shadr.JARVIS/Desktop/DotVV/node_modules/@whiskeysockets/baileys/lib/Socket/socket.js:465:35
    at processData (file:///C:/Users/shadr.JARVIS/Desktop/DotVV/node_modules/@whiskeysockets/baileys/lib/Utils/noise-handler.js:126:13)
    at process.processTicksAndRejections (node:internal/process/task_queues:104:5)
    at async Object.decodeFrame (file:///C:/Users/shadr.JARVIS/Desktop/DotVV/node_modules/@whiskeysockets/baileys/lib/Utils/noise-handler.js:197:13)
    at async WebSocketClient.onMessageReceived (file:///C:/Users/shadr.JARVIS/Desktop/DotVV/node_modules/@whiskeysockets/baileys/lib/Socket/socket.js:442:9) {
  data: { tag: 'conflict', attrs: { type: 'replaced' }, content: undefined },
  isBoom: true,
  isServer: false,
  output: {
    statusCode: 440,
    payload: {
      statusCode: 440,
      error: 'Unknown',
      message: 'Stream Errored (conflict)'
    },
    headers: {}
  }
}
[2026-09-03T00:24:01.010Z] INFO lastDisconnect.error.output.payload: {
  statusCode: 440,
  error: 'Unknown',
  message: 'Stream Errored (conflict)'
}
[2026-09-03T00:24:01.010Z] INFO reconnecting in 2093ms (attempt 1/5)
[2026-09-03T00:24:03.629Z] INFO P3TROHOLIC bot started. Scan QR in terminal to authenticate.
[2026-09-03T00:24:03.629Z] INFO connection update full: {
  connection: 'connecting',
  receivedPendingNotifications: false,
  qr: undefined
}
[2026-09-03T00:24:03.629Z] INFO connection update: connecting
[2026-09-03T00:24:06.365Z] INFO connection update full: {
  connection: 'close',
  lastDisconnect: {
    error: Error: Stream Errored (conflict)
        at WebSocketClient.<anonymous> (file:///C:/Users/shadr.JARVIS/Desktop/DotVV/node_modules/@whiskeysockets/baileys/lib/Socket/socket.js:795:18)
        at WebSocketClient.emit (node:events:509:28)
        at file:///C:/Users/shadr.JARVIS/Desktop/DotVV/node_modules/@whiskeysockets/baileys/lib/Socket/socket.js:465:35
        at processData (file:///C:/Users/shadr.JARVIS/Desktop/DotVV/node_modules/@whiskeysockets/baileys/lib/Utils/noise-handler.js:126:13)
        at process.processTicksAndRejections (node:internal/process/task_queues:104:5)
        at async Object.decodeFrame (file:///C:/Users/shadr.JARVIS/Desktop/DotVV/node_modules/@whiskeysockets/baileys/lib/Utils/noise-handler.js:197:13)
        at async WebSocketClient.onMessageReceived (file:///C:/Users/shadr.JARVIS/Desktop/DotVV/node_modules/@whiskeysockets/baileys/lib/Socket/socket.js:442:9) {
      data: {
        tag: 'conflict',
        attrs: { type: 'replaced' },
        content: undefined
      },
      isBoom: true,
      isServer: false,
      output: {
        statusCode: 440,
        payload: {
          statusCode: 440,
          error: 'Unknown',
          message: 'Stream Errored (conflict)'
        },
        headers: {}
      }
    },
    date: 2026-09-03T00:24:06.364Z
  }
}
[2026-09-03T00:24:06.365Z] INFO connection update: close
[2026-09-03T00:24:06.365Z] INFO connection closed Error: Stream Errored (conflict)
    at WebSocketClient.<anonymous> (file:///C:/Users/shadr.JARVIS/Desktop/DotVV/node_modules/@whiskeysockets/baileys/lib/Socket/socket.js:795:18)
    at WebSocketClient.emit (node:events:509:28)
    at file:///C:/Users/shadr.JARVIS/Desktop/DotVV/node_modules/@whiskeysockets/baileys/lib/Socket/socket.js:465:35
    at processData (file:///C:/Users/shadr.JARVIS/Desktop/DotVV/node_modules/@whiskeysockets/baileys/lib/Utils/noise-handler.js:126:13)
    at process.processTicksAndRejections (node:internal/process/task_queues:104:5)
    at async Object.decodeFrame (file:///C:/Users/shadr.JARVIS/Desktop/DotVV/node_modules/@whiskeysockets/baileys/lib/Utils/noise-handler.js:197:13)
    at async WebSocketClient.onMessageReceived (file:///C:/Users/shadr.JARVIS/Desktop/DotVV/node_modules/@whiskeysockets/baileys/lib/Socket/socket.js:442:9)
[2026-09-03T00:24:06.365Z] INFO lastDisconnect.error full: Error: Stream Errored (conflict)
    at WebSocketClient.<anonymous> (file:///C:/Users/shadr.JARVIS/Desktop/DotVV/node_modules/@whiskeysockets/baileys/lib/Socket/socket.js:795:18)
    at WebSocketClient.emit (node:events:509:28)
    at file:///C:/Users/shadr.JARVIS/Desktop/DotVV/node_modules/@whiskeysockets/baileys/lib/Socket/socket.js:465:35
    at processData (file:///C:/Users/shadr.JARVIS/Desktop/DotVV/node_modules/@whiskeysockets/baileys/lib/Utils/noise-handler.js:126:13)
    at process.processTicksAndRejections (node:internal/process/task_queues:104:5)
    at async Object.decodeFrame (file:///C:/Users/shadr.JARVIS/Desktop/DotVV/node_modules/@whiskeysockets/baileys/lib/Utils/noise-handler.js:197:13)
    at async WebSocketClient.onMessageReceived (file:///C:/Users/shadr.JARVIS/Desktop/DotVV/node_modules/@whiskeysockets/baileys/lib/Socket/socket.js:442:9) {
  data: { tag: 'conflict', attrs: { type: 'replaced' }, content: undefined },
  isBoom: true,
  isServer: false,
  output: {
    statusCode: 440,
    payload: {
      statusCode: 440,
      error: 'Unknown',
      message: 'Stream Errored (conflict)'
    },
    headers: {}
  }
}
[2026-09-03T00:24:06.365Z] INFO lastDisconnect.error.output.payload: {
  statusCode: 440,
  error: 'Unknown',
  message: 'Stream Errored (conflict)'
}
[2026-09-03T00:24:06.365Z] INFO reconnecting in 4745ms (attempt 2/5)
[2026-09-03T00:24:11.626Z] INFO P3TROHOLIC bot started. Scan QR in terminal to authenticate.
[2026-09-03T00:24:11.626Z] INFO connection update full: {
  connection: 'connecting',
  receivedPendingNotifications: false,
  qr: undefined
}
[2026-09-03T00:24:11.627Z] INFO connection update: connecting
[2026-09-03T00:24:13.163Z] INFO connection update full: { receivedPendingNotifications: true }
[2026-09-03T00:24:13.464Z] INFO connection update full: { isOnline: true }
[2026-09-03T00:24:13.465Z] INFO connection update full: { connection: 'open' }
[2026-09-03T00:24:13.465Z] INFO connection update: open
[2026-09-03T00:24:13.465Z] INFO connection opened
[2026-09-03T00:24:15.621Z] INFO connection update full: {
  connection: 'close',
  lastDisconnect: {
    error: Error: Stream Errored (conflict)
        at WebSocketClient.<anonymous> (file:///C:/Users/shadr.JARVIS/Desktop/DotVV/node_modules/@whiskeysockets/baileys/lib/Socket/socket.js:795:18)
        at WebSocketClient.emit (node:events:509:28)
        at file:///C:/Users/shadr.JARVIS/Desktop/DotVV/node_modules/@whiskeysockets/baileys/lib/Socket/socket.js:465:35
        at processData (file:///C:/Users/shadr.JARVIS/Desktop/DotVV/node_modules/@whiskeysockets/baileys/lib/Utils/noise-handler.js:126:13)
        at process.processTicksAndRejections (node:internal/process/task_queues:104:5)
        at async Object.decodeFrame (file:///C:/Users/shadr.JARVIS/Desktop/DotVV/node_modules/@whiskeysockets/baileys/lib/Utils/noise-handler.js:197:13)
        at async WebSocketClient.onMessageReceived (file:///C:/Users/shadr.JARVIS/Desktop/DotVV/node_modules/@whiskeysockets/baileys/lib/Socket/socket.js:442:9) {
      data: {
        tag: 'conflict',
        attrs: { type: 'replaced' },
        content: undefined
      },
      isBoom: true,
      isServer: false,
      output: {
        statusCode: 440,
        payload: {
          statusCode: 440,
          error: 'Unknown',
          message: 'Stream Errored (conflict)'
        },
        headers: {}
      }
    },
    date: 2026-09-03T00:24:15.621Z
  }
}
[2026-09-03T00:24:15.622Z] INFO connection update: close
[2026-09-03T00:24:15.622Z] INFO connection closed Error: Stream Errored (conflict)
    at WebSocketClient.<anonymous> (file:///C:/Users/shadr.JARVIS/Desktop/DotVV/node_modules/@whiskeysockets/baileys/lib/Socket/socket.js:795:18)
    at WebSocketClient.emit (node:events:509:28)
    at file:///C:/Users/shadr.JARVIS/Desktop/DotVV/node_modules/@whiskeysockets/baileys/lib/Socket/socket.js:465:35
    at processData (file:///C:/Users/shadr.JARVIS/Desktop/DotVV/node_modules/@whiskeysockets/baileys/lib/Utils/noise-handler.js:126:13)
    at process.processTicksAndRejections (node:internal/process/task_queues:104:5)
    at async Object.decodeFrame (file:///C:/Users/shadr.JARVIS/Desktop/DotVV/node_modules/@whiskeysockets/baileys/lib/Utils/noise-handler.js:197:13)
    at async WebSocketClient.onMessageReceived (file:///C:/Users/shadr.JARVIS/Desktop/DotVV/node_modules/@whiskeysockets/baileys/lib/Socket/socket.js:442:9)
[2026-09-03T00:24:15.622Z] INFO lastDisconnect.error full: Error: Stream Errored (conflict)
    at WebSocketClient.<anonymous> (file:///C:/Users/shadr.JARVIS/Desktop/DotVV/node_modules/@whiskeysockets/baileys/lib/Socket/socket.js:795:18)
    at WebSocketClient.emit (node:events:509:28)
    at file:///C:/Users/shadr.JARVIS/Desktop/DotVV/node_modules/@whiskeysockets/baileys/lib/Socket/socket.js:465:35
    at processData (file:///C:/Users/shadr.JARVIS/Desktop/DotVV/node_modules/@whiskeysockets/baileys/lib/Utils/noise-handler.js:126:13)
    at process.processTicksAndRejections (node:internal/process/task_queues:104:5)
    at async Object.decodeFrame (file:///C:/Users/shadr.JARVIS/Desktop/DotVV/node_modules/@whiskeysockets/baileys/lib/Utils/noise-handler.js:197:13)
    at async WebSocketClient.onMessageReceived (file:///C:/Users/shadr.JARVIS/Desktop/DotVV/node_modules/@whiskeysockets/baileys/lib/Socket/socket.js:442:9) {
  data: { tag: 'conflict', attrs: { type: 'replaced' }, content: undefined },
  isBoom: true,
  isServer: false,
  output: {
    statusCode: 440,
    payload: {
      statusCode: 440,
      error: 'Unknown',
      message: 'Stream Errored (conflict)'
    },
    headers: {}
  }
}
[2026-09-03T00:24:15.622Z] INFO lastDisconnect.error.output.payload: {
  statusCode: 440,
  error: 'Unknown',
  message: 'Stream Errored (conflict)'
}
[2026-09-03T00:24:15.622Z] INFO reconnecting in 2707ms (attempt 1/5)
[2026-09-03T00:24:18.884Z] INFO P3TROHOLIC bot started. Scan QR in terminal to authenticate.
[2026-09-03T00:24:18.884Z] INFO connection update full: {
  connection: 'connecting',
  receivedPendingNotifications: false,
  qr: undefined
}
[2026-09-03T00:24:18.884Z] INFO connection update: connecting
[2026-09-03T00:24:20.836Z] INFO connection update full: { receivedPendingNotifications: true }
[2026-09-03T00:24:21.021Z] INFO connection update full: { isOnline: true }
[2026-09-03T00:24:21.022Z] INFO connection update full: { connection: 'open' }
[2026-09-03T00:24:21.023Z] INFO connection update: open
[2026-09-03T00:24:21.023Z] INFO connection opened
[2026-09-03T00:24:21.303Z] INFO connection update full: {
  connection: 'close',
  lastDisconnect: {
    error: Error: Stream Errored (conflict)
        at WebSocketClient.<anonymous> (file:///C:/Users/shadr.JARVIS/Desktop/DotVV/node_modules/@whiskeysockets/baileys/lib/Socket/socket.js:795:18)
        at WebSocketClient.emit (node:events:509:28)
        at file:///C:/Users/shadr.JARVIS/Desktop/DotVV/node_modules/@whiskeysockets/baileys/lib/Socket/socket.js:465:35
        at processData (file:///C:/Users/shadr.JARVIS/Desktop/DotVV/node_modules/@whiskeysockets/baileys/lib/Utils/noise-handler.js:126:13)
        at process.processTicksAndRejections (node:internal/process/task_queues:104:5)
        at async Object.decodeFrame (file:///C:/Users/shadr.JARVIS/Desktop/DotVV/node_modules/@whiskeysockets/baileys/lib/Utils/noise-handler.js:197:13)
        at async WebSocketClient.onMessageReceived (file:///C:/Users/shadr.JARVIS/Desktop/DotVV/node_modules/@whiskeysockets/baileys/lib/Socket/socket.js:442:9) {
      data: {
        tag: 'conflict',
        attrs: { type: 'replaced' },
        content: undefined
      },
      isBoom: true,
      isServer: false,
      output: {
        statusCode: 440,
        payload: {
          statusCode: 440,
          error: 'Unknown',
          message: 'Stream Errored (conflict)'
        },
        headers: {}
      }
    },
    date: 2026-09-03T00:24:21.303Z
  }
}
[2026-09-03T00:24:21.303Z] INFO connection update: close
[2026-09-03T00:24:21.304Z] INFO connection closed Error: Stream Errored (conflict)
    at WebSocketClient.<anonymous> (file:///C:/Users/shadr.JARVIS/Desktop/DotVV/node_modules/@whiskeysockets/baileys/lib/Socket/socket.js:795:18)
    at WebSocketClient.emit (node:events:509:28)
    at file:///C:/Users/shadr.JARVIS/Desktop/DotVV/node_modules/@whiskeysockets/baileys/lib/Socket/socket.js:465:35
    at processData (file:///C:/Users/shadr.JARVIS/Desktop/DotVV/node_modules/@whiskeysockets/baileys/lib/Utils/noise-handler.js:126:13)
    at process.processTicksAndRejections (node:internal/process/task_queues:104:5)
    at async Object.decodeFrame (file:///C:/Users/shadr.JARVIS/Desktop/DotVV/node_modules/@whiskeysockets/baileys/lib/Utils/noise-handler.js:197:13)
    at async WebSocketClient.onMessageReceived (file:///C:/Users/shadr.JARVIS/Desktop/DotVV/node_modules/@whiskeysockets/baileys/lib/Socket/socket.js:442:9)
[2026-09-03T00:24:21.304Z] INFO lastDisconnect.error full: Error: Stream Errored (conflict)
    at WebSocketClient.<anonymous> (file:///C:/Users/shadr.JARVIS/Desktop/DotVV/node_modules/@whiskeysockets/baileys/lib/Socket/socket.js:795:18)
    at WebSocketClient.emit (node:events:509:28)
    at file:///C:/Users/shadr.JARVIS/Desktop/DotVV/node_modules/@whiskeysockets/baileys/lib/Socket/socket.js:465:35
    at processData (file:///C:/Users/shadr.JARVIS/Desktop/DotVV/node_modules/@whiskeysockets/baileys/lib/Utils/noise-handler.js:126:13)
    at process.processTicksAndRejections (node:internal/process/task_queues:104:5)
    at async Object.decodeFrame (file:///C:/Users/shadr.JARVIS/Desktop/DotVV/node_modules/@whiskeysockets/baileys/lib/Utils/noise-handler.js:197:13)
    at async WebSocketClient.onMessageReceived (file:///C:/Users/shadr.JARVIS/Desktop/DotVV/node_modules/@whiskeysockets/baileys/lib/Socket/socket.js:442:9) {
  data: { tag: 'conflict', attrs: { type: 'replaced' }, content: undefined },
  isBoom: true,
  isServer: false,
  output: {
    statusCode: 440,
    payload: {
      statusCode: 440,
      error: 'Unknown',
      message: 'Stream Errored (conflict)'
    },
    headers: {}
  }
}
[2026-09-03T00:24:21.304Z] INFO lastDisconnect.error.output.payload: {
  statusCode: 440,
  error: 'Unknown',
  message: 'Stream Errored (conflict)'
}
[2026-09-03T00:24:21.304Z] INFO reconnecting in 2915ms (attempt 1/5)
[2026-09-03T00:24:24.729Z] INFO P3TROHOLIC bot started. Scan QR in terminal to authenticate.
[2026-09-03T00:24:24.730Z] INFO connection update full: {
  connection: 'connecting',
  receivedPendingNotifications: false,
  qr: undefined
}
[2026-09-03T00:24:24.730Z] INFO connection update: connecting
[2026-09-03T00:24:26.320Z] INFO connection update full: { receivedPendingNotifications: true }
[2026-09-03T00:24:26.629Z] INFO connection update full: { isOnline: true }
[2026-09-03T00:24:26.630Z] INFO connection update full: { connection: 'open' }
[2026-09-03T00:24:26.630Z] INFO connection update: open
[2026-09-03T00:24:26.630Z] INFO connection opened
[2026-09-03T00:24:27.066Z] INFO connection update full: {
  connection: 'close',
  lastDisconnect: {
    error: Error: Stream Errored (conflict)
        at WebSocketClient.<anonymous> (file:///C:/Users/shadr.JARVIS/Desktop/DotVV/node_modules/@whiskeysockets/baileys/lib/Socket/socket.js:795:18)
        at WebSocketClient.emit (node:events:509:28)
        at file:///C:/Users/shadr.JARVIS/Desktop/DotVV/node_modules/@whiskeysockets/baileys/lib/Socket/socket.js:465:35
        at processData (file:///C:/Users/shadr.JARVIS/Desktop/DotVV/node_modules/@whiskeysockets/baileys/lib/Utils/noise-handler.js:126:13)
        at process.processTicksAndRejections (node:internal/process/task_queues:104:5)
        at async Object.decodeFrame (file:///C:/Users/shadr.JARVIS/Desktop/DotVV/node_modules/@whiskeysockets/baileys/lib/Utils/noise-handler.js:197:13)
        at async WebSocketClient.onMessageReceived (file:///C:/Users/shadr.JARVIS/Desktop/DotVV/node_modules/@whiskeysockets/baileys/lib/Socket/socket.js:442:9) {
      data: {
        tag: 'conflict',
        attrs: { type: 'replaced' },
        content: undefined
      },
      isBoom: true,
      isServer: false,
      output: {
        statusCode: 440,
        payload: {
          statusCode: 440,
          error: 'Unknown',
          message: 'Stream Errored (conflict)'
        },
        headers: {}
      }
    },
    date: 2026-09-03T00:24:27.065Z
  }
}
[2026-09-03T00:24:27.066Z] INFO connection update: close
[2026-09-03T00:24:27.066Z] INFO connection closed Error: Stream Errored (conflict)
    at WebSocketClient.<anonymous> (file:///C:/Users/shadr.JARVIS/Desktop/DotVV/node_modules/@whiskeysockets/baileys/lib/Socket/socket.js:795:18)
    at WebSocketClient.emit (node:events:509:28)
    at file:///C:/Users/shadr.JARVIS/Desktop/DotVV/node_modules/@whiskeysockets/baileys/lib/Socket/socket.js:465:35
    at processData (file:///C:/Users/shadr.JARVIS/Desktop/DotVV/node_modules/@whiskeysockets/baileys/lib/Utils/noise-handler.js:126:13)
    at process.processTicksAndRejections (node:internal/process/task_queues:104:5)
    at async Object.decodeFrame (file:///C:/Users/shadr.JARVIS/Desktop/DotVV/node_modules/@whiskeysockets/baileys/lib/Utils/noise-handler.js:197:13)
    at async WebSocketClient.onMessageReceived (file:///C:/Users/shadr.JARVIS/Desktop/DotVV/node_modules/@whiskeysockets/baileys/lib/Socket/socket.js:442:9)
[2026-09-03T00:24:27.066Z] INFO lastDisconnect.error full: Error: Stream Errored (conflict)
    at WebSocketClient.<anonymous> (file:///C:/Users/shadr.JARVIS/Desktop/DotVV/node_modules/@whiskeysockets/baileys/lib/Socket/socket.js:795:18)
    at WebSocketClient.emit (node:events:509:28)
    at file:///C:/Users/shadr.JARVIS/Desktop/DotVV/node_modules/@whiskeysockets/baileys/lib/Socket/socket.js:465:35
    at processData (file:///C:/Users/shadr.JARVIS/Desktop/DotVV/node_modules/@whiskeysockets/baileys/lib/Utils/noise-handler.js:126:13)
    at process.processTicksAndRejections (node:internal/process/task_queues:104:5)
    at async Object.decodeFrame (file:///C:/Users/shadr.JARVIS/Desktop/DotVV/node_modules/@whiskeysockets/baileys/lib/Utils/noise-handler.js:197:13)
    at async WebSocketClient.onMessageReceived (file:///C:/Users/shadr.JARVIS/Desktop/DotVV/node_modules/@whiskeysockets/baileys/lib/Socket/socket.js:442:9) {
  data: { tag: 'conflict', attrs: { type: 'replaced' }, content: undefined },
  isBoom: true,
  isServer: false,
  output: {
    statusCode: 440,
    payload: {
      statusCode: 440,
      error: 'Unknown',
      message: 'Stream Errored (conflict)'
    },
    headers: {}
  }
}
[2026-09-03T00:24:27.066Z] INFO lastDisconnect.error.output.payload: {
  statusCode: 440,
  error: 'Unknown',
  message: 'Stream Errored (conflict)'
}
[2026-09-03T00:24:27.066Z] INFO reconnecting in 2318ms (attempt 1/5)
[2026-09-03T00:24:29.882Z] INFO P3TROHOLIC bot started. Scan QR in terminal to authenticate.
[2026-09-03T00:24:29.882Z] INFO connection update full: {
  connection: 'connecting',
  receivedPendingNotifications: false,
  qr: undefined
}
[2026-09-03T00:24:29.882Z] INFO connection update: connecting
[2026-09-03T00:24:31.293Z] INFO connection update full: { receivedPendingNotifications: true }
[2026-09-03T00:24:31.450Z] INFO connection update full: { isOnline: true }
[2026-09-03T00:24:31.451Z] INFO connection update full: { connection: 'open' }
[2026-09-03T00:24:31.451Z] INFO connection update: open
[2026-09-03T00:24:31.451Z] INFO connection opened
[2026-09-03T00:24:32.505Z] INFO connection update full: {
  connection: 'close',
  lastDisconnect: {
    error: Error: Stream Errored (conflict)
        at WebSocketClient.<anonymous> (file:///C:/Users/shadr.JARVIS/Desktop/DotVV/node_modules/@whiskeysockets/baileys/lib/Socket/socket.js:795:18)
        at WebSocketClient.emit (node:events:509:28)
        at file:///C:/Users/shadr.JARVIS/Desktop/DotVV/node_modules/@whiskeysockets/baileys/lib/Socket/socket.js:465:35
        at processData (file:///C:/Users/shadr.JARVIS/Desktop/DotVV/node_modules/@whiskeysockets/baileys/lib/Utils/noise-handler.js:126:13)
        at process.processTicksAndRejections (node:internal/process/task_queues:104:5)
        at async Object.decodeFrame (file:///C:/Users/shadr.JARVIS/Desktop/DotVV/node_modules/@whiskeysockets/baileys/lib/Utils/noise-handler.js:197:13)
        at async WebSocketClient.onMessageReceived (file:///C:/Users/shadr.JARVIS/Desktop/DotVV/node_modules/@whiskeysockets/baileys/lib/Socket/socket.js:442:9) {
      data: {
        tag: 'conflict',
        attrs: { type: 'replaced' },
        content: undefined
      },
      isBoom: true,
      isServer: false,
      output: {
        statusCode: 440,
        payload: {
          statusCode: 440,
          error: 'Unknown',
          message: 'Stream Errored (conflict)'
        },
        headers: {}
      }
    },
    date: 2026-09-03T00:24:32.505Z
  }
}
[2026-09-03T00:24:32.506Z] INFO connection update: close
[2026-09-03T00:24:32.506Z] INFO connection closed Error: Stream Errored (conflict)
    at WebSocketClient.<anonymous> (file:///C:/Users/shadr.JARVIS/Desktop/DotVV/node_modules/@whiskeysockets/baileys/lib/Socket/socket.js:795:18)
    at WebSocketClient.emit (node:events:509:28)
    at file:///C:/Users/shadr.JARVIS/Desktop/DotVV/node_modules/@whiskeysockets/baileys/lib/Socket/socket.js:465:35
    at processData (file:///C:/Users/shadr.JARVIS/Desktop/DotVV/node_modules/@whiskeysockets/baileys/lib/Utils/noise-handler.js:126:13)
    at process.processTicksAndRejections (node:internal/process/task_queues:104:5)
    at async Object.decodeFrame (file:///C:/Users/shadr.JARVIS/Desktop/DotVV/node_modules/@whiskeysockets/baileys/lib/Utils/noise-handler.js:197:13)
    at async WebSocketClient.onMessageReceived (file:///C:/Users/shadr.JARVIS/Desktop/DotVV/node_modules/@whiskeysockets/baileys/lib/Socket/socket.js:442:9)
[2026-09-03T00:24:32.507Z] INFO lastDisconnect.error full: Error: Stream Errored (conflict)
    at WebSocketClient.<anonymous> (file:///C:/Users/shadr.JARVIS/Desktop/DotVV/node_modules/@whiskeysockets/baileys/lib/Socket/socket.js:795:18)
    at WebSocketClient.emit (node:events:509:28)
    at file:///C:/Users/shadr.JARVIS/Desktop/DotVV/node_modules/@whiskeysockets/baileys/lib/Socket/socket.js:465:35
    at processData (file:///C:/Users/shadr.JARVIS/Desktop/DotVV/node_modules/@whiskeysockets/baileys/lib/Utils/noise-handler.js:126:13)
    at process.processTicksAndRejections (node:internal/process/task_queues:104:5)
    at async Object.decodeFrame (file:///C:/Users/shadr.JARVIS/Desktop/DotVV/node_modules/@whiskeysockets/baileys/lib/Utils/noise-handler.js:197:13)
    at async WebSocketClient.onMessageReceived (file:///C:/Users/shadr.JARVIS/Desktop/DotVV/node_modules/@whiskeysockets/baileys/lib/Socket/socket.js:442:9) {
  data: { tag: 'conflict', attrs: { type: 'replaced' }, content: undefined },
  isBoom: true,
  isServer: false,
  output: {
    statusCode: 440,
    payload: {
      statusCode: 440,
      error: 'Unknown',
      message: 'Stream Errored (conflict)'
    },
    headers: {}
  }
}
[2026-09-03T00:24:32.507Z] INFO lastDisconnect.error.output.payload: {
  statusCode: 440,
  error: 'Unknown',
  message: 'Stream Errored (conflict)'
}
[2026-09-03T00:24:32.507Z] INFO reconnecting in 2737ms (attempt 1/5)
[2026-09-03T00:24:35.753Z] INFO P3TROHOLIC bot started. Scan QR in terminal to authenticate.
[2026-09-03T00:24:35.753Z] INFO connection update full: {
  connection: 'connecting',
  receivedPendingNotifications: false,
  qr: undefined
}
[2026-09-03T00:24:35.754Z] INFO connection update: connecting
[2026-09-03T00:24:37.111Z] INFO connection update full: {
  connection: 'close',
  lastDisconnect: {
    error: Error: Stream Errored (conflict)
        at WebSocketClient.<anonymous> (file:///C:/Users/shadr.JARVIS/Desktop/DotVV/node_modules/@whiskeysockets/baileys/lib/Socket/socket.js:795:18)
        at WebSocketClient.emit (node:events:509:28)
        at file:///C:/Users/shadr.JARVIS/Desktop/DotVV/node_modules/@whiskeysockets/baileys/lib/Socket/socket.js:465:35
        at processData (file:///C:/Users/shadr.JARVIS/Desktop/DotVV/node_modules/@whiskeysockets/baileys/lib/Utils/noise-handler.js:126:13)
        at process.processTicksAndRejections (node:internal/process/task_queues:104:5)
        at async Object.decodeFrame (file:///C:/Users/shadr.JARVIS/Desktop/DotVV/node_modules/@whiskeysockets/baileys/lib/Utils/noise-handler.js:197:13)
        at async WebSocketClient.onMessageReceived (file:///C:/Users/shadr.JARVIS/Desktop/DotVV/node_modules/@whiskeysockets/baileys/lib/Socket/socket.js:442:9) {
      data: {
        tag: 'conflict',
        attrs: { type: 'replaced' },
        content: undefined
      },
      isBoom: true,
      isServer: false,
      output: {
        statusCode: 440,
        payload: {
          statusCode: 440,
          error: 'Unknown',
          message: 'Stream Errored (conflict)'
        },
        headers: {}
      }
    },
    date: 2026-09-03T00:24:37.111Z
  }
}
[2026-09-03T00:24:37.111Z] INFO connection update: close
[2026-09-03T00:24:37.111Z] INFO connection closed Error: Stream Errored (conflict)
    at WebSocketClient.<anonymous> (file:///C:/Users/shadr.JARVIS/Desktop/DotVV/node_modules/@whiskeysockets/baileys/lib/Socket/socket.js:795:18)
    at WebSocketClient.emit (node:events:509:28)
    at file:///C:/Users/shadr.JARVIS/Desktop/DotVV/node_modules/@whiskeysockets/baileys/lib/Socket/socket.js:465:35
    at processData (file:///C:/Users/shadr.JARVIS/Desktop/DotVV/node_modules/@whiskeysockets/baileys/lib/Utils/noise-handler.js:126:13)
    at process.processTicksAndRejections (node:internal/process/task_queues:104:5)
    at async Object.decodeFrame (file:///C:/Users/shadr.JARVIS/Desktop/DotVV/node_modules/@whiskeysockets/baileys/lib/Utils/noise-handler.js:197:13)
    at async WebSocketClient.onMessageReceived (file:///C:/Users/shadr.JARVIS/Desktop/DotVV/node_modules/@whiskeysockets/baileys/lib/Socket/socket.js:442:9)
[2026-09-03T00:24:37.112Z] INFO lastDisconnect.error full: Error: Stream Errored (conflict)
    at WebSocketClient.<anonymous> (file:///C:/Users/shadr.JARVIS/Desktop/DotVV/node_modules/@whiskeysockets/baileys/lib/Socket/socket.js:795:18)
    at WebSocketClient.emit (node:events:509:28)
    at file:///C:/Users/shadr.JARVIS/Desktop/DotVV/node_modules/@whiskeysockets/baileys/lib/Socket/socket.js:465:35
    at processData (file:///C:/Users/shadr.JARVIS/Desktop/DotVV/node_modules/@whiskeysockets/baileys/lib/Utils/noise-handler.js:126:13)
    at process.processTicksAndRejections (node:internal/process/task_queues:104:5)
    at async Object.decodeFrame (file:///C:/Users/shadr.JARVIS/Desktop/DotVV/node_modules/@whiskeysockets/baileys/lib/Utils/noise-handler.js:197:13)
    at async WebSocketClient.onMessageReceived (file:///C:/Users/shadr.JARVIS/Desktop/DotVV/node_modules/@whiskeysockets/baileys/lib/Socket/socket.js:442:9) {
  data: { tag: 'conflict', attrs: { type: 'replaced' }, content: undefined },
  isBoom: true,
  isServer: false,
  output: {
    statusCode: 440,
    payload: {
      statusCode: 440,
      error: 'Unknown',
      message: 'Stream Errored (conflict)'
    },
    headers: {}
  }
}
[2026-09-03T00:24:37.112Z] INFO lastDisconnect.error.output.payload: {
  statusCode: 440,
  error: 'Unknown',
  message: 'Stream Errored (conflict)'
}
[2026-09-03T00:24:37.112Z] INFO reconnecting in 4641ms (attempt 2/5)
[2026-09-03T00:24:42.276Z] INFO P3TROHOLIC bot started. Scan QR in terminal to authenticate.
[2026-09-03T00:24:42.277Z] INFO connection update full: {
  connection: 'connecting',
  receivedPendingNotifications: false,
  qr: undefined
}
[2026-09-03T00:24:42.277Z] INFO connection update: connecting
[2026-09-03T00:24:44.681Z] INFO connection update full: { receivedPendingNotifications: true }
[2026-09-03T00:24:44.818Z] INFO connection update full: { isOnline: true }
[2026-09-03T00:24:44.819Z] INFO connection update full: { connection: 'open' }
[2026-09-03T00:24:44.819Z] INFO connection update: open
[2026-09-03T00:24:44.820Z] INFO connection opened
[2026-09-03T00:24:45.419Z] INFO connection update full: {
  connection: 'close',
  lastDisconnect: {
    error: Error: Stream Errored (conflict)
        at WebSocketClient.<anonymous> (file:///C:/Users/shadr.JARVIS/Desktop/DotVV/node_modules/@whiskeysockets/baileys/lib/Socket/socket.js:795:18)
        at WebSocketClient.emit (node:events:509:28)
        at file:///C:/Users/shadr.JARVIS/Desktop/DotVV/node_modules/@whiskeysockets/baileys/lib/Socket/socket.js:465:35
        at processData (file:///C:/Users/shadr.JARVIS/Desktop/DotVV/node_modules/@whiskeysockets/baileys/lib/Utils/noise-handler.js:126:13)
        at process.processTicksAndRejections (node:internal/process/task_queues:104:5)
        at async Object.decodeFrame (file:///C:/Users/shadr.JARVIS/Desktop/DotVV/node_modules/@whiskeysockets/baileys/lib/Utils/noise-handler.js:197:13)
        at async WebSocketClient.onMessageReceived (file:///C:/Users/shadr.JARVIS/Desktop/DotVV/node_modules/@whiskeysockets/baileys/lib/Socket/socket.js:442:9) {
      data: {
        tag: 'conflict',
        attrs: { type: 'replaced' },
        content: undefined
      },
      isBoom: true,
      isServer: false,
      output: {
        statusCode: 440,
        payload: {
          statusCode: 440,
          error: 'Unknown',
          message: 'Stream Errored (conflict)'
        },
        headers: {}
      }
    },
    date: 2026-09-03T00:24:45.419Z
  }
}
[2026-09-03T00:24:45.420Z] INFO connection update: close
[2026-09-03T00:24:45.420Z] INFO connection closed Error: Stream Errored (conflict)
    at WebSocketClient.<anonymous> (file:///C:/Users/shadr.JARVIS/Desktop/DotVV/node_modules/@whiskeysockets/baileys/lib/Socket/socket.js:795:18)
    at WebSocketClient.emit (node:events:509:28)
    at file:///C:/Users/shadr.JARVIS/Desktop/DotVV/node_modules/@whiskeysockets/baileys/lib/Socket/socket.js:465:35
    at processData (file:///C:/Users/shadr.JARVIS/Desktop/DotVV/node_modules/@whiskeysockets/baileys/lib/Utils/noise-handler.js:126:13)
    at process.processTicksAndRejections (node:internal/process/task_queues:104:5)
    at async Object.decodeFrame (file:///C:/Users/shadr.JARVIS/Desktop/DotVV/node_modules/@whiskeysockets/baileys/lib/Utils/noise-handler.js:197:13)
    at async WebSocketClient.onMessageReceived (file:///C:/Users/shadr.JARVIS/Desktop/DotVV/node_modules/@whiskeysockets/baileys/lib/Socket/socket.js:442:9)
[2026-09-03T00:24:45.420Z] INFO lastDisconnect.error full: Error: Stream Errored (conflict)
    at WebSocketClient.<anonymous> (file:///C:/Users/shadr.JARVIS/Desktop/DotVV/node_modules/@whiskeysockets/baileys/lib/Socket/socket.js:795:18)
    at WebSocketClient.emit (node:events:509:28)
    at file:///C:/Users/shadr.JARVIS/Desktop/DotVV/node_modules/@whiskeysockets/baileys/lib/Socket/socket.js:465:35
    at processData (file:///C:/Users/shadr.JARVIS/Desktop/DotVV/node_modules/@whiskeysockets/baileys/lib/Utils/noise-handler.js:126:13)
    at process.processTicksAndRejections (node:internal/process/task_queues:104:5)
    at async Object.decodeFrame (file:///C:/Users/shadr.JARVIS/Desktop/DotVV/node_modules/@whiskeysockets/baileys/lib/Utils/noise-handler.js:197:13)
    at async WebSocketClient.onMessageReceived (file:///C:/Users/shadr.JARVIS/Desktop/DotVV/node_modules/@whiskeysockets/baileys/lib/Socket/socket.js:442:9) {
  data: { tag: 'conflict', attrs: { type: 'replaced' }, content: undefined },
  isBoom: true,
  isServer: false,
  output: {
    statusCode: 440,
    payload: {
      statusCode: 440,
      error: 'Unknown',
      message: 'Stream Errored (conflict)'
    },
    headers: {}
  }
}
[2026-09-03T00:24:45.420Z] INFO lastDisconnect.error.output.payload: {
  statusCode: 440,
  error: 'Unknown',
  message: 'Stream Errored (conflict)'
}
[2026-09-03T00:24:45.420Z] INFO reconnecting in 2433ms (attempt 1/5)
[2026-09-03T00:24:48.475Z] INFO P3TROHOLIC bot started. Scan QR in terminal to authenticate.
[2026-09-03T00:24:48.475Z] INFO connection update full: {
  connection: 'connecting',
  receivedPendingNotifications: false,
  qr: undefined
}
[2026-09-03T00:24:48.475Z] INFO connection update: connecting
[2026-09-03T00:24:50.860Z] INFO connection update full: { receivedPendingNotifications: true }
[2026-09-03T00:24:51.156Z] INFO connection update full: { isOnline: true }
[2026-09-03T00:24:51.157Z] INFO connection update full: { connection: 'open' }
[2026-09-03T00:24:51.157Z] INFO connection update: open
[2026-09-03T00:24:51.157Z] INFO connection opened
[2026-09-03T00:24:51.585Z] INFO connection update full: {
  connection: 'close',
  lastDisconnect: {
    error: Error: Stream Errored (conflict)
        at WebSocketClient.<anonymous> (file:///C:/Users/shadr.JARVIS/Desktop/DotVV/node_modules/@whiskeysockets/baileys/lib/Socket/socket.js:795:18)
        at WebSocketClient.emit (node:events:509:28)
        at file:///C:/Users/shadr.JARVIS/Desktop/DotVV/node_modules/@whiskeysockets/baileys/lib/Socket/socket.js:465:35
        at processData (file:///C:/Users/shadr.JARVIS/Desktop/DotVV/node_modules/@whiskeysockets/baileys/lib/Utils/noise-handler.js:126:13)
        at process.processTicksAndRejections (node:internal/process/task_queues:104:5)
        at async Object.decodeFrame (file:///C:/Users/shadr.JARVIS/Desktop/DotVV/node_modules/@whiskeysockets/baileys/lib/Utils/noise-handler.js:197:13)
        at async WebSocketClient.onMessageReceived (file:///C:/Users/shadr.JARVIS/Desktop/DotVV/node_modules/@whiskeysockets/baileys/lib/Socket/socket.js:442:9) {
      data: {
        tag: 'conflict',
        attrs: { type: 'replaced' },
        content: undefined
      },
      isBoom: true,
      isServer: false,
      output: {
        statusCode: 440,
        payload: {
          statusCode: 440,
          error: 'Unknown',
          message: 'Stream Errored (conflict)'
        },
        headers: {}
      }
    },
    date: 2026-09-03T00:24:51.585Z
  }
}
[2026-09-03T00:24:51.586Z] INFO connection update: close
[2026-09-03T00:24:51.586Z] INFO connection closed Error: Stream Errored (conflict)
    at WebSocketClient.<anonymous> (file:///C:/Users/shadr.JARVIS/Desktop/DotVV/node_modules/@whiskeysockets/baileys/lib/Socket/socket.js:795:18)
    at WebSocketClient.emit (node:events:509:28)
    at file:///C:/Users/shadr.JARVIS/Desktop/DotVV/node_modules/@whiskeysockets/baileys/lib/Socket/socket.js:465:35
    at processData (file:///C:/Users/shadr.JARVIS/Desktop/DotVV/node_modules/@whiskeysockets/baileys/lib/Utils/noise-handler.js:126:13)
    at process.processTicksAndRejections (node:internal/process/task_queues:104:5)
    at async Object.decodeFrame (file:///C:/Users/shadr.JARVIS/Desktop/DotVV/node_modules/@whiskeysockets/baileys/lib/Utils/noise-handler.js:197:13)
    at async WebSocketClient.onMessageReceived (file:///C:/Users/shadr.JARVIS/Desktop/DotVV/node_modules/@whiskeysockets/baileys/lib/Socket/socket.js:442:9)
[2026-09-03T00:24:51.587Z] INFO lastDisconnect.error full: Error: Stream Errored (conflict)
    at WebSocketClient.<anonymous> (file:///C:/Users/shadr.JARVIS/Desktop/DotVV/node_modules/@whiskeysockets/baileys/lib/Socket/socket.js:795:18)
    at WebSocketClient.emit (node:events:509:28)
    at file:///C:/Users/shadr.JARVIS/Desktop/DotVV/node_modules/@whiskeysockets/baileys/lib/Socket/socket.js:465:35
    at processData (file:///C:/Users/shadr.JARVIS/Desktop/DotVV/node_modules/@whiskeysockets/baileys/lib/Utils/noise-handler.js:126:13)
    at process.processTicksAndRejections (node:internal/process/task_queues:104:5)
    at async Object.decodeFrame (file:///C:/Users/shadr.JARVIS/Desktop/DotVV/node_modules/@whiskeysockets/baileys/lib/Utils/noise-handler.js:197:13)
    at async WebSocketClient.onMessageReceived (file:///C:/Users/shadr.JARVIS/Desktop/DotVV/node_modules/@whiskeysockets/baileys/lib/Socket/socket.js:442:9) {
  data: { tag: 'conflict', attrs: { type: 'replaced' }, content: undefined },
  isBoom: true,
  isServer: false,
  output: {
    statusCode: 440,
    payload: {
      statusCode: 440,
      error: 'Unknown',
      message: 'Stream Errored (conflict)'
    },
    headers: {}
  }
}
[2026-09-03T00:24:51.587Z] INFO lastDisconnect.error.output.payload: {
  statusCode: 440,
  error: 'Unknown',
  message: 'Stream Errored (conflict)'
}
[2026-09-03T00:24:51.587Z] INFO reconnecting in 2228ms (attempt 1/5)
[2026-09-03T00:24:54.333Z] INFO P3TROHOLIC bot started. Scan QR in terminal to authenticate.
[2026-09-03T00:24:54.334Z] INFO connection update full: {
  connection: 'connecting',
  receivedPendingNotifications: false,
  qr: undefined
}
[2026-09-03T00:24:54.334Z] INFO connection update: connecting
[2026-09-03T00:24:55.948Z] INFO connection update full: {
  connection: 'close',
  lastDisconnect: {
    error: Error: Stream Errored (conflict)
        at WebSocketClient.<anonymous> (file:///C:/Users/shadr.JARVIS/Desktop/DotVV/node_modules/@whiskeysockets/baileys/lib/Socket/socket.js:795:18)
        at WebSocketClient.emit (node:events:509:28)
        at file:///C:/Users/shadr.JARVIS/Desktop/DotVV/node_modules/@whiskeysockets/baileys/lib/Socket/socket.js:465:35
        at processData (file:///C:/Users/shadr.JARVIS/Desktop/DotVV/node_modules/@whiskeysockets/baileys/lib/Utils/noise-handler.js:126:13)
        at process.processTicksAndRejections (node:internal/process/task_queues:104:5)
        at async Object.decodeFrame (file:///C:/Users/shadr.JARVIS/Desktop/DotVV/node_modules/@whiskeysockets/baileys/lib/Utils/noise-handler.js:197:13)
        at async WebSocketClient.onMessageReceived (file:///C:/Users/shadr.JARVIS/Desktop/DotVV/node_modules/@whiskeysockets/baileys/lib/Socket/socket.js:442:9) {
      data: {
        tag: 'conflict',
        attrs: { type: 'replaced' },
        content: undefined
      },
      isBoom: true,
      isServer: false,
      output: {
        statusCode: 440,
        payload: {
          statusCode: 440,
          error: 'Unknown',
          message: 'Stream Errored (conflict)'
        },
        headers: {}
      }
    },
    date: 2026-09-03T00:24:55.948Z
  }
}
[2026-09-03T00:24:55.949Z] INFO connection update: close
[2026-09-03T00:24:55.949Z] INFO connection closed Error: Stream Errored (conflict)
    at WebSocketClient.<anonymous> (file:///C:/Users/shadr.JARVIS/Desktop/DotVV/node_modules/@whiskeysockets/baileys/lib/Socket/socket.js:795:18)
    at WebSocketClient.emit (node:events:509:28)
    at file:///C:/Users/shadr.JARVIS/Desktop/DotVV/node_modules/@whiskeysockets/baileys/lib/Socket/socket.js:465:35
    at processData (file:///C:/Users/shadr.JARVIS/Desktop/DotVV/node_modules/@whiskeysockets/baileys/lib/Utils/noise-handler.js:126:13)
    at process.processTicksAndRejections (node:internal/process/task_queues:104:5)
    at async Object.decodeFrame (file:///C:/Users/shadr.JARVIS/Desktop/DotVV/node_modules/@whiskeysockets/baileys/lib/Utils/noise-handler.js:197:13)
    at async WebSocketClient.onMessageReceived (file:///C:/Users/shadr.JARVIS/Desktop/DotVV/node_modules/@whiskeysockets/baileys/lib/Socket/socket.js:442:9)
[2026-09-03T00:24:55.949Z] INFO lastDisconnect.error full: Error: Stream Errored (conflict)
    at WebSocketClient.<anonymous> (file:///C:/Users/shadr.JARVIS/Desktop/DotVV/node_modules/@whiskeysockets/baileys/lib/Socket/socket.js:795:18)
    at WebSocketClient.emit (node:events:509:28)
    at file:///C:/Users/shadr.JARVIS/Desktop/DotVV/node_modules/@whiskeysockets/baileys/lib/Socket/socket.js:465:35
    at processData (file:///C:/Users/shadr.JARVIS/Desktop/DotVV/node_modules/@whiskeysockets/baileys/lib/Utils/noise-handler.js:126:13)
    at process.processTicksAndRejections (node:internal/process/task_queues:104:5)
    at async Object.decodeFrame (file:///C:/Users/shadr.JARVIS/Desktop/DotVV/node_modules/@whiskeysockets/baileys/lib/Utils/noise-handler.js:197:13)
    at async WebSocketClient.onMessageReceived (file:///C:/Users/shadr.JARVIS/Desktop/DotVV/node_modules/@whiskeysockets/baileys/lib/Socket/socket.js:442:9) {
  data: { tag: 'conflict', attrs: { type: 'replaced' }, content: undefined },
  isBoom: true,
  isServer: false,
  output: {
    statusCode: 440,
    payload: {
      statusCode: 440,
      error: 'Unknown',
      message: 'Stream Errored (conflict)'
    },
    headers: {}
  }
}
[2026-09-03T00:24:55.950Z] INFO lastDisconnect.error.output.payload: {
  statusCode: 440,
  error: 'Unknown',
  message: 'Stream Errored (conflict)'
}
[2026-09-03T00:24:55.950Z] INFO reconnecting in 4026ms (attempt 2/5)
[2026-09-03T00:25:00.501Z] INFO P3TROHOLIC bot started. Scan QR in terminal to authenticate.
[2026-09-03T00:25:00.501Z] INFO connection update full: {
  connection: 'connecting',
  receivedPendingNotifications: false,
  qr: undefined
}
[2026-09-03T00:25:00.502Z] INFO connection update: connecting
[2026-09-03T00:25:02.543Z] INFO connection update full: { receivedPendingNotifications: true }
[2026-09-03T00:25:02.844Z] INFO connection update full: { isOnline: true }
[2026-09-03T00:25:02.845Z] INFO connection update full: { connection: 'open' }
[2026-09-03T00:25:02.845Z] INFO connection update: open
[2026-09-03T00:25:02.845Z] INFO connection opened
[2026-09-03T00:25:03.005Z] INFO connection update full: {
  connection: 'close',
  lastDisconnect: {
    error: Error: Stream Errored (conflict)
        at WebSocketClient.<anonymous> (file:///C:/Users/shadr.JARVIS/Desktop/DotVV/node_modules/@whiskeysockets/baileys/lib/Socket/socket.js:795:18)
        at WebSocketClient.emit (node:events:509:28)
        at file:///C:/Users/shadr.JARVIS/Desktop/DotVV/node_modules/@whiskeysockets/baileys/lib/Socket/socket.js:465:35
        at processData (file:///C:/Users/shadr.JARVIS/Desktop/DotVV/node_modules/@whiskeysockets/baileys/lib/Utils/noise-handler.js:126:13)
        at process.processTicksAndRejections (node:internal/process/task_queues:104:5)
        at async Object.decodeFrame (file:///C:/Users/shadr.JARVIS/Desktop/DotVV/node_modules/@whiskeysockets/baileys/lib/Utils/noise-handler.js:197:13)
        at async WebSocketClient.onMessageReceived (file:///C:/Users/shadr.JARVIS/Desktop/DotVV/node_modules/@whiskeysockets/baileys/lib/Socket/socket.js:442:9) {
      data: {
        tag: 'conflict',
        attrs: { type: 'replaced' },
        content: undefined
      },
      isBoom: true,
      isServer: false,
      output: {
        statusCode: 440,
        payload: {
          statusCode: 440,
          error: 'Unknown',
          message: 'Stream Errored (conflict)'
        },
        headers: {}
      }
    },
    date: 2026-09-03T00:25:03.005Z
  }
}
[2026-09-03T00:25:03.006Z] INFO connection update: close
[2026-09-03T00:25:03.006Z] INFO connection closed Error: Stream Errored (conflict)
    at WebSocketClient.<anonymous> (file:///C:/Users/shadr.JARVIS/Desktop/DotVV/node_modules/@whiskeysockets/baileys/lib/Socket/socket.js:795:18)
    at WebSocketClient.emit (node:events:509:28)
    at file:///C:/Users/shadr.JARVIS/Desktop/DotVV/node_modules/@whiskeysockets/baileys/lib/Socket/socket.js:465:35
    at processData (file:///C:/Users/shadr.JARVIS/Desktop/DotVV/node_modules/@whiskeysockets/baileys/lib/Utils/noise-handler.js:126:13)
    at process.processTicksAndRejections (node:internal/process/task_queues:104:5)
    at async Object.decodeFrame (file:///C:/Users/shadr.JARVIS/Desktop/DotVV/node_modules/@whiskeysockets/baileys/lib/Utils/noise-handler.js:197:13)
    at async WebSocketClient.onMessageReceived (file:///C:/Users/shadr.JARVIS/Desktop/DotVV/node_modules/@whiskeysockets/baileys/lib/Socket/socket.js:442:9)
[2026-09-03T00:25:03.006Z] INFO lastDisconnect.error full: Error: Stream Errored (conflict)
    at WebSocketClient.<anonymous> (file:///C:/Users/shadr.JARVIS/Desktop/DotVV/node_modules/@whiskeysockets/baileys/lib/Socket/socket.js:795:18)
    at WebSocketClient.emit (node:events:509:28)
    at file:///C:/Users/shadr.JARVIS/Desktop/DotVV/node_modules/@whiskeysockets/baileys/lib/Socket/socket.js:465:35
    at processData (file:///C:/Users/shadr.JARVIS/Desktop/DotVV/node_modules/@whiskeysockets/baileys/lib/Utils/noise-handler.js:126:13)
    at process.processTicksAndRejections (node:internal/process/task_queues:104:5)
    at async Object.decodeFrame (file:///C:/Users/shadr.JARVIS/Desktop/DotVV/node_modules/@whiskeysockets/baileys/lib/Utils/noise-handler.js:197:13)
    at async WebSocketClient.onMessageReceived (file:///C:/Users/shadr.JARVIS/Desktop/DotVV/node_modules/@whiskeysockets/baileys/lib/Socket/socket.js:442:9) {
  data: { tag: 'conflict', attrs: { type: 'replaced' }, content: undefined },
  isBoom: true,
  isServer: false,
  output: {
    statusCode: 440,
    payload: {
      statusCode: 440,
      error: 'Unknown',
      message: 'Stream Errored (conflict)'
    },
    headers: {}
  }
}
[2026-09-03T00:25:03.006Z] INFO lastDisconnect.error.output.payload: {
  statusCode: 440,
  error: 'Unknown',
  message: 'Stream Errored (conflict)'
}
[2026-09-03T00:25:03.007Z] INFO reconnecting in 2871ms (attempt 1/5)
[2026-09-03T00:25:06.390Z] INFO P3TROHOLIC bot started. Scan QR in terminal to authenticate.
[2026-09-03T00:25:06.391Z] INFO connection update full: {
  connection: 'connecting',
  receivedPendingNotifications: false,
  qr: undefined
}
[2026-09-03T00:25:06.391Z] INFO connection update: connecting
[2026-09-03T00:25:07.574Z] INFO connection update full: {
  connection: 'close',
  lastDisconnect: {
    error: Error: Stream Errored (conflict)
        at WebSocketClient.<anonymous> (file:///C:/Users/shadr.JARVIS/Desktop/DotVV/node_modules/@whiskeysockets/baileys/lib/Socket/socket.js:795:18)
        at WebSocketClient.emit (node:events:509:28)
        at file:///C:/Users/shadr.JARVIS/Desktop/DotVV/node_modules/@whiskeysockets/baileys/lib/Socket/socket.js:465:35
        at processData (file:///C:/Users/shadr.JARVIS/Desktop/DotVV/node_modules/@whiskeysockets/baileys/lib/Utils/noise-handler.js:126:13)
        at process.processTicksAndRejections (node:internal/process/task_queues:104:5)
        at async Object.decodeFrame (file:///C:/Users/shadr.JARVIS/Desktop/DotVV/node_modules/@whiskeysockets/baileys/lib/Utils/noise-handler.js:197:13)
        at async WebSocketClient.onMessageReceived (file:///C:/Users/shadr.JARVIS/Desktop/DotVV/node_modules/@whiskeysockets/baileys/lib/Socket/socket.js:442:9) {
      data: {
        tag: 'conflict',
        attrs: { type: 'replaced' },
        content: undefined
      },
      isBoom: true,
      isServer: false,
      output: {
        statusCode: 440,
        payload: {
          statusCode: 440,
          error: 'Unknown',
          message: 'Stream Errored (conflict)'
        },
        headers: {}
      }
    },
    date: 2026-09-03T00:25:07.574Z
  }
}
[2026-09-03T00:25:07.574Z] INFO connection update: close
[2026-09-03T00:25:07.574Z] INFO connection closed Error: Stream Errored (conflict)
    at WebSocketClient.<anonymous> (file:///C:/Users/shadr.JARVIS/Desktop/DotVV/node_modules/@whiskeysockets/baileys/lib/Socket/socket.js:795:18)
    at WebSocketClient.emit (node:events:509:28)
    at file:///C:/Users/shadr.JARVIS/Desktop/DotVV/node_modules/@whiskeysockets/baileys/lib/Socket/socket.js:465:35
    at processData (file:///C:/Users/shadr.JARVIS/Desktop/DotVV/node_modules/@whiskeysockets/baileys/lib/Utils/noise-handler.js:126:13)
    at process.processTicksAndRejections (node:internal/process/task_queues:104:5)
    at async Object.decodeFrame (file:///C:/Users/shadr.JARVIS/Desktop/DotVV/node_modules/@whiskeysockets/baileys/lib/Utils/noise-handler.js:197:13)
    at async WebSocketClient.onMessageReceived (file:///C:/Users/shadr.JARVIS/Desktop/DotVV/node_modules/@whiskeysockets/baileys/lib/Socket/socket.js:442:9)
[2026-09-03T00:25:07.575Z] INFO lastDisconnect.error full: Error: Stream Errored (conflict)
    at WebSocketClient.<anonymous> (file:///C:/Users/shadr.JARVIS/Desktop/DotVV/node_modules/@whiskeysockets/baileys/lib/Socket/socket.js:795:18)
    at WebSocketClient.emit (node:events:509:28)
    at file:///C:/Users/shadr.JARVIS/Desktop/DotVV/node_modules/@whiskeysockets/baileys/lib/Socket/socket.js:465:35
    at processData (file:///C:/Users/shadr.JARVIS/Desktop/DotVV/node_modules/@whiskeysockets/baileys/lib/Utils/noise-handler.js:126:13)
    at process.processTicksAndRejections (node:internal/process/task_queues:104:5)
    at async Object.decodeFrame (file:///C:/Users/shadr.JARVIS/Desktop/DotVV/node_modules/@whiskeysockets/baileys/lib/Utils/noise-handler.js:197:13)
    at async WebSocketClient.onMessageReceived (file:///C:/Users/shadr.JARVIS/Desktop/DotVV/node_modules/@whiskeysockets/baileys/lib/Socket/socket.js:442:9) {
  data: { tag: 'conflict', attrs: { type: 'replaced' }, content: undefined },
  isBoom: true,
  isServer: false,
  output: {
    statusCode: 440,
    payload: {
      statusCode: 440,
      error: 'Unknown',
      message: 'Stream Errored (conflict)'
    },
    headers: {}
  }
}
[2026-09-03T00:25:07.575Z] INFO lastDisconnect.error.output.payload: {
  statusCode: 440,
  error: 'Unknown',
  message: 'Stream Errored (conflict)'
}
[2026-09-03T00:25:07.575Z] INFO reconnecting in 4085ms (attempt 2/5)
[2026-09-03T00:25:12.194Z] INFO P3TROHOLIC bot started. Scan QR in terminal to authenticate.
[2026-09-03T00:25:12.195Z] INFO connection update full: {
  connection: 'connecting',
  receivedPendingNotifications: false,
  qr: undefined
}
[2026-09-03T00:25:12.195Z] INFO connection update: connecting
[2026-09-03T00:25:13.774Z] INFO connection update full: {
  connection: 'close',
  lastDisconnect: {
    error: Error: Stream Errored (conflict)
        at WebSocketClient.<anonymous> (file:///C:/Users/shadr.JARVIS/Desktop/DotVV/node_modules/@whiskeysockets/baileys/lib/Socket/socket.js:795:18)
        at WebSocketClient.emit (node:events:509:28)
        at file:///C:/Users/shadr.JARVIS/Desktop/DotVV/node_modules/@whiskeysockets/baileys/lib/Socket/socket.js:465:35
        at processData (file:///C:/Users/shadr.JARVIS/Desktop/DotVV/node_modules/@whiskeysockets/baileys/lib/Utils/noise-handler.js:126:13)
        at process.processTicksAndRejections (node:internal/process/task_queues:104:5)
        at async Object.decodeFrame (file:///C:/Users/shadr.JARVIS/Desktop/DotVV/node_modules/@whiskeysockets/baileys/lib/Utils/noise-handler.js:197:13)
        at async WebSocketClient.onMessageReceived (file:///C:/Users/shadr.JARVIS/Desktop/DotVV/node_modules/@whiskeysockets/baileys/lib/Socket/socket.js:442:9) {
      data: {
        tag: 'conflict',
        attrs: { type: 'replaced' },
        content: undefined
      },
      isBoom: true,
      isServer: false,
      output: {
        statusCode: 440,
        payload: {
          statusCode: 440,
          error: 'Unknown',
          message: 'Stream Errored (conflict)'
        },
        headers: {}
      }
    },
    date: 2026-09-03T00:25:13.774Z
  }
}
[2026-09-03T00:25:13.775Z] INFO connection update: close
[2026-09-03T00:25:13.775Z] INFO connection closed Error: Stream Errored (conflict)
    at WebSocketClient.<anonymous> (file:///C:/Users/shadr.JARVIS/Desktop/DotVV/node_modules/@whiskeysockets/baileys/lib/Socket/socket.js:795:18)
    at WebSocketClient.emit (node:events:509:28)
    at file:///C:/Users/shadr.JARVIS/Desktop/DotVV/node_modules/@whiskeysockets/baileys/lib/Socket/socket.js:465:35
    at processData (file:///C:/Users/shadr.JARVIS/Desktop/DotVV/node_modules/@whiskeysockets/baileys/lib/Utils/noise-handler.js:126:13)
    at process.processTicksAndRejections (node:internal/process/task_queues:104:5)
    at async Object.decodeFrame (file:///C:/Users/shadr.JARVIS/Desktop/DotVV/node_modules/@whiskeysockets/baileys/lib/Utils/noise-handler.js:197:13)
    at async WebSocketClient.onMessageReceived (file:///C:/Users/shadr.JARVIS/Desktop/DotVV/node_modules/@whiskeysockets/baileys/lib/Socket/socket.js:442:9)
[2026-09-03T00:25:13.775Z] INFO lastDisconnect.error full: Error: Stream Errored (conflict)
    at WebSocketClient.<anonymous> (file:///C:/Users/shadr.JARVIS/Desktop/DotVV/node_modules/@whiskeysockets/baileys/lib/Socket/socket.js:795:18)
    at WebSocketClient.emit (node:events:509:28)
    at file:///C:/Users/shadr.JARVIS/Desktop/DotVV/node_modules/@whiskeysockets/baileys/lib/Socket/socket.js:465:35
    at processData (file:///C:/Users/shadr.JARVIS/Desktop/DotVV/node_modules/@whiskeysockets/baileys/lib/Utils/noise-handler.js:126:13)
    at process.processTicksAndRejections (node:internal/process/task_queues:104:5)
    at async Object.decodeFrame (file:///C:/Users/shadr.JARVIS/Desktop/DotVV/node_modules/@whiskeysockets/baileys/lib/Utils/noise-handler.js:197:13)
    at async WebSocketClient.onMessageReceived (file:///C:/Users/shadr.JARVIS/Desktop/DotVV/node_modules/@whiskeysockets/baileys/lib/Socket/socket.js:442:9) {
  data: { tag: 'conflict', attrs: { type: 'replaced' }, content: undefined },
  isBoom: true,
  isServer: false,
  output: {
    statusCode: 440,
    payload: {
      statusCode: 440,
      error: 'Unknown',
      message: 'Stream Errored (conflict)'
    },
    headers: {}
  }
}
[2026-09-03T00:25:13.775Z] INFO lastDisconnect.error.output.payload: {
  statusCode: 440,
  error: 'Unknown',
  message: 'Stream Errored (conflict)'
}
[2026-09-03T00:25:13.775Z] INFO reconnecting in 8232ms (attempt 3/5)
[2026-09-03T00:25:22.521Z] INFO P3TROHOLIC bot started. Scan QR in terminal to authenticate.
[2026-09-03T00:25:22.521Z] INFO connection update full: {
  connection: 'connecting',
  receivedPendingNotifications: false,
  qr: undefined
}
[2026-09-03T00:25:22.521Z] INFO connection update: connecting
[2026-09-03T00:25:24.075Z] INFO connection update full: {
  connection: 'close',
  lastDisconnect: {
    error: Error: Stream Errored (conflict)
        at WebSocketClient.<anonymous> (file:///C:/Users/shadr.JARVIS/Desktop/DotVV/node_modules/@whiskeysockets/baileys/lib/Socket/socket.js:795:18)
        at WebSocketClient.emit (node:events:509:28)
        at file:///C:/Users/shadr.JARVIS/Desktop/DotVV/node_modules/@whiskeysockets/baileys/lib/Socket/socket.js:465:35
        at processData (file:///C:/Users/shadr.JARVIS/Desktop/DotVV/node_modules/@whiskeysockets/baileys/lib/Utils/noise-handler.js:126:13)
        at process.processTicksAndRejections (node:internal/process/task_queues:104:5)
        at async Object.decodeFrame (file:///C:/Users/shadr.JARVIS/Desktop/DotVV/node_modules/@whiskeysockets/baileys/lib/Utils/noise-handler.js:197:13)
        at async WebSocketClient.onMessageReceived (file:///C:/Users/shadr.JARVIS/Desktop/DotVV/node_modules/@whiskeysockets/baileys/lib/Socket/socket.js:442:9) {
      data: {
        tag: 'conflict',
        attrs: { type: 'replaced' },
        content: undefined
      },
      isBoom: true,
      isServer: false,
      output: {
        statusCode: 440,
        payload: {
          statusCode: 440,
          error: 'Unknown',
          message: 'Stream Errored (conflict)'
        },
        headers: {}
      }
    },
    date: 2026-09-03T00:25:24.075Z
  }
}
[2026-09-03T00:25:24.075Z] INFO connection update: close
[2026-09-03T00:25:24.075Z] INFO connection closed Error: Stream Errored (conflict)
    at WebSocketClient.<anonymous> (file:///C:/Users/shadr.JARVIS/Desktop/DotVV/node_modules/@whiskeysockets/baileys/lib/Socket/socket.js:795:18)
    at WebSocketClient.emit (node:events:509:28)
    at file:///C:/Users/shadr.JARVIS/Desktop/DotVV/node_modules/@whiskeysockets/baileys/lib/Socket/socket.js:465:35
    at processData (file:///C:/Users/shadr.JARVIS/Desktop/DotVV/node_modules/@whiskeysockets/baileys/lib/Utils/noise-handler.js:126:13)
    at process.processTicksAndRejections (node:internal/process/task_queues:104:5)
    at async Object.decodeFrame (file:///C:/Users/shadr.JARVIS/Desktop/DotVV/node_modules/@whiskeysockets/baileys/lib/Utils/noise-handler.js:197:13)
    at async WebSocketClient.onMessageReceived (file:///C:/Users/shadr.JARVIS/Desktop/DotVV/node_modules/@whiskeysockets/baileys/lib/Socket/socket.js:442:9)
[2026-09-03T00:25:24.076Z] INFO lastDisconnect.error full: Error: Stream Errored (conflict)
    at WebSocketClient.<anonymous> (file:///C:/Users/shadr.JARVIS/Desktop/DotVV/node_modules/@whiskeysockets/baileys/lib/Socket/socket.js:795:18)
    at WebSocketClient.emit (node:events:509:28)
    at file:///C:/Users/shadr.JARVIS/Desktop/DotVV/node_modules/@whiskeysockets/baileys/lib/Socket/socket.js:465:35
    at processData (file:///C:/Users/shadr.JARVIS/Desktop/DotVV/node_modules/@whiskeysockets/baileys/lib/Utils/noise-handler.js:126:13)
    at process.processTicksAndRejections (node:internal/process/task_queues:104:5)
    at async Object.decodeFrame (file:///C:/Users/shadr.JARVIS/Desktop/DotVV/node_modules/@whiskeysockets/baileys/lib/Utils/noise-handler.js:197:13)
    at async WebSocketClient.onMessageReceived (file:///C:/Users/shadr.JARVIS/Desktop/DotVV/node_modules/@whiskeysockets/baileys/lib/Socket/socket.js:442:9) {
  data: { tag: 'conflict', attrs: { type: 'replaced' }, content: undefined },
  isBoom: true,
  isServer: false,
  output: {
    statusCode: 440,
    payload: {
      statusCode: 440,
      error: 'Unknown',
      message: 'Stream Errored (conflict)'
    },
    headers: {}
  }
}
[2026-09-03T00:25:24.076Z] INFO lastDisconnect.error.output.payload: {
  statusCode: 440,
  error: 'Unknown',
  message: 'Stream Errored (conflict)'
}
[2026-09-03T00:25:24.076Z] INFO reconnecting in 16816ms (attempt 4/5)
[2026-09-03T00:25:41.413Z] INFO P3TROHOLIC bot started. Scan QR in terminal to authenticate.
[2026-09-03T00:25:41.413Z] INFO connection update full: {
  connection: 'connecting',
  receivedPendingNotifications: false,
  qr: undefined
}
[2026-09-03T00:25:41.413Z] INFO connection update: connecting
[2026-09-03T00:25:43.304Z] INFO connection update full: {
  connection: 'close',
  lastDisconnect: {
    error: Error: Stream Errored (conflict)
        at WebSocketClient.<anonymous> (file:///C:/Users/shadr.JARVIS/Desktop/DotVV/node_modules/@whiskeysockets/baileys/lib/Socket/socket.js:795:18)
        at WebSocketClient.emit (node:events:509:28)
        at file:///C:/Users/shadr.JARVIS/Desktop/DotVV/node_modules/@whiskeysockets/baileys/lib/Socket/socket.js:465:35
        at processData (file:///C:/Users/shadr.JARVIS/Desktop/DotVV/node_modules/@whiskeysockets/baileys/lib/Utils/noise-handler.js:126:13)
        at process.processTicksAndRejections (node:internal/process/task_queues:104:5)
        at async Object.decodeFrame (file:///C:/Users/shadr.JARVIS/Desktop/DotVV/node_modules/@whiskeysockets/baileys/lib/Utils/noise-handler.js:197:13)
        at async WebSocketClient.onMessageReceived (file:///C:/Users/shadr.JARVIS/Desktop/DotVV/node_modules/@whiskeysockets/baileys/lib/Socket/socket.js:442:9) {
      data: {
        tag: 'conflict',
        attrs: { type: 'replaced' },
        content: undefined
      },
      isBoom: true,
      isServer: false,
      output: {
        statusCode: 440,
        payload: {
          statusCode: 440,
          error: 'Unknown',
          message: 'Stream Errored (conflict)'
        },
        headers: {}
      }
    },
    date: 2026-09-03T00:25:43.304Z
  }
}
[2026-09-03T00:25:43.304Z] INFO connection update: close
[2026-09-03T00:25:43.304Z] INFO connection closed Error: Stream Errored (conflict)
    at WebSocketClient.<anonymous> (file:///C:/Users/shadr.JARVIS/Desktop/DotVV/node_modules/@whiskeysockets/baileys/lib/Socket/socket.js:795:18)
    at WebSocketClient.emit (node:events:509:28)
    at file:///C:/Users/shadr.JARVIS/Desktop/DotVV/node_modules/@whiskeysockets/baileys/lib/Socket/socket.js:465:35
    at processData (file:///C:/Users/shadr.JARVIS/Desktop/DotVV/node_modules/@whiskeysockets/baileys/lib/Utils/noise-handler.js:126:13)
    at process.processTicksAndRejections (node:internal/process/task_queues:104:5)
    at async Object.decodeFrame (file:///C:/Users/shadr.JARVIS/Desktop/DotVV/node_modules/@whiskeysockets/baileys/lib/Utils/noise-handler.js:197:13)
    at async WebSocketClient.onMessageReceived (file:///C:/Users/shadr.JARVIS/Desktop/DotVV/node_modules/@whiskeysockets/baileys/lib/Socket/socket.js:442:9)
[2026-09-03T00:25:43.304Z] INFO lastDisconnect.error full: Error: Stream Errored (conflict)
    at WebSocketClient.<anonymous> (file:///C:/Users/shadr.JARVIS/Desktop/DotVV/node_modules/@whiskeysockets/baileys/lib/Socket/socket.js:795:18)
    at WebSocketClient.emit (node:events:509:28)
    at file:///C:/Users/shadr.JARVIS/Desktop/DotVV/node_modules/@whiskeysockets/baileys/lib/Socket/socket.js:465:35
    at processData (file:///C:/Users/shadr.JARVIS/Desktop/DotVV/node_modules/@whiskeysockets/baileys/lib/Utils/noise-handler.js:126:13)
    at process.processTicksAndRejections (node:internal/process/task_queues:104:5)
    at async Object.decodeFrame (file:///C:/Users/shadr.JARVIS/Desktop/DotVV/node_modules/@whiskeysockets/baileys/lib/Utils/noise-handler.js:197:13)
    at async WebSocketClient.onMessageReceived (file:///C:/Users/shadr.JARVIS/Desktop/DotVV/node_modules/@whiskeysockets/baileys/lib/Socket/socket.js:442:9) {
  data: { tag: 'conflict', attrs: { type: 'replaced' }, content: undefined },
  isBoom: true,
  isServer: false,
  output: {
    statusCode: 440,
    payload: {
      statusCode: 440,
      error: 'Unknown',
      message: 'Stream Errored (conflict)'
    },
    headers: {}
  }
}
[2026-09-03T00:25:43.305Z] INFO lastDisconnect.error.output.payload: {
  statusCode: 440,
  error: 'Unknown',
  message: 'Stream Errored (conflict)'
}
[2026-09-03T00:25:43.305Z] INFO reconnecting in 30866ms (attempt 5/5)
[2026-09-03T00:26:14.684Z] INFO P3TROHOLIC bot started. Scan QR in terminal to authenticate.
[2026-09-03T00:26:14.684Z] INFO connection update full: {
  connection: 'connecting',
  receivedPendingNotifications: false,
  qr: undefined
}
[2026-09-03T00:26:14.684Z] INFO connection update: connecting
[2026-09-03T00:26:16.126Z] INFO connection update full: {
  connection: 'close',
  lastDisconnect: {
    error: Error: Stream Errored (conflict)
        at WebSocketClient.<anonymous> (file:///C:/Users/shadr.JARVIS/Desktop/DotVV/node_modules/@whiskeysockets/baileys/lib/Socket/socket.js:795:18)
        at WebSocketClient.emit (node:events:509:28)
        at file:///C:/Users/shadr.JARVIS/Desktop/DotVV/node_modules/@whiskeysockets/baileys/lib/Socket/socket.js:465:35
        at processData (file:///C:/Users/shadr.JARVIS/Desktop/DotVV/node_modules/@whiskeysockets/baileys/lib/Utils/noise-handler.js:126:13)
        at process.processTicksAndRejections (node:internal/process/task_queues:104:5)
        at async Object.decodeFrame (file:///C:/Users/shadr.JARVIS/Desktop/DotVV/node_modules/@whiskeysockets/baileys/lib/Utils/noise-handler.js:197:13)
        at async WebSocketClient.onMessageReceived (file:///C:/Users/shadr.JARVIS/Desktop/DotVV/node_modules/@whiskeysockets/baileys/lib/Socket/socket.js:442:9) {
      data: {
        tag: 'conflict',
        attrs: { type: 'replaced' },
        content: undefined
      },
      isBoom: true,
      isServer: false,
      output: {
        statusCode: 440,
        payload: {
          statusCode: 440,
          error: 'Unknown',
          message: 'Stream Errored (conflict)'
        },
        headers: {}
      }
    },
    date: 2026-09-03T00:26:16.126Z
  }
}
[2026-09-03T00:26:16.126Z] INFO connection update: close
[2026-09-03T00:26:16.126Z] INFO connection closed Error: Stream Errored (conflict)
    at WebSocketClient.<anonymous> (file:///C:/Users/shadr.JARVIS/Desktop/DotVV/node_modules/@whiskeysockets/baileys/lib/Socket/socket.js:795:18)
    at WebSocketClient.emit (node:events:509:28)
    at file:///C:/Users/shadr.JARVIS/Desktop/DotVV/node_modules/@whiskeysockets/baileys/lib/Socket/socket.js:465:35
    at processData (file:///C:/Users/shadr.JARVIS/Desktop/DotVV/node_modules/@whiskeysockets/baileys/lib/Utils/noise-handler.js:126:13)
    at process.processTicksAndRejections (node:internal/process/task_queues:104:5)
    at async Object.decodeFrame (file:///C:/Users/shadr.JARVIS/Desktop/DotVV/node_modules/@whiskeysockets/baileys/lib/Utils/noise-handler.js:197:13)
    at async WebSocketClient.onMessageReceived (file:///C:/Users/shadr.JARVIS/Desktop/DotVV/node_modules/@whiskeysockets/baileys/lib/Socket/socket.js:442:9)
[2026-09-03T00:26:16.127Z] INFO lastDisconnect.error full: Error: Stream Errored (conflict)
    at WebSocketClient.<anonymous> (file:///C:/Users/shadr.JARVIS/Desktop/DotVV/node_modules/@whiskeysockets/baileys/lib/Socket/socket.js:795:18)
    at WebSocketClient.emit (node:events:509:28)
    at file:///C:/Users/shadr.JARVIS/Desktop/DotVV/node_modules/@whiskeysockets/baileys/lib/Socket/socket.js:465:35
    at processData (file:///C:/Users/shadr.JARVIS/Desktop/DotVV/node_modules/@whiskeysockets/baileys/lib/Utils/noise-handler.js:126:13)
    at process.processTicksAndRejections (node:internal/process/task_queues:104:5)
    at async Object.decodeFrame (file:///C:/Users/shadr.JARVIS/Desktop/DotVV/node_modules/@whiskeysockets/baileys/lib/Utils/noise-handler.js:197:13)
    at async WebSocketClient.onMessageReceived (file:///C:/Users/shadr.JARVIS/Desktop/DotVV/node_modules/@whiskeysockets/baileys/lib/Socket/socket.js:442:9) {
  data: { tag: 'conflict', attrs: { type: 'replaced' }, content: undefined },
  isBoom: true,
  isServer: false,
  output: {
    statusCode: 440,
    payload: {
      statusCode: 440,
      error: 'Unknown',
      message: 'Stream Errored (conflict)'
    },
    headers: {}
  }
}
[2026-09-03T00:26:16.127Z] INFO lastDisconnect.error.output.payload: {
  statusCode: 440,
  error: 'Unknown',
  message: 'Stream Errored (conflict)'
}
[2026-09-03T00:26:16.127Z] INFO Max reconnect attempts reached — give up. Check network or try again later.
[2026-09-03T02:00:41.493Z] INFO Webserver listening on port 3000
[2026-09-03T02:00:46.349Z] INFO P3TROHOLIC bot started. Scan QR in terminal to authenticate.
[2026-09-03T02:00:46.352Z] INFO connection update full: {
  connection: 'connecting',
  receivedPendingNotifications: false,
  qr: undefined
}
[2026-09-03T02:00:46.352Z] INFO connection update: connecting
[2026-09-03T02:00:47.335Z] INFO connection update full: {
  qr: 'https://wa.me/settings/linked_devices#2@E0HKmP7XzpGdubOJDJH4j0mJouC9Rj5+/rfwcbsouWbhry1pCdg+E2NKKwERPnPfkWAVOwY8z4pnHCBT0bUe9sIj/KrUOBpcekI=,kdraM02PCguZiKQhk1zslqpuREDzwqSh8xJH+HafjAE=,wyCRqjLBQXIAcjQvBny5nycLrU+2SiOW28DEirWCUh0=,9hl6KAbTqH0KbBCJw2+gEU8hSwx+XqZnyuCZg8IWPpY=,1'
}
[2026-09-03T02:00:47.335Z] INFO QR code / link (scan or open with WhatsApp Linked Devices):
 https://wa.me/settings/linked_devices#2@E0HKmP7XzpGdubOJDJH4j0mJouC9Rj5+/rfwcbsouWbhry1pCdg+E2NKKwERPnPfkWAVOwY8z4pnHCBT0bUe9sIj/KrUOBpcekI=,kdraM02PCguZiKQhk1zslqpuREDzwqSh8xJH+HafjAE=,wyCRqjLBQXIAcjQvBny5nycLrU+2SiOW28DEirWCUh0=,9hl6KAbTqH0KbBCJw2+gEU8hSwx+XqZnyuCZg8IWPpY=,1
[2026-09-03T02:00:47.369Z] INFO ▄▄▄▄▄▄▄▄▄▄▄▄▄▄▄▄▄▄▄▄▄▄▄▄▄▄▄▄▄▄▄▄▄▄▄▄▄▄▄▄▄▄▄▄▄▄▄▄▄▄▄▄▄▄▄▄▄▄▄▄▄▄▄
█ ▄▄▄▄▄ █▄ ██▄█▀█  ▀ █▀▀█▄▀▄▀▀█▀  ▀▀█▀▄██▄▄▄▄ █▀█▀██  █ ▄▄▄▄▄ █
█ █   █ █ ▄▀▀▄ ▄▄▀ ▀▀▀▄▄▀▀▀▄▀▄ █▄ █▄▀ █ ▀▄▀  █▀▄▀   ▄ █ █   █ █
█ █▄▄▄█ █▄██▄█ █▄▀▄▄▀ █▀█▀▄ ▄ ▄▄▄ ▀▀▀█ ▄▄▀▀███▄█▄ █ ▄██ █▄▄▄█ █
█▄▄▄▄▄▄▄█▄▀▄█ ▀ ▀▄█▄█▄█ ▀▄█▄▀ █▄█ █ ▀▄█▄█▄█▄█▄█ ▀ ▀ █ █▄▄▄▄▄▄▄█
█  ▄▄▀█▄▀ ▀▄ ▀▀▀ █▀▀ ▀    █▄▄ ▄  ▄█▄▄▀▀█ ▄ ▀▀▀██▄███▄█▄▀▀ ▄▄▀▄█
█ ▄▄█▀▄▄▄█▀▄▀██▄▄▄▀██▀ █ █▀▀▄▀ ▄█▄▀▀▄██ █▄  ▀█▀█▀█▀███▄▄ ▀  ███
█   █▀█▄  ▄▀▀█▄▀ ▄▀ ▄ ████▄▀██▄ ▀███ ▀▀▄██▄█▄▀ ▄  ▀ █▄█▄██▄▄▀▀█
██  █▄▀▄▄█▀▀▀  █ █ ▀ ▀ ▀█▀▀██▄▀▄██ ▀▄▄ █▀ ▄ ▄▄▄███▄▀▄▄██ ▀▄▄ ██
█▄▀██ ▀▄ ▄▄▄▄ █▄▄▀▀███▄  ▀  ▄█▄█ █▄▀█▀▄▄ ▀ ▄▄▄  ▀██▄▀  ▄ ▄▄   █
██▄  ██▄█▀▀▄   ███▀█▄ ▄ █▀ █ ▄█▄ █▀ █▄▄▄  ▄█▀ ▀ ███▀▀▀ ▀ █ ▄ ▄█
█▀▀ ▀▀ ▄ ▀█▄▀▄▄▄▄▄▄█ ▄     ▀▀▄█▀▀ █▀▄█ █▀▄  ▀███ ▀▀▄██  ▀██▄  █
█▄▄█ ▀█▄▄  ▄▀▀▀ █ █ ▀█▀▀█▀█▄▀▀ ▄ ▄██ ▀▀▄  ▀█▀ ▄▀▄▀▄▀██  ▀ ▀▀▀██
█▄ ▄▀ ▀▄▄█▄  ▀▀  ▄ █▄▀████▀▀▄▄▄▄█ ▀▄█▄ ▀▀██▄▄█▀█▄▄  █▄▄████▄  █
█  ▀▀▄█▄▀▀ ▀ ▄ ▄▀ ▀▄███ ▄▄███ ▄▀█ ▀▀ ▀▄▄█  ▀▀ ▀ ▀▀▀ ▀ ▄   ██ ▀█
█▄▄▄▀ ▄▄▄ ▀ ▄▄▀▀▀ ▄▀▀█ ▀█▄ ▄▀ ▄▄▄  ▀ █ ▄▄▀▀▄█  ▀▀████ ▄▄▄ █ ███
███▄▄ █▄█ █ ▄▀▀▄▀▄▀▀ █ █▀▀▀▄▀ █▄█ ▀▄▀▄▄▀█▀ ▄ ██▄  ███ █▄█  █ ▄█
█ █▄ ▄ ▄ ▄▄██▀█▀█ ▄█ ██▄▄▀███ ▄▄  ▄▄▄██▄   ▀▀▀ █▄▀ ▄▄▄ ▄▄▄ ████
██ ▀▄▄▀▄ ▀▀ █▄█▄▀▄█▄▀▄ ▄██▀ ▀  ██▄█ █▀▀█▄█▄▄ ▄█ ▀▀█▄ ██▀▄█▀ ▀▀█
█ ██▄▄ ▄█▀ █▄█ ▄ ▄█  ▀▀▀██▀█  █▄▄ ██ ▄   ██▄ █ █ ▄   ▀▄ ▀▀ ██ █
█▄  █ ▄▄ ▀ █▀▀ ▀ ▄▀▀█▀▄█ ▀█ █▄ █▄▄▄ █▀▄█▄█ ▄█▀███▄█▄▄█ █▀██▄ ██
█▄  ▄█▀▄   ▄▀ ▄ ▀  ██ ▀█ ▄ █▀██▀▀▀ ▀██▄█▄█▀▄▄▄▄▀██▄██▄▀▀ █▄▄▀▄█
██  ██▀▄▄ ▄█▄▄▀▄██▄▀▀▄▀██ █▄▄ ▄▄ ▀██▀▄▀▄ ▀▀▀█▄▀▄▀██▄ ▀ ▄▄█ ██▄█
█ ▀▄▀█ ▄▀▀ ▀▄▀▀▀▄█ ██▄  ▀ ██▀█▄▀▀▄▄█▄▄  ▀ ▄▀█▀▄▄ █▀▄██ ██▄▄█▀██
█████  ▄▄▀█  ▄ ▄▀  ▄▀▄▄▄ ████    ▄▀█▀ ▀▄▀▄█ █▀▀█▀▀▀ ▀▀█▀ █ ▀▄██
█▄▄█▄▀█▄ ▄██▄ ▄▀██ ▄ ▀█▄█ ▀█▄ █ ▄▀ ▄▄▄▄ ▀███▄▀▀▄ ▄█▀   ▄  ███▀█
█▀▀ ▄ ▄▄ █   ▄▄▀ ▄▄█▄▄▄▄▀▄▄▄█▄▄▄ ▄▄▀▀██▄▄ █▀▀▄██ ▀▄ █▄▄█▄ ▄█▄██
█▄▄▄▄██▄█ ▄▀▀█  ▀▀██ █▄▀ █ ▄█ ▄▄▄ ▀▄▄███▀▀ █▄ ▀ ▀▀▀▄▀ ▄▄▄ █▀▄ █
█ ▄▄▄▄▄ ██  ▄▀▀██  ▀▄ ▄██▄▀▀  █▄█ ▄█ ▄▄█▄▄▄▄█▄  ▀█▀ ▄ █▄█  █▄ █
█ █   █ █▀ ▀▄  ▀▄▄▄ ███ █  ██  ▄ ▄▀▄▄█ ▄ ▄▀▀██ ▄ █▀██▄▄ ▄▄ ██▀█
█ █▄▄▄█ █ ▄██ █ ▄▄▄▀ ▄█ ▀▀▀█ ▄ █▀▀▄▄ █ ▄ ▄▄ ▄██    ▀ ▀▀█  ▀ ▄██
█▄▄▄▄▄▄▄█▄▄▄▄█▄█▄▄▄▄▄▄▄█▄██████▄▄████▄▄████▄▄██▄▄▄▄▄██▄▄███▄▄▄█

[2026-09-03T02:01:05.694Z] INFO connection update full: { isNewLogin: true, qr: undefined }
[2026-09-03T02:01:06.452Z] INFO connection update full: {
  connection: 'close',
  lastDisconnect: {
    error: Error: Stream Errored (restart required)
        at WebSocketClient.<anonymous> (file:///C:/Users/shadr.JARVIS/Desktop/DotVV/node_modules/@whiskeysockets/baileys/lib/Socket/socket.js:795:18)
        at WebSocketClient.emit (node:events:509:28)
        at file:///C:/Users/shadr.JARVIS/Desktop/DotVV/node_modules/@whiskeysockets/baileys/lib/Socket/socket.js:465:35
        at processData (file:///C:/Users/shadr.JARVIS/Desktop/DotVV/node_modules/@whiskeysockets/baileys/lib/Utils/noise-handler.js:126:13)
        at process.processTicksAndRejections (node:internal/process/task_queues:104:5)
        at async Object.decodeFrame (file:///C:/Users/shadr.JARVIS/Desktop/DotVV/node_modules/@whiskeysockets/baileys/lib/Utils/noise-handler.js:197:13)
        at async WebSocketClient.onMessageReceived (file:///C:/Users/shadr.JARVIS/Desktop/DotVV/node_modules/@whiskeysockets/baileys/lib/Socket/socket.js:442:9) {
      data: {
        tag: 'stream:error',
        attrs: { code: '515' },
        content: undefined
      },
      isBoom: true,
      isServer: true,
      output: {
        statusCode: 515,
        payload: {
          statusCode: 515,
          error: 'Unknown',
          message: 'Stream Errored (restart required)'
        },
        headers: {}
      }
    },
    date: 2026-09-03T02:01:06.452Z
  }
}
[2026-09-03T02:01:06.453Z] INFO connection update: close
[2026-09-03T02:01:06.453Z] INFO connection closed Error: Stream Errored (restart required)
    at WebSocketClient.<anonymous> (file:///C:/Users/shadr.JARVIS/Desktop/DotVV/node_modules/@whiskeysockets/baileys/lib/Socket/socket.js:795:18)
    at WebSocketClient.emit (node:events:509:28)
    at file:///C:/Users/shadr.JARVIS/Desktop/DotVV/node_modules/@whiskeysockets/baileys/lib/Socket/socket.js:465:35
    at processData (file:///C:/Users/shadr.JARVIS/Desktop/DotVV/node_modules/@whiskeysockets/baileys/lib/Utils/noise-handler.js:126:13)
    at process.processTicksAndRejections (node:internal/process/task_queues:104:5)
    at async Object.decodeFrame (file:///C:/Users/shadr.JARVIS/Desktop/DotVV/node_modules/@whiskeysockets/baileys/lib/Utils/noise-handler.js:197:13)
    at async WebSocketClient.onMessageReceived (file:///C:/Users/shadr.JARVIS/Desktop/DotVV/node_modules/@whiskeysockets/baileys/lib/Socket/socket.js:442:9)
[2026-09-03T02:01:06.454Z] INFO lastDisconnect.error full: Error: Stream Errored (restart required)
    at WebSocketClient.<anonymous> (file:///C:/Users/shadr.JARVIS/Desktop/DotVV/node_modules/@whiskeysockets/baileys/lib/Socket/socket.js:795:18)
    at WebSocketClient.emit (node:events:509:28)
    at file:///C:/Users/shadr.JARVIS/Desktop/DotVV/node_modules/@whiskeysockets/baileys/lib/Socket/socket.js:465:35
    at processData (file:///C:/Users/shadr.JARVIS/Desktop/DotVV/node_modules/@whiskeysockets/baileys/lib/Utils/noise-handler.js:126:13)
    at process.processTicksAndRejections (node:internal/process/task_queues:104:5)
    at async Object.decodeFrame (file:///C:/Users/shadr.JARVIS/Desktop/DotVV/node_modules/@whiskeysockets/baileys/lib/Utils/noise-handler.js:197:13)
    at async WebSocketClient.onMessageReceived (file:///C:/Users/shadr.JARVIS/Desktop/DotVV/node_modules/@whiskeysockets/baileys/lib/Socket/socket.js:442:9) {
  data: { tag: 'stream:error', attrs: { code: '515' }, content: undefined },
  isBoom: true,
  isServer: true,
  output: {
    statusCode: 515,
    payload: {
      statusCode: 515,
      error: 'Unknown',
      message: 'Stream Errored (restart required)'
    },
    headers: {}
  }
}
[2026-09-03T02:01:06.455Z] INFO lastDisconnect.error.output.payload: {
  statusCode: 515,
  error: 'Unknown',
  message: 'Stream Errored (restart required)'
}
[2026-09-03T02:01:06.455Z] INFO reconnecting in 2851ms (attempt 1/5)
[2026-09-03T02:01:09.876Z] INFO P3TROHOLIC bot started. Scan QR in terminal to authenticate.
[2026-09-03T02:01:09.877Z] INFO connection update full: {
  connection: 'connecting',
  receivedPendingNotifications: false,
  qr: undefined
}
[2026-09-03T02:01:09.877Z] INFO connection update: connecting
[2026-09-03T02:01:14.863Z] INFO connection update full: { receivedPendingNotifications: true }
[2026-09-03T02:01:15.210Z] INFO connection update full: { connection: 'open' }
[2026-09-03T02:01:15.211Z] INFO connection update: open
[2026-09-03T02:01:15.212Z] INFO connection opened
[2026-09-03T02:03:53.839Z] INFO connection update full: {
  connection: 'close',
  lastDisconnect: {
    error: Error: Stream Errored (conflict)
        at WebSocketClient.<anonymous> (file:///C:/Users/shadr.JARVIS/Desktop/DotVV/node_modules/@whiskeysockets/baileys/lib/Socket/socket.js:795:18)
        at WebSocketClient.emit (node:events:509:28)
        at file:///C:/Users/shadr.JARVIS/Desktop/DotVV/node_modules/@whiskeysockets/baileys/lib/Socket/socket.js:465:35
        at processData (file:///C:/Users/shadr.JARVIS/Desktop/DotVV/node_modules/@whiskeysockets/baileys/lib/Utils/noise-handler.js:126:13)
        at process.processTicksAndRejections (node:internal/process/task_queues:104:5)
        at async Object.decodeFrame (file:///C:/Users/shadr.JARVIS/Desktop/DotVV/node_modules/@whiskeysockets/baileys/lib/Utils/noise-handler.js:197:13)
        at async WebSocketClient.onMessageReceived (file:///C:/Users/shadr.JARVIS/Desktop/DotVV/node_modules/@whiskeysockets/baileys/lib/Socket/socket.js:442:9) {
      data: {
        tag: 'conflict',
        attrs: { type: 'replaced' },
        content: undefined
      },
      isBoom: true,
      isServer: false,
      output: {
        statusCode: 440,
        payload: {
          statusCode: 440,
          error: 'Unknown',
          message: 'Stream Errored (conflict)'
        },
        headers: {}
      }
    },
    date: 2026-09-03T02:03:53.833Z
  }
}
[2026-09-03T02:03:53.847Z] INFO connection update: close
[2026-09-03T02:03:53.847Z] INFO connection closed Error: Stream Errored (conflict)
    at WebSocketClient.<anonymous> (file:///C:/Users/shadr.JARVIS/Desktop/DotVV/node_modules/@whiskeysockets/baileys/lib/Socket/socket.js:795:18)
    at WebSocketClient.emit (node:events:509:28)
    at file:///C:/Users/shadr.JARVIS/Desktop/DotVV/node_modules/@whiskeysockets/baileys/lib/Socket/socket.js:465:35
    at processData (file:///C:/Users/shadr.JARVIS/Desktop/DotVV/node_modules/@whiskeysockets/baileys/lib/Utils/noise-handler.js:126:13)
    at process.processTicksAndRejections (node:internal/process/task_queues:104:5)
    at async Object.decodeFrame (file:///C:/Users/shadr.JARVIS/Desktop/DotVV/node_modules/@whiskeysockets/baileys/lib/Utils/noise-handler.js:197:13)
    at async WebSocketClient.onMessageReceived (file:///C:/Users/shadr.JARVIS/Desktop/DotVV/node_modules/@whiskeysockets/baileys/lib/Socket/socket.js:442:9)
[2026-09-03T02:03:53.857Z] ERROR WhatsApp session conflict: another bot instance or linked device replaced this connection. Stop the other instance, then restart this service.
[2026-09-03T02:16:10.473Z] INFO Webserver listening on port 3000
[2026-09-03T02:16:11.280Z] INFO P3TROHOLIC bot started. Scan QR in terminal to authenticate.
[2026-09-03T02:16:11.284Z] INFO connection update full: {
  connection: 'connecting',
  receivedPendingNotifications: false,
  qr: undefined
}
[2026-09-03T02:16:11.284Z] INFO connection update: connecting
[2026-09-03T02:16:13.904Z] INFO connection update full: { receivedPendingNotifications: true }
[2026-09-03T02:16:14.046Z] INFO connection update full: { isOnline: true }
[2026-09-03T02:16:14.047Z] INFO connection update full: { connection: 'open' }
[2026-09-03T02:16:14.047Z] INFO connection update: open
[2026-09-03T02:16:14.047Z] INFO connection opened
[2026-09-03T02:16:43.746Z] ERROR Failed to decrypt message with any known session...
[2026-09-03T02:16:43.746Z] ERROR Session error:Error: Bad MAC Error: Bad MAC
    at Object.verifyMAC (C:\Users\shadr.JARVIS\Desktop\DotVV\node_modules\@whiskeysockets\baileys\node_modules\libsignal\src\crypto.js:87:15)
    at SessionCipher.doDecryptWhisperMessage (C:\Users\shadr.JARVIS\Desktop\DotVV\node_modules\@whiskeysockets\baileys\node_modules\libsignal\src\session_cipher.js:250:16)
    at async SessionCipher.decryptWithSessions (C:\Users\shadr.JARVIS\Desktop\DotVV\node_modules\@whiskeysockets\baileys\node_modules\libsignal\src\session_cipher.js:147:29)
    at async 115783778758833_1.0 [as awaitable] (C:\Users\shadr.JARVIS\Desktop\DotVV\node_modules\@whiskeysockets\baileys\node_modules\libsignal\src\session_cipher.js:171:28)
    at async _asyncQueueExecutor (C:\Users\shadr.JARVIS\Desktop\DotVV\node_modules\@whiskeysockets\baileys\node_modules\libsignal\src\queue_job.js:20:29)
[2026-09-03T02:16:44.413Z] ERROR Failed to decrypt message with any known session...
[2026-09-03T02:16:44.413Z] ERROR Session error:Error: Bad MAC Error: Bad MAC
    at Object.verifyMAC (C:\Users\shadr.JARVIS\Desktop\DotVV\node_modules\@whiskeysockets\baileys\node_modules\libsignal\src\crypto.js:87:15)
    at SessionCipher.doDecryptWhisperMessage (C:\Users\shadr.JARVIS\Desktop\DotVV\node_modules\@whiskeysockets\baileys\node_modules\libsignal\src\session_cipher.js:250:16)
    at async SessionCipher.decryptWithSessions (C:\Users\shadr.JARVIS\Desktop\DotVV\node_modules\@whiskeysockets\baileys\node_modules\libsignal\src\session_cipher.js:147:29)
    at async 115783778758833_1.0 [as awaitable] (C:\Users\shadr.JARVIS\Desktop\DotVV\node_modules\@whiskeysockets\baileys\node_modules\libsignal\src\session_cipher.js:171:28)
    at async _asyncQueueExecutor (C:\Users\shadr.JARVIS\Desktop\DotVV\node_modules\@whiskeysockets\baileys\node_modules\libsignal\src\queue_job.js:20:29)
[2026-09-03T02:18:08.642Z] INFO Webserver listening on port 3000
[2026-09-03T02:18:09.345Z] INFO P3TROHOLIC bot started. Scan QR in terminal to authenticate.
[2026-09-03T02:18:09.347Z] INFO connection update full: {
  connection: 'connecting',
  receivedPendingNotifications: false,
  qr: undefined
}
[2026-09-03T02:18:09.347Z] INFO connection update: connecting
[2026-09-03T02:18:11.570Z] INFO connection update full: { isOnline: true }
[2026-09-03T02:18:11.571Z] INFO connection update full: { connection: 'open' }
[2026-09-03T02:18:11.571Z] INFO connection update: open
[2026-09-03T02:18:11.571Z] INFO connection opened
[2026-09-03T02:18:11.601Z] INFO connection update full: { receivedPendingNotifications: true }
[2026-09-03T02:24:31.395Z] INFO Webserver listening on port 3000
[2026-09-03T02:24:32.146Z] INFO P3TROHOLIC bot started. Scan QR in terminal to authenticate.
[2026-09-03T02:24:32.147Z] INFO connection update full: {
  connection: 'connecting',
  receivedPendingNotifications: false,
  qr: undefined
}
[2026-09-03T02:24:32.147Z] INFO connection update: connecting
[2026-09-03T02:24:34.451Z] INFO connection update full: { receivedPendingNotifications: true }
[2026-09-03T02:24:34.759Z] INFO connection update full: { isOnline: true }
[2026-09-03T02:24:34.760Z] INFO connection update full: { connection: 'open' }
[2026-09-03T02:24:34.760Z] INFO connection update: open
[2026-09-03T02:24:34.760Z] INFO connection opened
[2026-09-03T02:26:13.640Z] INFO Webserver listening on port 3000
[2026-09-03T02:26:14.418Z] INFO P3TROHOLIC bot started. Scan QR in terminal to authenticate.
[2026-09-03T02:26:14.420Z] INFO connection update full: {
  connection: 'connecting',
  receivedPendingNotifications: false,
  qr: undefined
}
[2026-09-03T02:26:14.420Z] INFO connection update: connecting
[2026-09-03T02:26:16.591Z] INFO connection update full: { receivedPendingNotifications: true }
[2026-09-03T02:26:16.672Z] INFO connection update full: { isOnline: true }
[2026-09-03T02:26:16.673Z] INFO connection update full: { connection: 'open' }
[2026-09-03T02:26:16.673Z] INFO connection update: open
[2026-09-03T02:26:16.674Z] INFO connection opened
[2026-09-03T02:28:19.083Z] INFO Webserver listening on port 3000
[2026-09-03T02:28:19.814Z] INFO P3TROHOLIC bot started. Scan QR in terminal to authenticate.
[2026-09-03T02:28:19.817Z] INFO connection update full: {
  connection: 'connecting',
  receivedPendingNotifications: false,
  qr: undefined
}
[2026-09-03T02:28:19.817Z] INFO connection update: connecting
[2026-09-03T02:28:21.850Z] INFO connection update full: { isOnline: true }
[2026-09-03T02:28:21.851Z] INFO connection update full: { connection: 'open' }
[2026-09-03T02:28:21.851Z] INFO connection update: open
[2026-09-03T02:28:21.852Z] INFO connection opened
[2026-09-03T02:28:21.877Z] INFO connection update full: { receivedPendingNotifications: true }
[2026-09-03T02:30:59.875Z] INFO Webserver listening on port 3000
[2026-09-03T02:31:00.738Z] INFO P3TROHOLIC bot started. Scan QR in terminal to authenticate.
[2026-09-03T02:31:00.744Z] INFO connection update full: {
  connection: 'connecting',
  receivedPendingNotifications: false,
  qr: undefined
}
[2026-09-03T02:31:00.747Z] INFO connection update: connecting
[2026-09-03T02:31:02.546Z] INFO connection update full: { receivedPendingNotifications: true }
[2026-09-03T02:31:02.774Z] INFO connection update full: { isOnline: true }
[2026-09-03T02:31:02.775Z] INFO connection update full: { connection: 'open' }
[2026-09-03T02:31:02.775Z] INFO connection update: open
[2026-09-03T02:31:02.775Z] INFO connection opened
[2026-09-03T09:55:31.660Z] INFO Webserver listening on port 3000
[2026-09-03T09:55:34.033Z] INFO P3TROHOLIC bot started. Scan QR in terminal to authenticate.
[2026-09-03T09:55:34.036Z] INFO connection update full: {
  connection: 'connecting',
  receivedPendingNotifications: false,
  qr: undefined
}
[2026-09-03T09:55:34.036Z] INFO connection update: connecting
[2026-09-03T09:55:35.056Z] INFO connection update full: {
  qr: 'https://wa.me/settings/linked_devices#2@Um5wGYFihsehVGbyOy3UZ2Rt2aVEm4wq6vvKGcXTz8xGzXG7hXtGE9aCzg6X69tDoiOpUk5pZBMfQq9IdyCdhLLHp0Orvoj2VqY=,5IZUBb6QKQG+NfNHbyGKMPn53PYXjwLHdd8vblQ0JHc=,DEV4fHkQBE/hZ1H111h6W//BQ/CftM7feRK3uxNTqzw=,3kfzuVkMrFny6ET9t8tZxU3lXmD1dvyUIOUKGQlTw+M=,1'
}
[2026-09-03T09:55:35.056Z] INFO QR code / link (scan or open with WhatsApp Linked Devices):
 https://wa.me/settings/linked_devices#2@Um5wGYFihsehVGbyOy3UZ2Rt2aVEm4wq6vvKGcXTz8xGzXG7hXtGE9aCzg6X69tDoiOpUk5pZBMfQq9IdyCdhLLHp0Orvoj2VqY=,5IZUBb6QKQG+NfNHbyGKMPn53PYXjwLHdd8vblQ0JHc=,DEV4fHkQBE/hZ1H111h6W//BQ/CftM7feRK3uxNTqzw=,3kfzuVkMrFny6ET9t8tZxU3lXmD1dvyUIOUKGQlTw+M=,1
[2026-09-03T09:55:35.081Z] INFO ▄▄▄▄▄▄▄▄▄▄▄▄▄▄▄▄▄▄▄▄▄▄▄▄▄▄▄▄▄▄▄▄▄▄▄▄▄▄▄▄▄▄▄▄▄▄▄▄▄▄▄▄▄▄▄▄▄▄▄▄▄▄▄
█ ▄▄▄▄▄ █▄▀▀▀▄█▀█ ▀▄ ▀███▄ ▀█▀▀▄  █▀ ▄▄██▄█ ▀ █▀█▀██  █ ▄▄▄▄▄ █
█ █   █ █ ▄█  ▀▄▄▀   ▀███▀▀▄█ ▄▀▄▀█▄▀ █▀▀▄▄ ▀█   ▀  ▄ █ █   █ █
█ █▄▄▄█ █▄ ▄▀█   ▀▄▄ ▄▄▄███▀▄ ▄▄▄ ▀▀█▄▄▄▄▀▀█▀▄▀██▀█ ▄██ █▄▄▄█ █
█▄▄▄▄▄▄▄█▄▀▄█▄▀ ▀ █▄▀ █ ▀ █▄█ █▄█ ▀▄█ ▀▄█ █▄█▄█ ▀▄▀ ▀ █▄▄▄▄▄▄▄█
█ ▄  ▀█▄▀ ▀ █ ██▄█▀▀ ▀▄▄ ▀█▄ ▄▄  ▄▄▄▀▀▀▄█▄ ▀▀▀██▄▀████▄▀▀   ▀▄█
█▀▄ █▀█▄ ▀▄▄▄▄▀ █ ▀▀█▀▄▄█▀██▄▀███▄  █▄█▀▄█ ▄▀▀▀▀ ▀▀▀▀▀ ▄▄▀▀▀███
█ ▀▄▀ ▄▄▄█ ▄ █▄▀ ▄▄ ▄ ▀█▄▄▄▀███▀▀▀ █ ▀▀▄▀█▄▄ ▀▀█▀▄ ▀█▄▄█▄▀█▄█▀█
█▀ █ ▀▀▄▄▀ ▀▀▀ █▄█ █ ▀ ▀█ █▀ █▀▄█▀▀▀ ▄ █ ▀▀  ██▄█▄ ▄▄▄█▄ ▄█▄▀▀█
█▀▀▀█▄█▄█▄▀  ▀█▄▄▀▄▀▄▄▄  ▀▄  █▄██ █▀ █▄▄ ▀ █▄▄  ▀█▀▄▀  █▄▄▀  ▄█
██▄▀  ▄▄ █   ██ ███▀▄▄███▀▄██▄▄██▀▀ ▀▄▄   ██ ██ █▀▄▄▀▀██▀▄ ▄▄▄█
█  █▄▀▄▄▄▀▀▀ ▄▄ █▄▄██▄█   █▀▀▀▀▄▄▀█▀ ▀▀█▀▄▀▀▀▀▄▄▄█ ███▀▀ ▀█▄ ▄█
██▀▀  ▄▄  ▀████ ▄▄█ ▄  ▀▀██▄▀ ▀▄▄▄▀▀▄  ▀▄ ▀▄ ▀▄▄▀▀█▀▄ ▀▀  ▀▀▄▀█
███ ▄  ▄▀▄▄ ▀█▄▄ ▄ █▄▀███▄▀▀▀▄▄▀█ ▀▄▄▄▀▀█▀█▄▄█ ██▄   ▄▄████ ▀▀█
█ █▄▄▄ ▄▀   █▄▀█▀ ▀▀██ ▄ ▀▀ █   █ ▀  ▀██▀▄▄█▀▄▀▀▀▀█▄▀ ▄▄  █▄ ▀█
██▀▄█ ▄▄▄ ▄█▄▄██▀▀ ▀▀█ ██▄▄ ▀ ▄▄▄ ▀▀ █ ▄▄██▄▄  ▀█▀▄▄█ ▄▄▄ ▀█▀▀█
███▀  █▄█  ▀▄█▄██ █▀ █ █▀▀▀▀▀ █▄█  ██ ▄▀▄▀▄█▄▀▄█  ███ █▄█ ▄▄  █
█▄▀▀▄  ▄  ▄▀█ █ █ ▄▀ ██▄▄▀▀█▀ ▄   ██▀▀█▄  ▀ ██ █▄▀ █▄ ▄ ▄▄▄█▄ █
█▄▄▄▄▄▄▄▄██▀▀██▀▀▄█▀ ▄████▄▄██ ██▄▄▀ ▀▀█▄█ █ ▄▀ ▀▀▄▀▀█▀██▄ ▀▀▀█
██▄█▀ ▀▄▄▀█  ▄█▄ ▄▄ ▀ █▀▄█ ▀ ▀█▄ ▄██ ▄▄▀ █ █ ▀ █ ▄ ▀ ▀▀▀ ▀▀██▀█
██▀▄███▄▄▀▀▀█   ██▀▀▀█▀ ▄ █ █▀ ▀▀▄▄▄ ▀█  █▀▄▄ ▀▄ ▀▄█▄█ █▄██▄▄▀█
██▄▄▄  ▄▄▄█▄▀▄ ▀▀▀ ██ ▄██▄ █▄██▀▀   ██▀█ ▀▀▄▄▄▄ ██▄██▄▄ █▄  ▀██
█▀▀█ ▀█▄█▀  ▄ █     ▀▄ ██ ▀  ▀▀ ▀ ▀▀▀▄ ▄▄████ ▀ ▄▀█ ▄▀▄ ██▀▄█▄█
█▄█▄▄█▄▄▄▄▄ █▄▄██▄ ██▄▄  ▀ ▀▀█ █ ▄█▄▄▄     ▀▀▀▄█▀█▀▄▀  ██▄▄████
█▄▀▄▀ ▀▄ ▄▀███▀▀▀ █ ▄█▄▄▀████  ▀ ▄▀▀▀ ▀▄▀▄█ ▀█ █▀▀▄█▄██▀ █▄▀█▀█
█ ▄▄█▄▄▄▀▄▄▄ ▀  ██   ▀█▄█ ▀█    ▄▀█▄▀▄▄ ▀██▄▄▀▀▄ ▄▀ ▄▀▀█  ▀▄ ▄█
█▀▀ ▄ ▄▄▀   █▄ ▄ ▄█▄ ▄█▄▀▄▄▀█ ▄▄▄▄█▀█▄█ ▄ █▄█ ██▄█ ▄█▄ ██▀▀▄ ██
█▄▄▄▄██▄█▀██▀▀   ▀▀▀█▄ ▀█▄ ▄█ ▄▄▄ ▀▄▀█▄▄▀▀▀▄▄ ▀▀▀█▀▄▀ ▄▄▄ ▄ ▀██
█ ▄▄▄▄▄ ██▄ ▀██▀▀█ ▀▀ ▄▀ ▀▀▀▀ █▄█ ▄▀▀██▀▀▄█▄▄▄  ▀   ▄ █▄█  █ ▄█
█ █   █ █▀▄▄█▀ ██▄▄ ███ █  █▀  ▄  ▄▄▄█▀█▄ ▀▀██ ▄▄█▀██▄   ▄ ▀█ █
█ █▄▄▄█ █  ▀█▀ ▀▀ █▀ ▄█▄▀▀█  ▀▄▀ █▀█ █▀▄▀ ▄▄ █▀ ▄▀ ▀▄▀▀▄▄ ▀ ▄██
█▄▄▄▄▄▄▄█▄▄██▄▄▄█▄▄▄▄▄██▄▄▄████▄▄█▄██▄▄████▄▄███▄▄█▄▄▄█▄████▄▄█

[2026-09-03T09:55:37.073Z] INFO WhatsApp pairing code: QZXFJM32
[2026-09-03T09:55:37.073Z] INFO On your phone: WhatsApp > Linked devices > Link a device > Link with phone number.
[2026-09-03T09:56:35.096Z] INFO connection update full: {
  qr: 'https://wa.me/settings/linked_devices#2@WgSJ6NwbxU4LW3GUGCijmbW/VhoBS50JHup0MNQUJpv5wy5g/CaqqrtStKJEMqvb+afq4p/8U5BOq3Z+csxQeio1OpNDU+fFEic=,5IZUBb6QKQG+NfNHbyGKMPn53PYXjwLHdd8vblQ0JHc=,DEV4fHkQBE/hZ1H111h6W//BQ/CftM7feRK3uxNTqzw=,3kfzuVkMrFny6ET9t8tZxU3lXmD1dvyUIOUKGQlTw+M=,1'
}
[2026-09-03T09:56:35.096Z] INFO QR code / link (scan or open with WhatsApp Linked Devices):
 https://wa.me/settings/linked_devices#2@WgSJ6NwbxU4LW3GUGCijmbW/VhoBS50JHup0MNQUJpv5wy5g/CaqqrtStKJEMqvb+afq4p/8U5BOq3Z+csxQeio1OpNDU+fFEic=,5IZUBb6QKQG+NfNHbyGKMPn53PYXjwLHdd8vblQ0JHc=,DEV4fHkQBE/hZ1H111h6W//BQ/CftM7feRK3uxNTqzw=,3kfzuVkMrFny6ET9t8tZxU3lXmD1dvyUIOUKGQlTw+M=,1
[2026-09-03T09:56:35.123Z] INFO ▄▄▄▄▄▄▄▄▄▄▄▄▄▄▄▄▄▄▄▄▄▄▄▄▄▄▄▄▄▄▄▄▄▄▄▄▄▄▄▄▄▄▄▄▄▄▄▄▄▄▄▄▄▄▄▄▄▄▄▄▄▄▄
█ ▄▄▄▄▄ █▀▄▄▄▄▀  █▀▄ ▄▄ █▄▀▄ ▄▀▄ ▄ ▄ ▄▄  ▀█ ▀█ ▄█▀██  █ ▄▄▄▄▄ █
█ █   █ █▄▄████▄▄▀███▀ █ ▄▄▄▄▄▀▄▀▀█▄█▄▄ ▀▄▀█ ▄▄██▄█ ▄ █ █   █ █
█ █▄▄▄█ █ ▄ ▄▄▀▄▄███▄ ▀ ▄▄▄█  ▄▄▄ ███ █▄ █ ▄▀ ▄▀▄ ▄ ▄██ █▄▄▄█ █
█▄▄▄▄▄▄▄█ █ ▀ ▀▄█▄█▄▀▄▀▄▀ █ █ █▄█ ▀ █▄▀ ▀▄█▄█ ▀▄▀▄▀▄█▄█▄▄▄▄▄▄▄█
█▄ █ ▀▀▄▄▀▀  █ █▄█▄▄█▀▄▄█▄ ▄▄▄ ▄▄▄▄██ ▄▄█▄█▄▄▀██▀▄ ███▀▄▄ ▀▄▄▀█
█ █▀ █▄▄███ ██ ▄▀▄█▄▄█  ▄ █  █▄▄▄ ▀█▄▄▄█ █▀█ ████▄ ▀██▀█████▄▄█
█ ▀▄▀█▄▄█▄▄█ █▄▄█  ▄▄█▄ ▄▄▄▄  █▀▀▄▄  ▀▀▀ ▄█▄ ▄▄ ▄▄▀█▄▀ █▄▄ ▀█▀█
█▄█▀██▄▄▀ ▀█▄▄██▄ █ █▀ ▀ █▄█ █▄▀ ▀▀▀█▀██▀ █████▄▀ ▄▄ ▄ ▀█▄█▄▄▄█
█  █▀ ▀▄███▄▀█▄  ██ █  ▄▀ ▀▄▄▀▀▄▄▄▀█▀▄█ ▄█▀▄█ ▄▄ ▄  █▄▀▄█ █▄▀██
█ ▄▄█▀█▄ ▀██▀ ▀   █▀▄▀▄██▀▄ █  ▄  ▄██ ▄█████   ▀█▀▄▀▄▄███▀█▀▄▄█
█ ▄█▄ ▄▄▀▀▀▀▄ █▀█▄▀  ▄▄▄██ ▀███▀▄ █▀█  █▀▄▄▄ ▀▄▄▀ ████▄▄▄██▄█▀█
█▀▀█▄██▄▀▄█▀ ▄▀   ▄▀▀▀▄█ ▄▄ ██▀█▀▄▀▀█ ▀█ ▄ █▀▄    ▄█ ▄  ▀▄██▄ █
█▄█▀▀█ ▄▀▀▀█▀█▄▄█▀ █▄▄  █▄▀▄ ▀█ █▄▀▀▄ ▀▄ ▄█▄▄ █ █▄ ██▀▄██ ▄▀▀▀█
██ ██▄█▄▄▄▄█ ▀▄█▀  ▀ █ ▄█▄▄▀█ ██  ▄██▄ █▀▄▀▄▄▄▀▀ ▄▄▄▀ █▀█ ▀██▄█
█▄  ▀ ▄▄▄ ▀▀██▄▀██▄▄ ▀▄▀▀█▀ █ ▄▄▄ ▄█▀▄▀ ▄██▄█▄▄█▄ ▄ ▄ ▄▄▄ ▄   █
███▄▄ █▄█ ▄▄▄█▄ ▀ █▀  █ ▄ ▀█▄ █▄█ █▀█ ▄▄ ▄██▄▄▀ ▀▀▄   █▄█ ▀▀  █
█▀▄▀▄ ▄▄▄  ▀█   █ ▀▄███▄▀▄ ▀▀  ▄▄ ██▄▄ ▄  ▄█ █ █▀▄██ ▄▄  ▄▄█▀██
█▀█   █▄ ▀▀██▀ ▄█ ▄ ▀  ▀▄▄█ ▀▀▀▄▄  █▀  ▀ ▀▀▄▀▄█▄  ███▀▄▄▄ ▄█  █
█▄▀ ▄  ▄ ▀ █▀▀▀▄█▀▄  ▄ ▄▄█ ▄█▄█▄ ▀  ▄  ██  █ ▄█▀ ▄ ▄█▄▀▀ ▄▄ ▀██
██▄▄█▄▄▄  ▀▀▄█▀▀██▄▄▀▄▀ ▀█  ██▀▄██▄▄▄▄ ▀ █▄▀▀▀▀██▄▀█▄██ ▀██▄█▄█
█▄▄ ▀█ ▄█ ▀  ██▀██▀▄▄▄ ▀▄█▀▀▄▄▄▄▀ █▄▄▄ ▀▄█ ██  ▄▄▄█▀▀ █▀▀▀▄▄ ▄█
█▀▀▀█▀▄▄█▄▀ ▄ ████▀█▀▀█ █ ▀ ██ ▄▀█▀▄▀▄ ▀█▄█▀██▄█ ███▀▄▄ ▄ ▄ █▄█
█▀ ▄▀█▀▄▀▄▀  ▀▀█ ██  ▄▄ ▄█ ▀▀██▄▄▄▄▄▀▀█ █▄▀█▄▀▄██ ▄▄▀ █  ▄▄█  █
██ ▀▀▄ ▄▀ ▀ ▄▄ █▀█▄▀█▀  █▀▄▄▀▄▀ ▀ █▄ ▀  ▄▀▄▀ ▀▄▀▀▀█▀▄ ▄ ▀▀ █▄ █
█ ▄▀ ▀▄▄▀██▄█  █     ▄ ▀█ ▀ ██  ▄▄ ▀▀▄▄█▄ █▄▄▄▄▀ ▄▀█▀▀█  █▄▀ ▄█
█▀▀ ▄ ▄▄▄▀   ▄█▄ ▄ ▀█▄▀█▄▀▀▀█ ▀▀▀▄█▀ ▀  ▄  ▀  ▀█▀ █▄█▄▀  ▀▀▄█ █
█▄▄▄▄██▄█ ▀▀▄▄ █▄█  ▄  ▀▄█▀ ▀ ▄▄▄ █    ▀██ ██▄▀▄ ▄  █ ▄▄▄  ▄ ▄█
█ ▄▄▄▄▄ █▄▀█▀▄▄▄▄  ▀ ▀▀▄ ▀▀▄  █▄█ █▄▀███▄▀█▄█▀██▀  █▀ █▄█ █ ▄▄█
█ █   █ █▀▄▄ ▄▀▀█▄▀█ ██  ████▄▄ ▄ ██▀ ▄█▄ ▄▄ █ ▄▀ ▄██▄▄▄▄▄▄█ ▄█
█ █▄▄▄█ █▀▄▀▄ ▀██▄ ▄▀ ▀   ▄▀▄█▀ ██▄ ▀▄  █▄█▀▀▀█▄█▄█▀ █ ██▄▄▄█▄█
█▄▄▄▄▄▄▄█▄█▄█▄▄█▄█▄▄▄█▄▄██▄▄▄▄█▄█▄▄██▄▄▄▄▄█▄▄▄▄▄▄▄█▄███▄█▄▄█▄▄█

[2026-09-03T09:56:55.129Z] INFO connection update full: {
  qr: 'https://wa.me/settings/linked_devices#2@Tv32gnuaMig4hSZzvJwQG0OquH+Qc1iafsAYXiYeTFxmmuj1o/MTwUyGr80ImmIl4gT46rGn5ix3WuVAST0y+9bpk1vrVm2ZC5s=,5IZUBb6QKQG+NfNHbyGKMPn53PYXjwLHdd8vblQ0JHc=,DEV4fHkQBE/hZ1H111h6W//BQ/CftM7feRK3uxNTqzw=,3kfzuVkMrFny6ET9t8tZxU3lXmD1dvyUIOUKGQlTw+M=,1'
}
[2026-09-03T09:56:55.129Z] INFO QR code / link (scan or open with WhatsApp Linked Devices):
 https://wa.me/settings/linked_devices#2@Tv32gnuaMig4hSZzvJwQG0OquH+Qc1iafsAYXiYeTFxmmuj1o/MTwUyGr80ImmIl4gT46rGn5ix3WuVAST0y+9bpk1vrVm2ZC5s=,5IZUBb6QKQG+NfNHbyGKMPn53PYXjwLHdd8vblQ0JHc=,DEV4fHkQBE/hZ1H111h6W//BQ/CftM7feRK3uxNTqzw=,3kfzuVkMrFny6ET9t8tZxU3lXmD1dvyUIOUKGQlTw+M=,1
[2026-09-03T09:56:55.139Z] INFO ▄▄▄▄▄▄▄▄▄▄▄▄▄▄▄▄▄▄▄▄▄▄▄▄▄▄▄▄▄▄▄▄▄▄▄▄▄▄▄▄▄▄▄▄▄▄▄▄▄▄▄▄▄▄▄▄▄▄▄▄▄▄▄
█ ▄▄▄▄▄ █▄  ▀▄ ▄█▀▄ █ ▀   ▄ █   ▄▀█ █ ▀▄██ ▄▄▀█  █ █  █ ▄▄▄▄▄ █
█ █   █ ██▀▀  ▀▀▀█ ▀▄█▀▀█ ▀  █ ▄▀█   ▀ █▄ ▄▀█ ▀▀    ▄ █ █   █ █
█ █▄▄▄█ ██▀▄  ▄ ▀▀ ▀ ▄█▄▀ ▀▀█ ▄▄▄  ▀   ▄█▀█ ▀▄██▀▄▀ ▄██ █▄▄▄█ █
█▄▄▄▄▄▄▄█ ▀▄█ █ ▀ ▀ ▀ █ █▄▀▄█ █▄█ █▄▀▄█▄█ ▀ ▀▄█ █ █ ▀ █▄▄▄▄▄▄▄█
█▄▄█ ▄█▄▀█▄▄█▀█▀▀▀▀  █▀   █ █▄▄   █▀█▄▀     ▀█ ▀▄ █▀ ▀█ ▀█▀▀▀▄█
█▄ █▄▀▀▄ ▀▀▄ ▀█ ▄ ▄▀▀▀█▄▀▄█▀█▀▀ ▀▄█▄▀ ▀▀▀█▄▀█▀ ▀ ▄▀█ ▀ ▀ ▀  ▀ █
█▄▄▀ ▀▀▄█ ▄▄█▀▀  ██▄▀▀▀▄  █▄█▄ █▄ █▄██▄█▄▄ ▀█ ▀▄▀ █ ▀▄▀ ▀ ██ ██
█  ▄▀██▄▄▀▀▄▀  ▀▄▄ ▄ ████  ██▀▀███▄█ █ ▀▄█ ▀ ▀  ██▀ ▀▀██    ▀ █
█▄█▀▄ ▀▄ ▀█▀██▀▄█▀ ▄ ▄█ ▄▄▀ ▀█ ▄▀ ▄▀▄  ▄▀▀▄  ▄▀ █ █▄  ▄  ▄  ▄▀█
█▄█  ▀ ▄█▄ ▀▀█▄▀█▄ █▀█ ▄ █▀▄▀▄▀ ▄▄▀▀ ▄█▀ ▀ ▀█▄▀▀ █▀█▀  ▀▄█ █▀ █
██▀▀▀▀▄▄▄█▄█  ██  ▄▄█ ▀▄ ▀██▄▀▀▀▄  ██ ▀ ▄ ▀ ▄▀▀ ▄▄ ▀ ▀▀ ▄█  ▄▀█
███▀▀ ▀▄▄  █▄ ▄▀█▄▀█▄█▀▀█ ▀▄▀▀▄▀ ▄▄▀█▄▄▀█ █▀▄ ▄██▄▀▀█ █▄█▀ ▀▀ █
██▄ ▄▀█▄▄█▄▀▄▀▀▄ ██▀▀ █▄  ▄ ██▀█   ██ ▄ █   ▀▄ ▄  █▀ █▀▀ ▄█▀█▄█
█▀█▄▀  ▄█▄▄███▀▀▄▄▀ █▀█   ██ ▄ ▀█▄▄█  █▀ ▄▄ ▀ ▄██ █▄▄▄ █ ▄    █
█ ██▀ ▄▄▄ ▀▄ ▀▀█▀▀▀▄██▀█▀▀▄▄  ▄▄▄ █ ▄ ▄▄▀▀▄▀  ▀▀▀  ▄▀ ▄▄▄  ▄█▄█
█▀ ▄▄ █▄█ █▀▀▀▀▄█  ██▄ ▄▀▀█ ▀ █▄█ ▀█ ▄▀ ▄▀  ▀ ▄▄▄▄ ▄█ █▄█ ▄██▄█
██▀█▀▄ ▄ ▄  ▄▀█▄ ▄▄  ▀  ▄ ▀█▄▄▄  ▄ ▀▀ █ █▄▀▀█▀█▀▄  ▀▄▄ ▄▄ ▀▀▄▀█
██▄▄█▄ ▄  ▄▀█▀▀█ ▄▀▄▄▄▀▀▀  ▄▄█▄ ▀▄█▀▄ ▀███▄  ▄▄▄█▄ ▀ █ ▄▀▄▀▀█▄█
█ ▄▄▀▄▀▄▄▀█▀█▀▄▄ █▀▄▄▀█▄▀▀█  █  ███▄▀▄█  ▄█▀█▄▀▄█ █   ▄██ ▀▄ ▀█
█▄▀  ▀▀▄▄▄▄█▀▀▀▄ ▀▀ █▀▄▄▄▀█▄▄█ ▄  ▀ ▀ ███▀▀███▄▀  ▄▀▀▀ ▄▄▀    █
█ ▄▀ ▀ ▄ ▄▄▄█▀▀  ▀▄ ▀ ██▀▀▄██▄▄▄█▄▀ ▀ ██▀▀█▀ ▄█ ▀  █▄▄ █▀█▀▄█ █
██▄▄▄█▄▄  ▄█▀▄ ▀ ▀█▄▄█ ▄ ▄ █▄▄▄▄▄▀▄▀▄ ██▄  ▀ ▀▀▀▀█▄▀▄ ▀▄█ ▀▄  █
███ ▀▀▄▄▄ █▀██▄▀▀  ▄█ ▀▄▀ ▀██▀  ▀▀▀ ▄█ ▄▀  ▀▀█▀▀█ ▀ ▄▄ ▄█  ▀█▄█
█▀█▄█ █▄▄▄▀ ▀ █▀█▀▀█ ██▄▀ ▀ ▄ ▄▄▄▄  ███▄▀█ ███▀█▄█ ██▄▀▄▄██▀▀▄█
█▄▀███▀▄█ ▄ ▄██▀█▄█▄█ ██ ▄▄▄ ▀█▄▀ ██▄ ▀▀▀▄  ▀ ▀██ ▄▀▄▀▀██▀▀██ █
█▀▀ ▄ ▄▄█▀█▄▄▄█ █ ██  ▄▀▀█▄█ ▄▄█▄  █▀▀▀ ▀▄███▄ █▄▄  ▀ ▄ ██▄  ▄█
█▄▄▄▄██▄█▀▄███ ▀▀▀█▄ ▄▄█▀▀▄▄▄ ▄▄▄  ▄█ ▀█ ▀█▀▄▄▄▀█ █▄  ▄▄▄ █ ▀▄█
█ ▄▄▄▄▄ ██▄▀ ▄ ▄▀▄██▀█▄ ██▄ ▀ █▄█   ▄   ▀█  ▀▄▀▀▄▄█▀▄ █▄█  ▄▀ █
█ █   █ █ ▀ █ ▄█  ▄▀█▀ ▄█▀ ▀▄▄ ▄ ▄ ▀▄▄▀▀▀▄▀ █▀█ ▄▄▀▀      ▀██▀█
█ █▄▄▄█ █▀▄▀▀▄▄▀  ▄▄▄▄▄▄█▄  ██▄  ▀█ ▄ █▄ ▄▄█▄█  ▄▄▄██▀█▀  ▀▀  █
█▄▄▄▄▄▄▄█▄██▄▄██▄▄█▄███▄█▄█▄█▄▄▄█▄▄█▄▄█▄▄▄▄██▄█▄▄▄▄█▄█▄▄▄▄███▄█

[2026-09-03T09:57:15.143Z] INFO connection update full: {
  qr: 'https://wa.me/settings/linked_devices#2@mCGpKdmmrmzHYoIxh0No/TTSW/zAk1/wqX/QbOLSH4BMdMOyCTvgmOHkD7TdOpm8Tvet0tHv43XXKCJHLCaZP1LB9KcPGjr0Bt0=,5IZUBb6QKQG+NfNHbyGKMPn53PYXjwLHdd8vblQ0JHc=,DEV4fHkQBE/hZ1H111h6W//BQ/CftM7feRK3uxNTqzw=,3kfzuVkMrFny6ET9t8tZxU3lXmD1dvyUIOUKGQlTw+M=,1'
}
[2026-09-03T09:57:15.143Z] INFO QR code / link (scan or open with WhatsApp Linked Devices):
 https://wa.me/settings/linked_devices#2@mCGpKdmmrmzHYoIxh0No/TTSW/zAk1/wqX/QbOLSH4BMdMOyCTvgmOHkD7TdOpm8Tvet0tHv43XXKCJHLCaZP1LB9KcPGjr0Bt0=,5IZUBb6QKQG+NfNHbyGKMPn53PYXjwLHdd8vblQ0JHc=,DEV4fHkQBE/hZ1H111h6W//BQ/CftM7feRK3uxNTqzw=,3kfzuVkMrFny6ET9t8tZxU3lXmD1dvyUIOUKGQlTw+M=,1
[2026-09-03T09:57:15.150Z] INFO ▄▄▄▄▄▄▄▄▄▄▄▄▄▄▄▄▄▄▄▄▄▄▄▄▄▄▄▄▄▄▄▄▄▄▄▄▄▄▄▄▄▄▄▄▄▄▄▄▄▄▄▄▄▄▄▄▄▄▄▄▄▄▄
█ ▄▄▄▄▄ █▀█ ▀▀▀▀▀ █  ███▀ ▀█▀█▀█▀▄▀▀▄ ▄▀▀▄▀▄▀▄▀▀▀███  █ ▄▄▄▄▄ █
█ █   █ █▀█▄▀▀ ▄█  ▀█▀▄██  ▄▄▀▄▄█▄▄█  █▄ █▄▀▄▄█   ▀ ▄ █ █   █ █
█ █▄▄▄█ █▀█ █▄█▀███▀▀█▀▀▄ ▀ ▀ ▄▄▄ ▄█▄ ▄█▀█  ▀██▀▄▄▀ ▄██ █▄▄▄█ █
█▄▄▄▄▄▄▄█▄█▄▀ ▀▄█ ▀ █▄▀ █▄█ █ █▄█ █▄█ ▀ ▀ ▀ █ ▀ █ ▀▄█ █▄▄▄▄▄▄▄█
█▄ ▄  █▄   ▀█▀▄██▄▀ ▀▀██  ▄▄  ▄  ▄█▄ ▄ ▄▄█   ▀▄▄▄ ▄█▄▄▄▀ ▀▄█ ██
█▄ █▀█▄▄▄▄▀▀█▀█▀ ▄ █▀ ▀ ▄▄█▄▀█▄ ▀█▀ █ ▀ ███▀█ ▄██ ▀ ▄███  ▄█▄ █
█▄▀ █  ▄▄█▀▄▄▀▄█▄█ ▄▄▄██  ▄▀▀█▀█▀█▄▄▄█▀ ▀█▀  ███▄  ▄▄█  ▄█ █▀██
█ ▀▀█▄█▄ ▀▄█▀ ▀█ ▄ ▄▀▀▀ ▀ █▀▀▄▀█▄▀▀▀ █▀█   ▀▀█▄█▄▄▀██▀█▄▀▄▄█▀ █
█▄█   █▄▄██▀██▀█▀██▄ █▀▄▀▄ ▀█▀▀▄██ █▀  ███▀  ██▄  ██▄▄▀  █▄▄▀▀█
██▄█▄ █▄▀ ▄ ▄▄█ ▀█▀█▄ ▄▀▀█▄▀▀▄   ██ █▄▄ ▄ ▀▀ ▀▀▄▀█▄ █▀▀▀▀ ▄▄  █
██▄████▄█▀  ▄ █ ▄█▄▄▄▄██ ▀▄▀ ▄▄▀▀ ▄  ▄ ▄ █▀  █▄█▄▄▀█▄▄▀  ▀▄█ ██
██▄ █▄▄▄▄▀▄▀██▀▄▀ ▄█▄ ██  ▀█▄█ ▀ █ ██ █▀▀▄ ▀▄▀   ▄▀ ▀▄ ▄▄ ▄██ █
█████ ▄▄▀   █▀▀█▄▄▄▀▄█▀█▀ ▀██  ▄▄▄▄█  ▀█▀▀▀ ▄▀▄█▀  ▄▄▄ ▀█▀▀▄███
█▀▄▀▄█ ▄ ▄ ███ █ ▀ ▄▄█▀█  █▄▄▀ ▀▄  █ ▀▄█▄█   ▄  █▄▄  ▀▄▀▀ ▄▄  █
█ █ █ ▄▄▄ ▀▄█▀▀▄▄▄ ▄█▄█▀  ▀▀▄ ▄▄▄  █▀ ▄██▀▀  ▀██▄ ▀█▄ ▄▄▄ ▄▀ ▄█
█▀█▄▄ █▄█  ▄ ▀▄▀▀█▀█ ▀▄█ █▄██ █▄█ █▄▀▄▄█ ▀▀ ▄█ █▄▄█ ▀ █▄█  ▄▄▄█
██ ▀█  ▄ ▄█▄ ▄▄ ▄▀▄ ▀█▄█▄ ▀▀  ▄   ▄▄▀ ▄▄▀▀▀▀▄█▀▄▄ ▀██  ▄▄▄█▄▄▀█
█▄▀█▀ █▄█▄ █▄▄▄█▄ ▄▄▄██▀▄  █ ▀▀ ▀█▀██ █▄▀▀▀ ▄▀▄  ▄  ▄▀  ▀███ ▄█
█▀▄▀█ ▀▄▄█▀  ▄▀ ▄▄ ▄▀▄ ▀ ▀ █▄ ▀   ▀█▄  ▄▄█▄▀▄▀▀█▄  █▄▀██ ████▀█
██▀▄▄█▀▄▀   █ █▀▄▄▀ ▄█ ▀▄▀▄ ▄███▄▄▀▀▄██▀▀▄▀█▄▀▀▄  ███▄ ▄██▄█ ▄█
███▄▀ ▄▄ █   ▀██▄█▀ ▀▀▀▀▄▀▄▄█▀▄ █▄█▄▄ █▄██ ▀ █▀▄▄  ▄  ██▀██ ▀ █
██▀█▄█ ▄██▀█ ▄█▄▄ ▀ ▀ ▄█▀▄██ ▄█ ▀▄ ▄█   ▄▀███▄█  ▀█  ▀ ▄ ▀██▀ █
██▄  ▄▄▄█▄█▄██████  ▄▄█▀█▀▄█▀▄▄  ▀██▄█▀  █▀  ▀█▄ ▄ ▄ ▀ ▄▄▄▄▄█▄█
█▀██▀▄ ▄▄█  ▄ █ █ ▄█ ▄▀  ███ ▄▀▄▄█▄█ ████▀▄██▄█▀ ▄▀██▀▄▄▄▄▀█▄▄█
█▄▄ ▀▄ ▄ █▀▀▄▀ ▄▀█▄▄ █▀▄▀▄▀▀▄ ▄▄▄█▀▄█ ▄▄██▀ ▄██▄▄ ▀▄▄▀▄  ▄█▄▄ █
█▀▀ ▄ ▄▄██▀▀▄█ █▀███▀▄█ ▀██▀▄▀▄██▄▄ █▀▄ █▀██    ▄▄▀▄▄█ ▄▄▀ █ ▄█
█▄▄▄▄██▄█▀ ▀▀  ▀██ ▄▀██▀▄▀▄█  ▄▄▄ ▄ ▄ ▀▄▄█ ▀▄█▄█  ██▄ ▄▄▄ ▀▄  █
█ ▄▄▄▄▄ █▄  █  ███▄██  ▀▄█▀██ █▄█ ▄██▀███▄▀ ▄▀█▀█▄ ▄  █▄█ ▄█▄ █
█ █   █ █ ███  █▄█▄▀▄█▄▀█▀▀█▄  ▄  ▄█▄▄ ██▀▀ ▄█▀█▄▄ █▄▄   ▄█▄▄▀█
█ █▄▄▄█ █ ▀▄▄▄▄ ▄▄█▀▄█   ▄▄ ███▄▄▄▄ ▀ ██▄ ▀▀▄▄▄▄▀▄ ▄▀█ ▀ ▀▄██ █
█▄▄▄▄▄▄▄█▄▄██▄▄▄▄▄█▄▄▄████▄████▄▄█▄██▄▄█▄███▄████▄██▄▄█▄██▄█▄▄█

[2026-09-03T09:57:35.156Z] INFO connection update full: {
  qr: 'https://wa.me/settings/linked_devices#2@XFoDRpx0tsM4pTLWd81S7YiyS2S+FwghOYkLXKWCT8uy08OpbyKg4JUPFGpiOx/VquXQMCQlHNkWd6vLUD8k+xtcKTOtZSjpTVc=,5IZUBb6QKQG+NfNHbyGKMPn53PYXjwLHdd8vblQ0JHc=,DEV4fHkQBE/hZ1H111h6W//BQ/CftM7feRK3uxNTqzw=,3kfzuVkMrFny6ET9t8tZxU3lXmD1dvyUIOUKGQlTw+M=,1'
}
[2026-09-03T09:57:35.156Z] INFO QR code / link (scan or open with WhatsApp Linked Devices):
 https://wa.me/settings/linked_devices#2@XFoDRpx0tsM4pTLWd81S7YiyS2S+FwghOYkLXKWCT8uy08OpbyKg4JUPFGpiOx/VquXQMCQlHNkWd6vLUD8k+xtcKTOtZSjpTVc=,5IZUBb6QKQG+NfNHbyGKMPn53PYXjwLHdd8vblQ0JHc=,DEV4fHkQBE/hZ1H111h6W//BQ/CftM7feRK3uxNTqzw=,3kfzuVkMrFny6ET9t8tZxU3lXmD1dvyUIOUKGQlTw+M=,1
[2026-09-03T09:57:35.163Z] INFO ▄▄▄▄▄▄▄▄▄▄▄▄▄▄▄▄▄▄▄▄▄▄▄▄▄▄▄▄▄▄▄▄▄▄▄▄▄▄▄▄▄▄▄▄▄▄▄▄▄▄▄▄▄▄▄▄▄▄▄▄▄▄▄
█ ▄▄▄▄▄ █▄▀▀  ███ ▀▄ ▀█▀█▄ ▀██ ▄  █▀ ▄▄██▄█ ▀ █▀█▀██  █ ▄▄▄▄▄ █
█ █   █ █ ▄█  ▀▄▄▀  ▄▀▄▄█▀▀▄█▄▄▀ ██▄▀ ▀▀▀▄▄  █▄▀ ▀  ▄ █ █   █ █
█ █▄▄▄█ █▄ ▄▀    ▀▄▄▄ ▄▄███▀▄ ▄▄▄ ▀▀▄▀  ▄▀▀█ ▄ ██▀█ ▄██ █▄▄▄█ █
█▄▄▄▄▄▄▄█▄▀▄█▄▀ ▀ █▄▀ █ ▀ █▄█ █▄█ ▀ ▀ ▀▄█ █▄█▄█ ▀▄▀ ▀ █▄▄▄▄▄▄▄█
█  ▄ ▀█▄▀ ▀ █ ██▄█▀▀ ▀▄▄ ▀█▄█ ▄  ▄▄█▄█▀▄█▄ ▀▀▀██▄▀████▄▀▀   ▀▄█
█▀▄ █▀█▄▄▀▄▀▄▄▀ █ ▀▀█▀▄▄█▀▄ ▄▀███▄█████▀ ▀  ▀▀▀▀▄█▀▀▀▀▄▄▄▀▀▀███
█ ▀▀█ ▄▄▀ ▀▄ █▄▀ █  ▄ ▀███▄████▀▀▀█▄ ▀▀▄▀▀▄▄ ▀▀█▄▄▀  ██▄▄▀█▄█▀█
█▀ ▀ █▀▄▀▄▄▄▀▀ █▀  █ ▀ ▀▄███ █▀▄█▀▀▀ ▄ █▀▀▀▀ ██▄█▄▀██▄█▄ ▄█▄▀▀█
█▀▀▀█  ▄█  ▀▄██▄▄▀▄▀▄▄▄  ▀▄▄ █▄██▄█▀ █▄▄ ▀ █▄▄  ▀█▀▄▀  █▄▄▀  ▄█
█ ▄▀ ▀█▄ █  ▀▄ ▄███▀▄▄ ▄█▀▄█▀▄▄█ █▀ █     ██ ▀█ █▀▄▄▀▀██▀▄ ▄▄▄█
██ █▄▀ ▄▄▀▀▀█ ▄▄█▄▄█▀▄▄▄  █▀▀▀▀█  █▀█▀▄█▀▄▀▀██▀▄▄█ ███▀▀▀▀█▄ ▄█
█  ▀  █▄  ▀█▀ █ ▄▄█ ██ ▀▀██▄▀▀▀▄ ▄▀▀██ ▀▄ ▀▄▀▀█▄▀▀█▀▄ ▀▀ ▀▀▀▄██
█▄▄▄▀  ▄▀▄▄ ▀█   ▄ █▄▀███▄▀▀ █▄▀█▀ █ ▄▀▀█▀█▄▄█ ██▄   ▄▄███▀▄  █
█ █▀█▄ ▄▀ █▄█▄▀█▀ █ ██ ▄ ▀███   █   ▀ ██▀ ▄▀▀▄▀▀██▀▄▀ ▄   ▄▄ ▀█
██▀█  ▄▄▄ ▀▄▄▄██ ▀██▀█ █▀██ ▀ ▄▄▄    █ ▄▄█▀▄▄  ▀██▄▄  ▄▄▄  ▄▀▀█
███▄  █▄█ ▄█▄█▄█ ▀█▀ █ █▄█▄█▀ █▄█ ▀▄█ ▄▀█ ▄▄▄▀▄█▀ ▄█▄ █▄█ ▄▄  █
█▄▀▀▄  ▄ ▄▀▀▄▄█ █ ▄▀ ██▄▄▀█▀▀ ▄   ██▀▀█▄  ▀ ██ █▄▀ █▄ ▄▄▄▄▄█▄ █
█ ▀▄▄▄▄▄█▀█▀▄▀█ ▀▄█▀ ▄▀███▄▄██ ██▄▄▀▄███▄█ █▄▄▀▄▀▀▄▀▀█▀▀█▄ ▀▀▀█
█▄▀█▀▄█▄▀ █ ██▄  ▄▄ ▀▀ ▀▄█ ▀ ▀█▄ ▄██▄▄▀  █ █ ▀▀▄ ▄ ▀ ▀▀▀ ▀▀████
█▀█▄█▀▀▄  ▀▀ ██ ██▀▀█ ▀ ▄ █ ██   █ ▄ ▀█  █▀▄█▀ ▄ ▀▄█▄█ █▄██▄ ██
█ ▀ ▄ █▄▄▄█▄▀▄▀▄▀▀ ██ ▄██▄ ██▄ ▀ █▀ ██▀█ ▀▀▄▄▄▄ ██▄██▄▄ █▄▄▄ ██
█▀▀█▀██▄█▀ ▄▄ █   ▄▀▀▄ ██ █ ▄█ ▄▄ █ ▀▄ ▄▄█▀██ ▀ ▄▀█ ▄▀▄ █████▄█
█▄█▀██▄▄▄▄█▄█▄▄██▄ ▀█▄▄ ▄  ▀▀█ ▀▄▀█▄▄▄   ▄ ▀▀▀▄█ █ █▀  ██▄▄████
█▄▀▀▄ ▀▄ ▄▀▀██▀▀▄▄█ ▄█▄▄█▄█ █  ▀ ▄  ▀ ▀▄▀▄▄ ▀█ █▀▀█▄ ██▀ █▄▀█▀█
█ ▄▄█▄▄▄█▀██ █  ██   ▀█▄█ ▀█    ▄▀█▄▀▄▄ ▀██▄▄▀▀▄ ▄▀  ▄██  ▀▄ ▄█
█▀▀ ▄ ▄▄    ▀▀▄  ▄█▄ ▄▀ ▀▄▄▀█ ▄▄▄▄█▀▀ ▀▄▄ █▄▀ ██▄█ ▄▄▄▄▀█▀▀▄ ██
█▄▄▄▄██▄█▀██▀▀▀▄ ▀▀▀▀█ ▀█▄ ▄▀ ▄▄▄ ▀▄████▀▀▀▄▄▄▀ ▀█▀▄▀ ▄▄▄ ▄ ███
█ ▄▄▄▄▄ ██▄ █  ▀▀█ ▀▄ ▄▀ ▀▀▀  █▄█ ▄█ ██▀▀▄█▄██▀ ▀   ▄ █▄█  █▄ █
█ █   █ █▀▄▄█▀▀▄█▄▄ ███ █  █▀  ▄  █▄▄█▀█▄ ▀▀██ ▄▄█▀██▄   ▄ █▄▀█
█ █▄▄▄█ █ ▄▄█▀ ▀▀  ▄ ▄█▄▀▀█▄▀▄ █ ▀   █▀▄█    █▀ ▄█▄█▄▀▀▄▄ █▀▄██
█▄▄▄▄▄▄▄█▄▄▄█▄▄▄▄▄▄▄▄▄██▄▄▄████▄▄█▄██▄▄████▄▄███▄▄█▄▄▄█▄███▄▄▄█

[2026-09-03T09:57:55.175Z] INFO connection update full: {
  qr: 'https://wa.me/settings/linked_devices#2@zLDTeA+oglOILcXZTTi60pNy42sdOkf+191On3ywtN3x2MRBVIDOQbATpAYujYHYdBGztf02Zrqbi37GvUC1VbzHC31sY7n9wI8=,5IZUBb6QKQG+NfNHbyGKMPn53PYXjwLHdd8vblQ0JHc=,DEV4fHkQBE/hZ1H111h6W//BQ/CftM7feRK3uxNTqzw=,3kfzuVkMrFny6ET9t8tZxU3lXmD1dvyUIOUKGQlTw+M=,1'
}
[2026-09-03T09:57:55.176Z] INFO QR code / link (scan or open with WhatsApp Linked Devices):
 https://wa.me/settings/linked_devices#2@zLDTeA+oglOILcXZTTi60pNy42sdOkf+191On3ywtN3x2MRBVIDOQbATpAYujYHYdBGztf02Zrqbi37GvUC1VbzHC31sY7n9wI8=,5IZUBb6QKQG+NfNHbyGKMPn53PYXjwLHdd8vblQ0JHc=,DEV4fHkQBE/hZ1H111h6W//BQ/CftM7feRK3uxNTqzw=,3kfzuVkMrFny6ET9t8tZxU3lXmD1dvyUIOUKGQlTw+M=,1
[2026-09-03T09:57:55.182Z] INFO ▄▄▄▄▄▄▄▄▄▄▄▄▄▄▄▄▄▄▄▄▄▄▄▄▄▄▄▄▄▄▄▄▄▄▄▄▄▄▄▄▄▄▄▄▄▄▄▄▄▄▄▄▄▄▄▄▄▄▄▄▄▄▄
█ ▄▄▄▄▄ █▄ ▀  █▀█ ▀▄ ▀▀▀█▄  ▀██ ▀ █▀ ▄▄██▄█ ▀ █▀█▀██  █ ▄▄▄▄▄ █
█ █   █ █ ▄█▄▄▀▄▄▀  ▄▀███▀▀▄██▀█▀▄█▄▄ ▄▀▀▄▄ ▀▄▀▀ ▀  ▄ █ █   █ █
█ █▄▄▄█ █▄ ▄▀▄ ▀ ▀▄▄▄ ▄▄███▀▄ ▄▄▄ ▀▀█▄  ▄▀▀█▀▀ ▀█▀█ ▄██ █▄▄▄█ █
█▄▄▄▄▄▄▄█▄▀▄█▄▀ ▀ █▄█▄█ ▀ █▄█ █▄█ ▀▄▀▄▀▄█ █▄█▄█ ▀▄▀ ▀ █▄▄▄▄▄▄▄█
█▄ ▄▄▀█▄▀ ▀ █ ██▄█▀▀ ▀▄▄ ▀█▄▀ ▄  ▄█▄▄▀▀▄█▄ ▀▀▀██▄▀████▄▀▀ ▄ ▀▄█
█▀▄ █▀█▄▄▀█▄▄▄▀ █ █▀█▀▄▄█▀▀▀▄▀███▄▄▀█▄█▀▄█ ▄▀▀▀▀▄▀▀█▀▀▄▄▄▀█ ███
█ ▀█▀ ▄▄▄█▄▄ █▄▀█▄▀ ▄ ▀██▄ ▀███▀▀▀▀█ ▀▀▄▀██▄ ▀▀█▄▄▀  ▄██▄▀█▄█▀█
█▀ ▀▀██▄██▄▄▀▀ ██▀ █ ▀ ▀█▀▀▀ █▀▄█▀   ▄ █▀ ▀  ██▄▄█ █ ▄▄█ ▄█▄▀▀█
█▀▀▀█▄ ▄██▄██ █▄▄▀▄▀▄▄▄  ▀ ▄ █ ▀█ █▀ █▄▄ ▀ █▄▄  ▀█▀▄▀  █▄▄▀  ▄█
█▀ ▀ ██▄ █  ▀▄▄████▀▄▄ ▄█▀▄██▄█▄▀█▀ ▀▄▄▄  ██ ██ █▀▄▄▀▀███  ▄▄▄█
██▄█▄ █▄▄▀▀▀█▄███▄▄█ ▄█   █▀█▀█▀▄▀█▀ ▀██▀▄▀▀▀▀▄▄▄█ ███▀▀█▀█▄▄ █
█ ▄▀ ▀█▄  ▀█▀ ▄█▄▄█ ▄▀ ▀▀██▄ ▀▀█▄ ▀▀██ ▀▄ ▀▄  ██▀▀█▀▄ ▀▀▀ ▀▀███
█▄ ▄▀  ▄▀▄▄ ▀██▄ ▄ █▄▀███▄▀▀█▄▄▀▄  █  ▀▀█▀█▄▄█ ██▄   ▄▄████▄  █
█ ██ ▄ ▄█ ▀▄█▄▀█▀ ▀▄██ ▄ ▀███   █ ██▀ ███  ▀▀▄▀▀▀██▄▀     ▄█ ▀█
██▀█  ▄▄▄ ██▄▄██▀  ▀▀█ █▀▄▄▄▀ ▄▄▄ ▀  █ ▄▄█▄▄▄  ▀▀█▄▄▄ ▄▄▄  ▄▀▀█
███ ▀ █▄█ ▀▄▄█▄█▀ █▀ █ █▀▄▀ ▀ █▄█  ▄█ ▄▀▄▀▄█▄▀▄█▀▀▄██ █▄█ ▄▄  █
█▄▀▀▄  ▄ ▄▄ ▄▄█ █ ▄▀ ██▄▄▀ ▀▀ ▄   ██▀▀█▄  ▀ ██ █▄▀ █▄ ▄▄▄▄▄█▄ █
█▄█▄▄▄▄▄▄▀█▀██▄ ▀▄█▀ ▄▄▀██▄▄██ ██▄▄▀ █▀█▄█ █ ▄█▄▀▀▄▀ ████▄ ▀▀▀█
██▄█▀ ▄▄ ▀█ █ ▀▄ ▄▄ ▀▀ ▀▄█ ▀ ▀█▄ ▄██  ▄  █ █▄█ █ ▄ ▀ ▀▀▀ ▀▀██▀█
█▄▄▄█▄▄▄█▀▀▀▄█▄ ██▀▀ █▀ ▄ █ █▀ ▄ █▄▄ ██  █▀▄▄▀ ▄ ▀▄█▄█ █▄██▄ ██
██▄ ▄▄▀▄▄▄█▄▀▄▄▄▀▀ ██ ▄██▄ █▀███▀  ▀██▀█ ▀▀▄▄▄▄ ██▄██▄▄ ▄▄▄▄▀██
█▀▀▀██▀▄█▀▀▀▄ █   █▄▀▄ ██ ▄▀▄▀█ ▀ ▄█▀▄ ▄ ▀▀██ ▀ ▄█▀ ▄▀▄  █▄██▄█
█▄█▄▄█▄▄▄▄▄ █▄▄██▄▀██▄▄ ▄ █▀ █ ▀█ ██▄▄    █▀▀▀▄█ ▀ █▀  ██▄▄████
█▄▀ ▄ ▀▄ ▄▀▀██▀▀▄▀█ ▄█▄▄ ▄▀██  ▀ ▄  ▀ ▀▄▀▄█ ▀█ █ ▀▄█▄██▀ █▄▀█▀█
█ ▄▄█▄▄▄▄ ▄▄ ▀  ██   ▀█▄█ ▀█    ▄▀█▄▀▄▄ ▀██▄▄▀▀▄ ▄▀ ▄▀██  ▀▄ ▄█
█▀▀ ▄ ▄▄██  █▀▄▄ ▄█▄ ▄▀ ▀▄▄▀█ ▄▄▄▄█▀▀▄▀▄▄ █▄█▄▀▀▄█ ▄█▄▄▀█▀▀▄ ██
█▄▄▄▄██▄█ ██▀█▀  ▀▀▀██ ██▄ ▄▀ ▄▄▄ ▀▄▀▀▄█▀▀▀▄ ▄ ▀▀█▀▄▀ ▄▄▄ ▄ ▀▀█
█ ▄▄▄▄▄ ██▄ ▄▄▀▄▀█ ▀▄ ▄▀ ▀▀▀█ █▄█ ▄█ ▄█▀▀▄█▄▄█  ▀   ▄ █▄█  █▄▄█
█ █   █ █▀▄▄█▀▀ █▄▄ ███ █  ██▄ ▄   ▄▄█▀█▄ ▀▀██ ▄▄█▀██▄   ▄ ██ █
█ █▄▄▄█ █   █▀ ▀▀  ▄ ▄█▄▀▀███ ▄▀ ██▄ █▀▄▀ ▄▄ █▀ ▄█ █▄▀▀▄▄ ▀ ▄██
█▄▄▄▄▄▄▄█▄▄██▄▄▄█▄█▄▄▄██▄█████▄▄▄█▄▄█▄▄█████▄███▄▄██▄▄█▄██▄█▄▄█

[2026-09-03T09:58:02.128Z] INFO Webserver listening on port 3000
[2026-09-03T09:58:02.878Z] INFO P3TROHOLIC bot started. Scan QR in terminal to authenticate.
[2026-09-03T09:58:02.880Z] INFO connection update full: {
  connection: 'connecting',
  receivedPendingNotifications: false,
  qr: undefined
}
[2026-09-03T09:58:02.880Z] INFO connection update: connecting
[2026-09-03T09:58:05.930Z] INFO WhatsApp pairing code: CSV7WGVJ
[2026-09-03T09:58:05.930Z] INFO On your phone: WhatsApp > Linked devices > Link a device > Link with phone number.
[2026-09-03T09:58:08.234Z] INFO connection update full: {
  connection: 'close',
  lastDisconnect: {
    error: Error: Connection Failure
        at WebSocketClient.<anonymous> (file:///C:/Users/shadr.JARVIS/Desktop/DotVV/node_modules/@whiskeysockets/baileys/lib/Socket/socket.js:800:18)
        at WebSocketClient.emit (node:events:509:28)
        at file:///C:/Users/shadr.JARVIS/Desktop/DotVV/node_modules/@whiskeysockets/baileys/lib/Socket/socket.js:465:35
        at processData (file:///C:/Users/shadr.JARVIS/Desktop/DotVV/node_modules/@whiskeysockets/baileys/lib/Utils/noise-handler.js:126:13)
        at process.processTicksAndRejections (node:internal/process/task_queues:104:5)
        at async Object.decodeFrame (file:///C:/Users/shadr.JARVIS/Desktop/DotVV/node_modules/@whiskeysockets/baileys/lib/Utils/noise-handler.js:197:13)
        at async WebSocketClient.onMessageReceived (file:///C:/Users/shadr.JARVIS/Desktop/DotVV/node_modules/@whiskeysockets/baileys/lib/Socket/socket.js:442:9) {
      data: { reason: '401', location: 'odn' },
      isBoom: true,
      isServer: false,
      output: {
        statusCode: 401,
        payload: {
          statusCode: 401,
          error: 'Unauthorized',
          message: 'Connection Failure'
        },
        headers: {}
      }
    },
    date: 2026-09-03T09:58:08.234Z
  }
}
[2026-09-03T09:58:08.235Z] INFO connection update: close
[2026-09-03T09:58:08.235Z] INFO connection closed Error: Connection Failure
    at WebSocketClient.<anonymous> (file:///C:/Users/shadr.JARVIS/Desktop/DotVV/node_modules/@whiskeysockets/baileys/lib/Socket/socket.js:800:18)
    at WebSocketClient.emit (node:events:509:28)
    at file:///C:/Users/shadr.JARVIS/Desktop/DotVV/node_modules/@whiskeysockets/baileys/lib/Socket/socket.js:465:35
    at processData (file:///C:/Users/shadr.JARVIS/Desktop/DotVV/node_modules/@whiskeysockets/baileys/lib/Utils/noise-handler.js:126:13)
    at process.processTicksAndRejections (node:internal/process/task_queues:104:5)
    at async Object.decodeFrame (file:///C:/Users/shadr.JARVIS/Desktop/DotVV/node_modules/@whiskeysockets/baileys/lib/Utils/noise-handler.js:197:13)
    at async WebSocketClient.onMessageReceived (file:///C:/Users/shadr.JARVIS/Desktop/DotVV/node_modules/@whiskeysockets/baileys/lib/Socket/socket.js:442:9)
[2026-09-03T09:58:08.236Z] INFO lastDisconnect.error full: Error: Connection Failure
    at WebSocketClient.<anonymous> (file:///C:/Users/shadr.JARVIS/Desktop/DotVV/node_modules/@whiskeysockets/baileys/lib/Socket/socket.js:800:18)
    at WebSocketClient.emit (node:events:509:28)
    at file:///C:/Users/shadr.JARVIS/Desktop/DotVV/node_modules/@whiskeysockets/baileys/lib/Socket/socket.js:465:35
    at processData (file:///C:/Users/shadr.JARVIS/Desktop/DotVV/node_modules/@whiskeysockets/baileys/lib/Utils/noise-handler.js:126:13)
    at process.processTicksAndRejections (node:internal/process/task_queues:104:5)
    at async Object.decodeFrame (file:///C:/Users/shadr.JARVIS/Desktop/DotVV/node_modules/@whiskeysockets/baileys/lib/Utils/noise-handler.js:197:13)
    at async WebSocketClient.onMessageReceived (file:///C:/Users/shadr.JARVIS/Desktop/DotVV/node_modules/@whiskeysockets/baileys/lib/Socket/socket.js:442:9) {
  data: { reason: '401', location: 'odn' },
  isBoom: true,
  isServer: false,
  output: {
    statusCode: 401,
    payload: {
      statusCode: 401,
      error: 'Unauthorized',
      message: 'Connection Failure'
    },
    headers: {}
  }
}
[2026-09-03T09:58:08.236Z] INFO lastDisconnect.error.output.payload: {
  statusCode: 401,
  error: 'Unauthorized',
  message: 'Connection Failure'
}
[2026-09-03T09:58:08.236Z] INFO reconnecting in 2350ms (attempt 1/5)
[2026-09-03T09:58:11.160Z] INFO P3TROHOLIC bot started. Scan QR in terminal to authenticate.
[2026-09-03T09:58:11.160Z] INFO connection update full: {
  connection: 'connecting',
  receivedPendingNotifications: false,
  qr: undefined
}
[2026-09-03T09:58:11.160Z] INFO connection update: connecting
[2026-09-03T09:58:14.230Z] INFO WhatsApp pairing code: ZP3HEPKJ
[2026-09-03T09:58:14.230Z] INFO On your phone: WhatsApp > Linked devices > Link a device > Link with phone number.
[2026-09-03T09:58:16.493Z] INFO connection update full: {
  connection: 'close',
  lastDisconnect: {
    error: Error: Connection Failure
        at WebSocketClient.<anonymous> (file:///C:/Users/shadr.JARVIS/Desktop/DotVV/node_modules/@whiskeysockets/baileys/lib/Socket/socket.js:800:18)
        at WebSocketClient.emit (node:events:509:28)
        at file:///C:/Users/shadr.JARVIS/Desktop/DotVV/node_modules/@whiskeysockets/baileys/lib/Socket/socket.js:465:35
        at processData (file:///C:/Users/shadr.JARVIS/Desktop/DotVV/node_modules/@whiskeysockets/baileys/lib/Utils/noise-handler.js:126:13)
        at process.processTicksAndRejections (node:internal/process/task_queues:104:5)
        at async Object.decodeFrame (file:///C:/Users/shadr.JARVIS/Desktop/DotVV/node_modules/@whiskeysockets/baileys/lib/Utils/noise-handler.js:197:13)
        at async WebSocketClient.onMessageReceived (file:///C:/Users/shadr.JARVIS/Desktop/DotVV/node_modules/@whiskeysockets/baileys/lib/Socket/socket.js:442:9) {
      data: { reason: '401', location: 'rva' },
      isBoom: true,
      isServer: false,
      output: {
        statusCode: 401,
        payload: {
          statusCode: 401,
          error: 'Unauthorized',
          message: 'Connection Failure'
        },
        headers: {}
      }
    },
    date: 2026-09-03T09:58:16.493Z
  }
}
[2026-09-03T09:58:16.494Z] INFO connection update: close
[2026-09-03T09:58:16.494Z] INFO connection closed Error: Connection Failure
    at WebSocketClient.<anonymous> (file:///C:/Users/shadr.JARVIS/Desktop/DotVV/node_modules/@whiskeysockets/baileys/lib/Socket/socket.js:800:18)
    at WebSocketClient.emit (node:events:509:28)
    at file:///C:/Users/shadr.JARVIS/Desktop/DotVV/node_modules/@whiskeysockets/baileys/lib/Socket/socket.js:465:35
    at processData (file:///C:/Users/shadr.JARVIS/Desktop/DotVV/node_modules/@whiskeysockets/baileys/lib/Utils/noise-handler.js:126:13)
    at process.processTicksAndRejections (node:internal/process/task_queues:104:5)
    at async Object.decodeFrame (file:///C:/Users/shadr.JARVIS/Desktop/DotVV/node_modules/@whiskeysockets/baileys/lib/Utils/noise-handler.js:197:13)
    at async WebSocketClient.onMessageReceived (file:///C:/Users/shadr.JARVIS/Desktop/DotVV/node_modules/@whiskeysockets/baileys/lib/Socket/socket.js:442:9)
[2026-09-03T09:58:16.494Z] INFO lastDisconnect.error full: Error: Connection Failure
    at WebSocketClient.<anonymous> (file:///C:/Users/shadr.JARVIS/Desktop/DotVV/node_modules/@whiskeysockets/baileys/lib/Socket/socket.js:800:18)
    at WebSocketClient.emit (node:events:509:28)
    at file:///C:/Users/shadr.JARVIS/Desktop/DotVV/node_modules/@whiskeysockets/baileys/lib/Socket/socket.js:465:35
    at processData (file:///C:/Users/shadr.JARVIS/Desktop/DotVV/node_modules/@whiskeysockets/baileys/lib/Utils/noise-handler.js:126:13)
    at process.processTicksAndRejections (node:internal/process/task_queues:104:5)
    at async Object.decodeFrame (file:///C:/Users/shadr.JARVIS/Desktop/DotVV/node_modules/@whiskeysockets/baileys/lib/Utils/noise-handler.js:197:13)
    at async WebSocketClient.onMessageReceived (file:///C:/Users/shadr.JARVIS/Desktop/DotVV/node_modules/@whiskeysockets/baileys/lib/Socket/socket.js:442:9) {
  data: { reason: '401', location: 'rva' },
  isBoom: true,
  isServer: false,
  output: {
    statusCode: 401,
    payload: {
      statusCode: 401,
      error: 'Unauthorized',
      message: 'Connection Failure'
    },
    headers: {}
  }
}
[2026-09-03T09:58:16.494Z] INFO lastDisconnect.error.output.payload: {
  statusCode: 401,
  error: 'Unauthorized',
  message: 'Connection Failure'
}
[2026-09-03T09:58:16.494Z] INFO reconnecting in 4323ms (attempt 2/5)
[2026-09-03T09:58:21.363Z] INFO P3TROHOLIC bot started. Scan QR in terminal to authenticate.
[2026-09-03T09:58:21.364Z] INFO connection update full: {
  connection: 'connecting',
  receivedPendingNotifications: false,
  qr: undefined
}
[2026-09-03T09:58:21.364Z] INFO connection update: connecting
[2026-09-03T09:58:23.465Z] INFO connection update full: {
  connection: 'close',
  lastDisconnect: {
    error: Error: Connection Failure
        at WebSocketClient.<anonymous> (file:///C:/Users/shadr.JARVIS/Desktop/DotVV/node_modules/@whiskeysockets/baileys/lib/Socket/socket.js:800:18)
        at WebSocketClient.emit (node:events:509:28)
        at file:///C:/Users/shadr.JARVIS/Desktop/DotVV/node_modules/@whiskeysockets/baileys/lib/Socket/socket.js:465:35
        at processData (file:///C:/Users/shadr.JARVIS/Desktop/DotVV/node_modules/@whiskeysockets/baileys/lib/Utils/noise-handler.js:126:13)
        at process.processTicksAndRejections (node:internal/process/task_queues:104:5)
        at async Object.decodeFrame (file:///C:/Users/shadr.JARVIS/Desktop/DotVV/node_modules/@whiskeysockets/baileys/lib/Utils/noise-handler.js:197:13)
        at async WebSocketClient.onMessageReceived (file:///C:/Users/shadr.JARVIS/Desktop/DotVV/node_modules/@whiskeysockets/baileys/lib/Socket/socket.js:442:9) {
      data: { reason: '401', location: 'rva' },
      isBoom: true,
      isServer: false,
      output: {
        statusCode: 401,
        payload: {
          statusCode: 401,
          error: 'Unauthorized',
          message: 'Connection Failure'
        },
        headers: {}
      }
    },
    date: 2026-09-03T09:58:23.465Z
  }
}
[2026-09-03T09:58:23.465Z] INFO connection update: close
[2026-09-03T09:58:23.465Z] INFO connection closed Error: Connection Failure
    at WebSocketClient.<anonymous> (file:///C:/Users/shadr.JARVIS/Desktop/DotVV/node_modules/@whiskeysockets/baileys/lib/Socket/socket.js:800:18)
    at WebSocketClient.emit (node:events:509:28)
    at file:///C:/Users/shadr.JARVIS/Desktop/DotVV/node_modules/@whiskeysockets/baileys/lib/Socket/socket.js:465:35
    at processData (file:///C:/Users/shadr.JARVIS/Desktop/DotVV/node_modules/@whiskeysockets/baileys/lib/Utils/noise-handler.js:126:13)
    at process.processTicksAndRejections (node:internal/process/task_queues:104:5)
    at async Object.decodeFrame (file:///C:/Users/shadr.JARVIS/Desktop/DotVV/node_modules/@whiskeysockets/baileys/lib/Utils/noise-handler.js:197:13)
    at async WebSocketClient.onMessageReceived (file:///C:/Users/shadr.JARVIS/Desktop/DotVV/node_modules/@whiskeysockets/baileys/lib/Socket/socket.js:442:9)
[2026-09-03T09:58:23.466Z] INFO lastDisconnect.error full: Error: Connection Failure
    at WebSocketClient.<anonymous> (file:///C:/Users/shadr.JARVIS/Desktop/DotVV/node_modules/@whiskeysockets/baileys/lib/Socket/socket.js:800:18)
    at WebSocketClient.emit (node:events:509:28)
    at file:///C:/Users/shadr.JARVIS/Desktop/DotVV/node_modules/@whiskeysockets/baileys/lib/Socket/socket.js:465:35
    at processData (file:///C:/Users/shadr.JARVIS/Desktop/DotVV/node_modules/@whiskeysockets/baileys/lib/Utils/noise-handler.js:126:13)
    at process.processTicksAndRejections (node:internal/process/task_queues:104:5)
    at async Object.decodeFrame (file:///C:/Users/shadr.JARVIS/Desktop/DotVV/node_modules/@whiskeysockets/baileys/lib/Utils/noise-handler.js:197:13)
    at async WebSocketClient.onMessageReceived (file:///C:/Users/shadr.JARVIS/Desktop/DotVV/node_modules/@whiskeysockets/baileys/lib/Socket/socket.js:442:9) {
  data: { reason: '401', location: 'rva' },
  isBoom: true,
  isServer: false,
  output: {
    statusCode: 401,
    payload: {
      statusCode: 401,
      error: 'Unauthorized',
      message: 'Connection Failure'
    },
    headers: {}
  }
}
[2026-09-03T09:58:23.466Z] INFO lastDisconnect.error.output.payload: {
  statusCode: 401,
  error: 'Unauthorized',
  message: 'Connection Failure'
}
[2026-09-03T09:58:23.466Z] INFO reconnecting in 8054ms (attempt 3/5)
[2026-09-03T09:58:24.436Z] ERROR Failed to request WhatsApp pairing code: Error: Connection Closed
    at sendRawMessage (file:///C:/Users/shadr.JARVIS/Desktop/DotVV/node_modules/@whiskeysockets/baileys/lib/Socket/socket.js:60:19)
    at sendNode (file:///C:/Users/shadr.JARVIS/Desktop/DotVV/node_modules/@whiskeysockets/baileys/lib/Socket/socket.js:79:16)
    at Object.requestPairingCode (file:///C:/Users/shadr.JARVIS/Desktop/DotVV/node_modules/@whiskeysockets/baileys/lib/Socket/socket.js:607:15)
    at async Timeout._onTimeout (C:\Users\shadr.JARVIS\Desktop\DotVV\index.js:96:29)
[2026-09-03T09:58:36.573Z] INFO Webserver listening on port 3000
[2026-09-03T09:58:37.324Z] INFO P3TROHOLIC bot started. Scan QR in terminal to authenticate.
[2026-09-03T09:58:37.326Z] INFO connection update full: {
  connection: 'connecting',
  receivedPendingNotifications: false,
  qr: undefined
}
[2026-09-03T09:58:37.326Z] INFO connection update: connecting
[2026-09-03T09:58:39.739Z] INFO connection update full: {
  connection: 'close',
  lastDisconnect: {
    error: Error: Connection Failure
        at WebSocketClient.<anonymous> (file:///C:/Users/shadr.JARVIS/Desktop/DotVV/node_modules/@whiskeysockets/baileys/lib/Socket/socket.js:800:18)
        at WebSocketClient.emit (node:events:509:28)
        at file:///C:/Users/shadr.JARVIS/Desktop/DotVV/node_modules/@whiskeysockets/baileys/lib/Socket/socket.js:465:35
        at processData (file:///C:/Users/shadr.JARVIS/Desktop/DotVV/node_modules/@whiskeysockets/baileys/lib/Utils/noise-handler.js:126:13)
        at process.processTicksAndRejections (node:internal/process/task_queues:104:5)
        at async Object.decodeFrame (file:///C:/Users/shadr.JARVIS/Desktop/DotVV/node_modules/@whiskeysockets/baileys/lib/Utils/noise-handler.js:197:13)
        at async WebSocketClient.onMessageReceived (file:///C:/Users/shadr.JARVIS/Desktop/DotVV/node_modules/@whiskeysockets/baileys/lib/Socket/socket.js:442:9) {
      data: { reason: '401', location: 'cln' },
      isBoom: true,
      isServer: false,
      output: {
        statusCode: 401,
        payload: {
          statusCode: 401,
          error: 'Unauthorized',
          message: 'Connection Failure'
        },
        headers: {}
      }
    },
    date: 2026-09-03T09:58:39.739Z
  }
}
[2026-09-03T09:58:39.739Z] INFO connection update: close
[2026-09-03T09:58:39.739Z] INFO connection closed Error: Connection Failure
    at WebSocketClient.<anonymous> (file:///C:/Users/shadr.JARVIS/Desktop/DotVV/node_modules/@whiskeysockets/baileys/lib/Socket/socket.js:800:18)
    at WebSocketClient.emit (node:events:509:28)
    at file:///C:/Users/shadr.JARVIS/Desktop/DotVV/node_modules/@whiskeysockets/baileys/lib/Socket/socket.js:465:35
    at processData (file:///C:/Users/shadr.JARVIS/Desktop/DotVV/node_modules/@whiskeysockets/baileys/lib/Utils/noise-handler.js:126:13)
    at process.processTicksAndRejections (node:internal/process/task_queues:104:5)
    at async Object.decodeFrame (file:///C:/Users/shadr.JARVIS/Desktop/DotVV/node_modules/@whiskeysockets/baileys/lib/Utils/noise-handler.js:197:13)
    at async WebSocketClient.onMessageReceived (file:///C:/Users/shadr.JARVIS/Desktop/DotVV/node_modules/@whiskeysockets/baileys/lib/Socket/socket.js:442:9)
[2026-09-03T09:58:39.740Z] INFO lastDisconnect.error full: Error: Connection Failure
    at WebSocketClient.<anonymous> (file:///C:/Users/shadr.JARVIS/Desktop/DotVV/node_modules/@whiskeysockets/baileys/lib/Socket/socket.js:800:18)
    at WebSocketClient.emit (node:events:509:28)
    at file:///C:/Users/shadr.JARVIS/Desktop/DotVV/node_modules/@whiskeysockets/baileys/lib/Socket/socket.js:465:35
    at processData (file:///C:/Users/shadr.JARVIS/Desktop/DotVV/node_modules/@whiskeysockets/baileys/lib/Utils/noise-handler.js:126:13)
    at process.processTicksAndRejections (node:internal/process/task_queues:104:5)
    at async Object.decodeFrame (file:///C:/Users/shadr.JARVIS/Desktop/DotVV/node_modules/@whiskeysockets/baileys/lib/Utils/noise-handler.js:197:13)
    at async WebSocketClient.onMessageReceived (file:///C:/Users/shadr.JARVIS/Desktop/DotVV/node_modules/@whiskeysockets/baileys/lib/Socket/socket.js:442:9) {
  data: { reason: '401', location: 'cln' },
  isBoom: true,
  isServer: false,
  output: {
    statusCode: 401,
    payload: {
      statusCode: 401,
      error: 'Unauthorized',
      message: 'Connection Failure'
    },
    headers: {}
  }
}
[2026-09-03T09:58:39.740Z] INFO lastDisconnect.error.output.payload: {
  statusCode: 401,
  error: 'Unauthorized',
  message: 'Connection Failure'
}
[2026-09-03T09:58:39.740Z] INFO reconnecting in 2029ms (attempt 1/5)
[2026-09-03T09:58:40.367Z] ERROR Failed to request WhatsApp pairing code: Error: Connection Closed
    at sendRawMessage (file:///C:/Users/shadr.JARVIS/Desktop/DotVV/node_modules/@whiskeysockets/baileys/lib/Socket/socket.js:60:19)
    at sendNode (file:///C:/Users/shadr.JARVIS/Desktop/DotVV/node_modules/@whiskeysockets/baileys/lib/Socket/socket.js:79:16)
    at Object.requestPairingCode (file:///C:/Users/shadr.JARVIS/Desktop/DotVV/node_modules/@whiskeysockets/baileys/lib/Socket/socket.js:607:15)
    at async Timeout._onTimeout (C:\Users\shadr.JARVIS\Desktop\DotVV\index.js:96:29)
[2026-09-03T09:58:42.318Z] INFO P3TROHOLIC bot started. Scan QR in terminal to authenticate.
[2026-09-03T09:58:42.318Z] INFO connection update full: {
  connection: 'connecting',
  receivedPendingNotifications: false,
  qr: undefined
}
[2026-09-03T09:58:42.319Z] INFO connection update: connecting
[2026-09-03T09:58:45.402Z] INFO WhatsApp pairing code: MJL16PB2
[2026-09-03T09:58:45.402Z] INFO On your phone: WhatsApp > Linked devices > Link a device > Link with phone number.
[2026-09-03T09:58:46.901Z] INFO connection update full: {
  connection: 'close',
  lastDisconnect: {
    error: Error: Connection Failure
        at WebSocketClient.<anonymous> (file:///C:/Users/shadr.JARVIS/Desktop/DotVV/node_modules/@whiskeysockets/baileys/lib/Socket/socket.js:800:18)
        at WebSocketClient.emit (node:events:509:28)
        at file:///C:/Users/shadr.JARVIS/Desktop/DotVV/node_modules/@whiskeysockets/baileys/lib/Socket/socket.js:465:35
        at processData (file:///C:/Users/shadr.JARVIS/Desktop/DotVV/node_modules/@whiskeysockets/baileys/lib/Utils/noise-handler.js:126:13)
        at process.processTicksAndRejections (node:internal/process/task_queues:104:5)
        at async Object.decodeFrame (file:///C:/Users/shadr.JARVIS/Desktop/DotVV/node_modules/@whiskeysockets/baileys/lib/Utils/noise-handler.js:197:13)
        at async WebSocketClient.onMessageReceived (file:///C:/Users/shadr.JARVIS/Desktop/DotVV/node_modules/@whiskeysockets/baileys/lib/Socket/socket.js:442:9) {
      data: { reason: '401', location: 'vll' },
      isBoom: true,
      isServer: false,
      output: {
        statusCode: 401,
        payload: {
          statusCode: 401,
          error: 'Unauthorized',
          message: 'Connection Failure'
        },
        headers: {}
      }
    },
    date: 2026-09-03T09:58:46.901Z
  }
}
[2026-09-03T09:58:46.902Z] INFO connection update: close
[2026-09-03T09:58:46.902Z] INFO connection closed Error: Connection Failure
    at WebSocketClient.<anonymous> (file:///C:/Users/shadr.JARVIS/Desktop/DotVV/node_modules/@whiskeysockets/baileys/lib/Socket/socket.js:800:18)
    at WebSocketClient.emit (node:events:509:28)
    at file:///C:/Users/shadr.JARVIS/Desktop/DotVV/node_modules/@whiskeysockets/baileys/lib/Socket/socket.js:465:35
    at processData (file:///C:/Users/shadr.JARVIS/Desktop/DotVV/node_modules/@whiskeysockets/baileys/lib/Utils/noise-handler.js:126:13)
    at process.processTicksAndRejections (node:internal/process/task_queues:104:5)
    at async Object.decodeFrame (file:///C:/Users/shadr.JARVIS/Desktop/DotVV/node_modules/@whiskeysockets/baileys/lib/Utils/noise-handler.js:197:13)
    at async WebSocketClient.onMessageReceived (file:///C:/Users/shadr.JARVIS/Desktop/DotVV/node_modules/@whiskeysockets/baileys/lib/Socket/socket.js:442:9)
[2026-09-03T09:58:46.902Z] INFO lastDisconnect.error full: Error: Connection Failure
    at WebSocketClient.<anonymous> (file:///C:/Users/shadr.JARVIS/Desktop/DotVV/node_modules/@whiskeysockets/baileys/lib/Socket/socket.js:800:18)
    at WebSocketClient.emit (node:events:509:28)
    at file:///C:/Users/shadr.JARVIS/Desktop/DotVV/node_modules/@whiskeysockets/baileys/lib/Socket/socket.js:465:35
    at processData (file:///C:/Users/shadr.JARVIS/Desktop/DotVV/node_modules/@whiskeysockets/baileys/lib/Utils/noise-handler.js:126:13)
    at process.processTicksAndRejections (node:internal/process/task_queues:104:5)
    at async Object.decodeFrame (file:///C:/Users/shadr.JARVIS/Desktop/DotVV/node_modules/@whiskeysockets/baileys/lib/Utils/noise-handler.js:197:13)
    at async WebSocketClient.onMessageReceived (file:///C:/Users/shadr.JARVIS/Desktop/DotVV/node_modules/@whiskeysockets/baileys/lib/Socket/socket.js:442:9) {
  data: { reason: '401', location: 'vll' },
  isBoom: true,
  isServer: false,
  output: {
    statusCode: 401,
    payload: {
      statusCode: 401,
      error: 'Unauthorized',
      message: 'Connection Failure'
    },
    headers: {}
  }
}
[2026-09-03T09:58:46.903Z] INFO lastDisconnect.error.output.payload: {
  statusCode: 401,
  error: 'Unauthorized',
  message: 'Connection Failure'
}
[2026-09-03T09:58:46.903Z] INFO reconnecting in 4074ms (attempt 2/5)
[2026-09-03T09:58:51.516Z] INFO P3TROHOLIC bot started. Scan QR in terminal to authenticate.
[2026-09-03T09:58:51.517Z] INFO connection update full: {
  connection: 'connecting',
  receivedPendingNotifications: false,
  qr: undefined
}
[2026-09-03T09:58:51.517Z] INFO connection update: connecting
[2026-09-03T09:58:53.286Z] INFO connection update full: {
  connection: 'close',
  lastDisconnect: {
    error: Error: Connection Failure
        at WebSocketClient.<anonymous> (file:///C:/Users/shadr.JARVIS/Desktop/DotVV/node_modules/@whiskeysockets/baileys/lib/Socket/socket.js:800:18)
        at WebSocketClient.emit (node:events:509:28)
        at file:///C:/Users/shadr.JARVIS/Desktop/DotVV/node_modules/@whiskeysockets/baileys/lib/Socket/socket.js:465:35
        at processData (file:///C:/Users/shadr.JARVIS/Desktop/DotVV/node_modules/@whiskeysockets/baileys/lib/Utils/noise-handler.js:126:13)
        at process.processTicksAndRejections (node:internal/process/task_queues:104:5)
        at async Object.decodeFrame (file:///C:/Users/shadr.JARVIS/Desktop/DotVV/node_modules/@whiskeysockets/baileys/lib/Utils/noise-handler.js:197:13)
        at async WebSocketClient.onMessageReceived (file:///C:/Users/shadr.JARVIS/Desktop/DotVV/node_modules/@whiskeysockets/baileys/lib/Socket/socket.js:442:9) {
      data: { reason: '401', location: 'atn' },
      isBoom: true,
      isServer: false,
      output: {
        statusCode: 401,
        payload: {
          statusCode: 401,
          error: 'Unauthorized',
          message: 'Connection Failure'
        },
        headers: {}
      }
    },
    date: 2026-09-03T09:58:53.286Z
  }
}
[2026-09-03T09:58:53.286Z] INFO connection update: close
[2026-09-03T09:58:53.286Z] INFO connection closed Error: Connection Failure
    at WebSocketClient.<anonymous> (file:///C:/Users/shadr.JARVIS/Desktop/DotVV/node_modules/@whiskeysockets/baileys/lib/Socket/socket.js:800:18)
    at WebSocketClient.emit (node:events:509:28)
    at file:///C:/Users/shadr.JARVIS/Desktop/DotVV/node_modules/@whiskeysockets/baileys/lib/Socket/socket.js:465:35
    at processData (file:///C:/Users/shadr.JARVIS/Desktop/DotVV/node_modules/@whiskeysockets/baileys/lib/Utils/noise-handler.js:126:13)
    at process.processTicksAndRejections (node:internal/process/task_queues:104:5)
    at async Object.decodeFrame (file:///C:/Users/shadr.JARVIS/Desktop/DotVV/node_modules/@whiskeysockets/baileys/lib/Utils/noise-handler.js:197:13)
    at async WebSocketClient.onMessageReceived (file:///C:/Users/shadr.JARVIS/Desktop/DotVV/node_modules/@whiskeysockets/baileys/lib/Socket/socket.js:442:9)
[2026-09-03T09:58:53.286Z] INFO lastDisconnect.error full: Error: Connection Failure
    at WebSocketClient.<anonymous> (file:///C:/Users/shadr.JARVIS/Desktop/DotVV/node_modules/@whiskeysockets/baileys/lib/Socket/socket.js:800:18)
    at WebSocketClient.emit (node:events:509:28)
    at file:///C:/Users/shadr.JARVIS/Desktop/DotVV/node_modules/@whiskeysockets/baileys/lib/Socket/socket.js:465:35
    at processData (file:///C:/Users/shadr.JARVIS/Desktop/DotVV/node_modules/@whiskeysockets/baileys/lib/Utils/noise-handler.js:126:13)
    at process.processTicksAndRejections (node:internal/process/task_queues:104:5)
    at async Object.decodeFrame (file:///C:/Users/shadr.JARVIS/Desktop/DotVV/node_modules/@whiskeysockets/baileys/lib/Utils/noise-handler.js:197:13)
    at async WebSocketClient.onMessageReceived (file:///C:/Users/shadr.JARVIS/Desktop/DotVV/node_modules/@whiskeysockets/baileys/lib/Socket/socket.js:442:9) {
  data: { reason: '401', location: 'atn' },
  isBoom: true,
  isServer: false,
  output: {
    statusCode: 401,
    payload: {
      statusCode: 401,
      error: 'Unauthorized',
      message: 'Connection Failure'
    },
    headers: {}
  }
}
[2026-09-03T09:58:53.287Z] INFO lastDisconnect.error.output.payload: {
  statusCode: 401,
  error: 'Unauthorized',
  message: 'Connection Failure'
}
[2026-09-03T09:58:53.287Z] INFO reconnecting in 8621ms (attempt 3/5)
[2026-09-03T09:58:54.580Z] ERROR Failed to request WhatsApp pairing code: Error: Connection Closed
    at sendRawMessage (file:///C:/Users/shadr.JARVIS/Desktop/DotVV/node_modules/@whiskeysockets/baileys/lib/Socket/socket.js:60:19)
    at sendNode (file:///C:/Users/shadr.JARVIS/Desktop/DotVV/node_modules/@whiskeysockets/baileys/lib/Socket/socket.js:79:16)
    at Object.requestPairingCode (file:///C:/Users/shadr.JARVIS/Desktop/DotVV/node_modules/@whiskeysockets/baileys/lib/Socket/socket.js:607:15)
    at async Timeout._onTimeout (C:\Users\shadr.JARVIS\Desktop\DotVV\index.js:96:29)
[2026-09-03T09:59:02.556Z] INFO P3TROHOLIC bot started. Scan QR in terminal to authenticate.
[2026-09-03T09:59:02.557Z] INFO connection update full: {
  connection: 'connecting',
  receivedPendingNotifications: false,
  qr: undefined
}
[2026-09-03T09:59:02.557Z] INFO connection update: connecting
[2026-09-03T09:59:05.100Z] INFO connection update full: {
  connection: 'close',
  lastDisconnect: {
    error: Error: Connection Failure
        at WebSocketClient.<anonymous> (file:///C:/Users/shadr.JARVIS/Desktop/DotVV/node_modules/@whiskeysockets/baileys/lib/Socket/socket.js:800:18)
        at WebSocketClient.emit (node:events:509:28)
        at file:///C:/Users/shadr.JARVIS/Desktop/DotVV/node_modules/@whiskeysockets/baileys/lib/Socket/socket.js:465:35
        at processData (file:///C:/Users/shadr.JARVIS/Desktop/DotVV/node_modules/@whiskeysockets/baileys/lib/Utils/noise-handler.js:126:13)
        at process.processTicksAndRejections (node:internal/process/task_queues:104:5)
        at async Object.decodeFrame (file:///C:/Users/shadr.JARVIS/Desktop/DotVV/node_modules/@whiskeysockets/baileys/lib/Utils/noise-handler.js:197:13)
        at async WebSocketClient.onMessageReceived (file:///C:/Users/shadr.JARVIS/Desktop/DotVV/node_modules/@whiskeysockets/baileys/lib/Socket/socket.js:442:9) {
      data: { reason: '401', location: 'cco' },
      isBoom: true,
      isServer: false,
      output: {
        statusCode: 401,
        payload: {
          statusCode: 401,
          error: 'Unauthorized',
          message: 'Connection Failure'
        },
        headers: {}
      }
    },
    date: 2026-09-03T09:59:05.100Z
  }
}
[2026-09-03T09:59:05.100Z] INFO connection update: close
[2026-09-03T09:59:05.100Z] INFO connection closed Error: Connection Failure
    at WebSocketClient.<anonymous> (file:///C:/Users/shadr.JARVIS/Desktop/DotVV/node_modules/@whiskeysockets/baileys/lib/Socket/socket.js:800:18)
    at WebSocketClient.emit (node:events:509:28)
    at file:///C:/Users/shadr.JARVIS/Desktop/DotVV/node_modules/@whiskeysockets/baileys/lib/Socket/socket.js:465:35
    at processData (file:///C:/Users/shadr.JARVIS/Desktop/DotVV/node_modules/@whiskeysockets/baileys/lib/Utils/noise-handler.js:126:13)
    at process.processTicksAndRejections (node:internal/process/task_queues:104:5)
    at async Object.decodeFrame (file:///C:/Users/shadr.JARVIS/Desktop/DotVV/node_modules/@whiskeysockets/baileys/lib/Utils/noise-handler.js:197:13)
    at async WebSocketClient.onMessageReceived (file:///C:/Users/shadr.JARVIS/Desktop/DotVV/node_modules/@whiskeysockets/baileys/lib/Socket/socket.js:442:9)
[2026-09-03T09:59:05.101Z] INFO lastDisconnect.error full: Error: Connection Failure
    at WebSocketClient.<anonymous> (file:///C:/Users/shadr.JARVIS/Desktop/DotVV/node_modules/@whiskeysockets/baileys/lib/Socket/socket.js:800:18)
    at WebSocketClient.emit (node:events:509:28)
    at file:///C:/Users/shadr.JARVIS/Desktop/DotVV/node_modules/@whiskeysockets/baileys/lib/Socket/socket.js:465:35
    at processData (file:///C:/Users/shadr.JARVIS/Desktop/DotVV/node_modules/@whiskeysockets/baileys/lib/Utils/noise-handler.js:126:13)
    at process.processTicksAndRejections (node:internal/process/task_queues:104:5)
    at async Object.decodeFrame (file:///C:/Users/shadr.JARVIS/Desktop/DotVV/node_modules/@whiskeysockets/baileys/lib/Utils/noise-handler.js:197:13)
    at async WebSocketClient.onMessageReceived (file:///C:/Users/shadr.JARVIS/Desktop/DotVV/node_modules/@whiskeysockets/baileys/lib/Socket/socket.js:442:9) {
  data: { reason: '401', location: 'cco' },
  isBoom: true,
  isServer: false,
  output: {
    statusCode: 401,
    payload: {
      statusCode: 401,
      error: 'Unauthorized',
      message: 'Connection Failure'
    },
    headers: {}
  }
}
[2026-09-03T09:59:05.101Z] INFO lastDisconnect.error.output.payload: {
  statusCode: 401,
  error: 'Unauthorized',
  message: 'Connection Failure'
}
[2026-09-03T09:59:05.101Z] INFO reconnecting in 16929ms (attempt 4/5)
[2026-09-03T09:59:05.623Z] ERROR Failed to request WhatsApp pairing code: Error: Connection Closed
    at sendRawMessage (file:///C:/Users/shadr.JARVIS/Desktop/DotVV/node_modules/@whiskeysockets/baileys/lib/Socket/socket.js:60:19)
    at sendNode (file:///C:/Users/shadr.JARVIS/Desktop/DotVV/node_modules/@whiskeysockets/baileys/lib/Socket/socket.js:79:16)
    at Object.requestPairingCode (file:///C:/Users/shadr.JARVIS/Desktop/DotVV/node_modules/@whiskeysockets/baileys/lib/Socket/socket.js:607:15)
    at async Timeout._onTimeout (C:\Users\shadr.JARVIS\Desktop\DotVV\index.js:96:29)
[2026-09-03T09:59:22.553Z] INFO P3TROHOLIC bot started. Scan QR in terminal to authenticate.
[2026-09-03T09:59:22.553Z] INFO connection update full: {
  connection: 'connecting',
  receivedPendingNotifications: false,
  qr: undefined
}
[2026-09-03T09:59:22.553Z] INFO connection update: connecting
[2026-09-03T09:59:25.627Z] INFO WhatsApp pairing code: 99QSRAE9
[2026-09-03T09:59:25.628Z] INFO On your phone: WhatsApp > Linked devices > Link a device > Link with phone number.
[2026-09-03T09:59:28.189Z] INFO connection update full: {
  connection: 'close',
  lastDisconnect: {
    error: Error: Connection Failure
        at WebSocketClient.<anonymous> (file:///C:/Users/shadr.JARVIS/Desktop/DotVV/node_modules/@whiskeysockets/baileys/lib/Socket/socket.js:800:18)
        at WebSocketClient.emit (node:events:509:28)
        at file:///C:/Users/shadr.JARVIS/Desktop/DotVV/node_modules/@whiskeysockets/baileys/lib/Socket/socket.js:465:35
        at processData (file:///C:/Users/shadr.JARVIS/Desktop/DotVV/node_modules/@whiskeysockets/baileys/lib/Utils/noise-handler.js:126:13)
        at process.processTicksAndRejections (node:internal/process/task_queues:104:5)
        at async Object.decodeFrame (file:///C:/Users/shadr.JARVIS/Desktop/DotVV/node_modules/@whiskeysockets/baileys/lib/Utils/noise-handler.js:197:13)
        at async WebSocketClient.onMessageReceived (file:///C:/Users/shadr.JARVIS/Desktop/DotVV/node_modules/@whiskeysockets/baileys/lib/Socket/socket.js:442:9) {
      data: { reason: '401', location: 'vll' },
      isBoom: true,
      isServer: false,
      output: {
        statusCode: 401,
        payload: {
          statusCode: 401,
          error: 'Unauthorized',
          message: 'Connection Failure'
        },
        headers: {}
      }
    },
    date: 2026-09-03T09:59:28.189Z
  }
}
[2026-09-03T09:59:28.189Z] INFO connection update: close
[2026-09-03T09:59:28.189Z] INFO connection closed Error: Connection Failure
    at WebSocketClient.<anonymous> (file:///C:/Users/shadr.JARVIS/Desktop/DotVV/node_modules/@whiskeysockets/baileys/lib/Socket/socket.js:800:18)
    at WebSocketClient.emit (node:events:509:28)
    at file:///C:/Users/shadr.JARVIS/Desktop/DotVV/node_modules/@whiskeysockets/baileys/lib/Socket/socket.js:465:35
    at processData (file:///C:/Users/shadr.JARVIS/Desktop/DotVV/node_modules/@whiskeysockets/baileys/lib/Utils/noise-handler.js:126:13)
    at process.processTicksAndRejections (node:internal/process/task_queues:104:5)
    at async Object.decodeFrame (file:///C:/Users/shadr.JARVIS/Desktop/DotVV/node_modules/@whiskeysockets/baileys/lib/Utils/noise-handler.js:197:13)
    at async WebSocketClient.onMessageReceived (file:///C:/Users/shadr.JARVIS/Desktop/DotVV/node_modules/@whiskeysockets/baileys/lib/Socket/socket.js:442:9)
[2026-09-03T09:59:28.190Z] INFO lastDisconnect.error full: Error: Connection Failure
    at WebSocketClient.<anonymous> (file:///C:/Users/shadr.JARVIS/Desktop/DotVV/node_modules/@whiskeysockets/baileys/lib/Socket/socket.js:800:18)
    at WebSocketClient.emit (node:events:509:28)
    at file:///C:/Users/shadr.JARVIS/Desktop/DotVV/node_modules/@whiskeysockets/baileys/lib/Socket/socket.js:465:35
    at processData (file:///C:/Users/shadr.JARVIS/Desktop/DotVV/node_modules/@whiskeysockets/baileys/lib/Utils/noise-handler.js:126:13)
    at process.processTicksAndRejections (node:internal/process/task_queues:104:5)
    at async Object.decodeFrame (file:///C:/Users/shadr.JARVIS/Desktop/DotVV/node_modules/@whiskeysockets/baileys/lib/Utils/noise-handler.js:197:13)
    at async WebSocketClient.onMessageReceived (file:///C:/Users/shadr.JARVIS/Desktop/DotVV/node_modules/@whiskeysockets/baileys/lib/Socket/socket.js:442:9) {
  data: { reason: '401', location: 'vll' },
  isBoom: true,
  isServer: false,
  output: {
    statusCode: 401,
    payload: {
      statusCode: 401,
      error: 'Unauthorized',
      message: 'Connection Failure'
    },
    headers: {}
  }
}
[2026-09-03T09:59:28.190Z] INFO lastDisconnect.error.output.payload: {
  statusCode: 401,
  error: 'Unauthorized',
  message: 'Connection Failure'
}
[2026-09-03T09:59:28.190Z] INFO reconnecting in 30945ms (attempt 5/5)
[2026-09-03T09:59:59.678Z] INFO P3TROHOLIC bot started. Scan QR in terminal to authenticate.
[2026-09-03T09:59:59.678Z] INFO connection update full: {
  connection: 'connecting',
  receivedPendingNotifications: false,
  qr: undefined
}
[2026-09-03T09:59:59.678Z] INFO connection update: connecting
[2026-09-03T10:00:02.756Z] INFO WhatsApp pairing code: 5MMVDVYL
[2026-09-03T10:00:02.756Z] INFO On your phone: WhatsApp > Linked devices > Link a device > Link with phone number.
[2026-09-03T10:00:04.971Z] INFO connection update full: {
  connection: 'close',
  lastDisconnect: {
    error: Error: Connection Failure
        at WebSocketClient.<anonymous> (file:///C:/Users/shadr.JARVIS/Desktop/DotVV/node_modules/@whiskeysockets/baileys/lib/Socket/socket.js:800:18)
        at WebSocketClient.emit (node:events:509:28)
        at file:///C:/Users/shadr.JARVIS/Desktop/DotVV/node_modules/@whiskeysockets/baileys/lib/Socket/socket.js:465:35
        at processData (file:///C:/Users/shadr.JARVIS/Desktop/DotVV/node_modules/@whiskeysockets/baileys/lib/Utils/noise-handler.js:126:13)
        at process.processTicksAndRejections (node:internal/process/task_queues:104:5)
        at async Object.decodeFrame (file:///C:/Users/shadr.JARVIS/Desktop/DotVV/node_modules/@whiskeysockets/baileys/lib/Utils/noise-handler.js:197:13)
        at async WebSocketClient.onMessageReceived (file:///C:/Users/shadr.JARVIS/Desktop/DotVV/node_modules/@whiskeysockets/baileys/lib/Socket/socket.js:442:9) {
      data: { reason: '401', location: 'atn' },
      isBoom: true,
      isServer: false,
      output: {
        statusCode: 401,
        payload: {
          statusCode: 401,
          error: 'Unauthorized',
          message: 'Connection Failure'
        },
        headers: {}
      }
    },
    date: 2026-09-03T10:00:04.971Z
  }
}
[2026-09-03T10:00:04.971Z] INFO connection update: close
[2026-09-03T10:00:04.971Z] INFO connection closed Error: Connection Failure
    at WebSocketClient.<anonymous> (file:///C:/Users/shadr.JARVIS/Desktop/DotVV/node_modules/@whiskeysockets/baileys/lib/Socket/socket.js:800:18)
    at WebSocketClient.emit (node:events:509:28)
    at file:///C:/Users/shadr.JARVIS/Desktop/DotVV/node_modules/@whiskeysockets/baileys/lib/Socket/socket.js:465:35
    at processData (file:///C:/Users/shadr.JARVIS/Desktop/DotVV/node_modules/@whiskeysockets/baileys/lib/Utils/noise-handler.js:126:13)
    at process.processTicksAndRejections (node:internal/process/task_queues:104:5)
    at async Object.decodeFrame (file:///C:/Users/shadr.JARVIS/Desktop/DotVV/node_modules/@whiskeysockets/baileys/lib/Utils/noise-handler.js:197:13)
    at async WebSocketClient.onMessageReceived (file:///C:/Users/shadr.JARVIS/Desktop/DotVV/node_modules/@whiskeysockets/baileys/lib/Socket/socket.js:442:9)
[2026-09-03T10:00:04.972Z] INFO lastDisconnect.error full: Error: Connection Failure
    at WebSocketClient.<anonymous> (file:///C:/Users/shadr.JARVIS/Desktop/DotVV/node_modules/@whiskeysockets/baileys/lib/Socket/socket.js:800:18)
    at WebSocketClient.emit (node:events:509:28)
    at file:///C:/Users/shadr.JARVIS/Desktop/DotVV/node_modules/@whiskeysockets/baileys/lib/Socket/socket.js:465:35
    at processData (file:///C:/Users/shadr.JARVIS/Desktop/DotVV/node_modules/@whiskeysockets/baileys/lib/Utils/noise-handler.js:126:13)
    at process.processTicksAndRejections (node:internal/process/task_queues:104:5)
    at async Object.decodeFrame (file:///C:/Users/shadr.JARVIS/Desktop/DotVV/node_modules/@whiskeysockets/baileys/lib/Utils/noise-handler.js:197:13)
    at async WebSocketClient.onMessageReceived (file:///C:/Users/shadr.JARVIS/Desktop/DotVV/node_modules/@whiskeysockets/baileys/lib/Socket/socket.js:442:9) {
  data: { reason: '401', location: 'atn' },
  isBoom: true,
  isServer: false,
  output: {
    statusCode: 401,
    payload: {
      statusCode: 401,
      error: 'Unauthorized',
      message: 'Connection Failure'
    },
    headers: {}
  }
}
[2026-09-03T10:00:04.972Z] INFO lastDisconnect.error.output.payload: {
  statusCode: 401,
  error: 'Unauthorized',
  message: 'Connection Failure'
}
[2026-09-03T10:00:04.972Z] INFO Max reconnect attempts reached — give up. Check network or try again later.
[2026-09-03T10:04:28.372Z] INFO Webserver listening on port 3000
[2026-09-03T10:04:29.151Z] INFO P3TROHOLIC bot started. Scan QR in terminal to authenticate.
[2026-09-03T10:04:29.153Z] INFO connection update full: {
  connection: 'connecting',
  receivedPendingNotifications: false,
  qr: undefined
}
[2026-09-03T10:04:29.153Z] INFO connection update: connecting
[2026-09-03T10:04:32.197Z] INFO ================ PAIRING CODE: PKH2P9WY ================
[2026-09-03T10:04:32.197Z] INFO WhatsApp: Settings > Linked devices > Link a device > Link with phone number.
[2026-09-03T10:04:33.700Z] INFO connection update full: {
  connection: 'close',
  lastDisconnect: {
    error: Error: Connection Failure
        at WebSocketClient.<anonymous> (file:///C:/Users/shadr.JARVIS/Desktop/DotVV/node_modules/@whiskeysockets/baileys/lib/Socket/socket.js:800:18)
        at WebSocketClient.emit (node:events:509:28)
        at file:///C:/Users/shadr.JARVIS/Desktop/DotVV/node_modules/@whiskeysockets/baileys/lib/Socket/socket.js:465:35
        at processData (file:///C:/Users/shadr.JARVIS/Desktop/DotVV/node_modules/@whiskeysockets/baileys/lib/Utils/noise-handler.js:126:13)
        at process.processTicksAndRejections (node:internal/process/task_queues:104:5)
        at async Object.decodeFrame (file:///C:/Users/shadr.JARVIS/Desktop/DotVV/node_modules/@whiskeysockets/baileys/lib/Utils/noise-handler.js:197:13)
        at async WebSocketClient.onMessageReceived (file:///C:/Users/shadr.JARVIS/Desktop/DotVV/node_modules/@whiskeysockets/baileys/lib/Socket/socket.js:442:9) {
      data: { reason: '401', location: 'cco' },
      isBoom: true,
      isServer: false,
      output: {
        statusCode: 401,
        payload: {
          statusCode: 401,
          error: 'Unauthorized',
          message: 'Connection Failure'
        },
        headers: {}
      }
    },
    date: 2026-09-03T10:04:33.700Z
  }
}
[2026-09-03T10:04:33.700Z] INFO connection update: close
[2026-09-03T10:04:33.700Z] INFO connection closed Error: Connection Failure
    at WebSocketClient.<anonymous> (file:///C:/Users/shadr.JARVIS/Desktop/DotVV/node_modules/@whiskeysockets/baileys/lib/Socket/socket.js:800:18)
    at WebSocketClient.emit (node:events:509:28)
    at file:///C:/Users/shadr.JARVIS/Desktop/DotVV/node_modules/@whiskeysockets/baileys/lib/Socket/socket.js:465:35
    at processData (file:///C:/Users/shadr.JARVIS/Desktop/DotVV/node_modules/@whiskeysockets/baileys/lib/Utils/noise-handler.js:126:13)
    at process.processTicksAndRejections (node:internal/process/task_queues:104:5)
    at async Object.decodeFrame (file:///C:/Users/shadr.JARVIS/Desktop/DotVV/node_modules/@whiskeysockets/baileys/lib/Utils/noise-handler.js:197:13)
    at async WebSocketClient.onMessageReceived (file:///C:/Users/shadr.JARVIS/Desktop/DotVV/node_modules/@whiskeysockets/baileys/lib/Socket/socket.js:442:9)
[2026-09-03T10:04:33.701Z] INFO lastDisconnect.error full: Error: Connection Failure
    at WebSocketClient.<anonymous> (file:///C:/Users/shadr.JARVIS/Desktop/DotVV/node_modules/@whiskeysockets/baileys/lib/Socket/socket.js:800:18)
    at WebSocketClient.emit (node:events:509:28)
    at file:///C:/Users/shadr.JARVIS/Desktop/DotVV/node_modules/@whiskeysockets/baileys/lib/Socket/socket.js:465:35
    at processData (file:///C:/Users/shadr.JARVIS/Desktop/DotVV/node_modules/@whiskeysockets/baileys/lib/Utils/noise-handler.js:126:13)
    at process.processTicksAndRejections (node:internal/process/task_queues:104:5)
    at async Object.decodeFrame (file:///C:/Users/shadr.JARVIS/Desktop/DotVV/node_modules/@whiskeysockets/baileys/lib/Utils/noise-handler.js:197:13)
    at async WebSocketClient.onMessageReceived (file:///C:/Users/shadr.JARVIS/Desktop/DotVV/node_modules/@whiskeysockets/baileys/lib/Socket/socket.js:442:9) {
  data: { reason: '401', location: 'cco' },
  isBoom: true,
  isServer: false,
  output: {
    statusCode: 401,
    payload: {
      statusCode: 401,
      error: 'Unauthorized',
      message: 'Connection Failure'
    },
    headers: {}
  }
}
[2026-09-03T10:04:33.701Z] INFO lastDisconnect.error.output.payload: {
  statusCode: 401,
  error: 'Unauthorized',
  message: 'Connection Failure'
}
[2026-09-03T10:04:33.701Z] INFO reconnecting in 2893ms (attempt 1/5)
[2026-09-03T10:04:37.108Z] INFO P3TROHOLIC bot started. Scan QR in terminal to authenticate.
[2026-09-03T10:04:37.109Z] INFO connection update full: {
  connection: 'connecting',
  receivedPendingNotifications: false,
  qr: undefined
}
[2026-09-03T10:04:37.109Z] INFO connection update: connecting
[2026-09-03T10:04:40.173Z] INFO ================ PAIRING CODE: 9DZCRNKZ ================
[2026-09-03T10:04:40.173Z] INFO WhatsApp: Settings > Linked devices > Link a device > Link with phone number.
[2026-09-03T10:04:41.288Z] INFO connection update full: {
  connection: 'close',
  lastDisconnect: {
    error: Error: Connection Failure
        at WebSocketClient.<anonymous> (file:///C:/Users/shadr.JARVIS/Desktop/DotVV/node_modules/@whiskeysockets/baileys/lib/Socket/socket.js:800:18)
        at WebSocketClient.emit (node:events:509:28)
        at file:///C:/Users/shadr.JARVIS/Desktop/DotVV/node_modules/@whiskeysockets/baileys/lib/Socket/socket.js:465:35
        at processData (file:///C:/Users/shadr.JARVIS/Desktop/DotVV/node_modules/@whiskeysockets/baileys/lib/Utils/noise-handler.js:126:13)
        at process.processTicksAndRejections (node:internal/process/task_queues:104:5)
        at async Object.decodeFrame (file:///C:/Users/shadr.JARVIS/Desktop/DotVV/node_modules/@whiskeysockets/baileys/lib/Utils/noise-handler.js:197:13)
        at async WebSocketClient.onMessageReceived (file:///C:/Users/shadr.JARVIS/Desktop/DotVV/node_modules/@whiskeysockets/baileys/lib/Socket/socket.js:442:9) {
      data: { reason: '401', location: 'rva' },
      isBoom: true,
      isServer: false,
      output: {
        statusCode: 401,
        payload: {
          statusCode: 401,
          error: 'Unauthorized',
          message: 'Connection Failure'
        },
        headers: {}
      }
    },
    date: 2026-09-03T10:04:41.287Z
  }
}
[2026-09-03T10:04:41.288Z] INFO connection update: close
[2026-09-03T10:04:41.288Z] INFO connection closed Error: Connection Failure
    at WebSocketClient.<anonymous> (file:///C:/Users/shadr.JARVIS/Desktop/DotVV/node_modules/@whiskeysockets/baileys/lib/Socket/socket.js:800:18)
    at WebSocketClient.emit (node:events:509:28)
    at file:///C:/Users/shadr.JARVIS/Desktop/DotVV/node_modules/@whiskeysockets/baileys/lib/Socket/socket.js:465:35
    at processData (file:///C:/Users/shadr.JARVIS/Desktop/DotVV/node_modules/@whiskeysockets/baileys/lib/Utils/noise-handler.js:126:13)
    at process.processTicksAndRejections (node:internal/process/task_queues:104:5)
    at async Object.decodeFrame (file:///C:/Users/shadr.JARVIS/Desktop/DotVV/node_modules/@whiskeysockets/baileys/lib/Utils/noise-handler.js:197:13)
    at async WebSocketClient.onMessageReceived (file:///C:/Users/shadr.JARVIS/Desktop/DotVV/node_modules/@whiskeysockets/baileys/lib/Socket/socket.js:442:9)
[2026-09-03T10:04:41.289Z] INFO lastDisconnect.error full: Error: Connection Failure
    at WebSocketClient.<anonymous> (file:///C:/Users/shadr.JARVIS/Desktop/DotVV/node_modules/@whiskeysockets/baileys/lib/Socket/socket.js:800:18)
    at WebSocketClient.emit (node:events:509:28)
    at file:///C:/Users/shadr.JARVIS/Desktop/DotVV/node_modules/@whiskeysockets/baileys/lib/Socket/socket.js:465:35
    at processData (file:///C:/Users/shadr.JARVIS/Desktop/DotVV/node_modules/@whiskeysockets/baileys/lib/Utils/noise-handler.js:126:13)
    at process.processTicksAndRejections (node:internal/process/task_queues:104:5)
    at async Object.decodeFrame (file:///C:/Users/shadr.JARVIS/Desktop/DotVV/node_modules/@whiskeysockets/baileys/lib/Utils/noise-handler.js:197:13)
    at async WebSocketClient.onMessageReceived (file:///C:/Users/shadr.JARVIS/Desktop/DotVV/node_modules/@whiskeysockets/baileys/lib/Socket/socket.js:442:9) {
  data: { reason: '401', location: 'rva' },
  isBoom: true,
  isServer: false,
  output: {
    statusCode: 401,
    payload: {
      statusCode: 401,
      error: 'Unauthorized',
      message: 'Connection Failure'
    },
    headers: {}
  }
}
[2026-09-03T10:04:41.289Z] INFO lastDisconnect.error.output.payload: {
  statusCode: 401,
  error: 'Unauthorized',
  message: 'Connection Failure'
}
[2026-09-03T10:04:41.290Z] INFO reconnecting in 4879ms (attempt 2/5)
[2026-09-03T10:04:46.855Z] INFO P3TROHOLIC bot started. Scan QR in terminal to authenticate.
[2026-09-03T10:04:46.856Z] INFO connection update full: {
  connection: 'connecting',
  receivedPendingNotifications: false,
  qr: undefined
}
[2026-09-03T10:04:46.856Z] INFO connection update: connecting
[2026-09-03T10:04:49.934Z] INFO ================ PAIRING CODE: 3YTGTJFX ================
[2026-09-03T10:04:49.934Z] INFO WhatsApp: Settings > Linked devices > Link a device > Link with phone number.
[2026-09-03T10:04:51.393Z] INFO connection update full: {
  connection: 'close',
  lastDisconnect: {
    error: Error: Connection Failure
        at WebSocketClient.<anonymous> (file:///C:/Users/shadr.JARVIS/Desktop/DotVV/node_modules/@whiskeysockets/baileys/lib/Socket/socket.js:800:18)
        at WebSocketClient.emit (node:events:509:28)
        at file:///C:/Users/shadr.JARVIS/Desktop/DotVV/node_modules/@whiskeysockets/baileys/lib/Socket/socket.js:465:35
        at processData (file:///C:/Users/shadr.JARVIS/Desktop/DotVV/node_modules/@whiskeysockets/baileys/lib/Utils/noise-handler.js:126:13)
        at process.processTicksAndRejections (node:internal/process/task_queues:104:5)
        at async Object.decodeFrame (file:///C:/Users/shadr.JARVIS/Desktop/DotVV/node_modules/@whiskeysockets/baileys/lib/Utils/noise-handler.js:197:13)
        at async WebSocketClient.onMessageReceived (file:///C:/Users/shadr.JARVIS/Desktop/DotVV/node_modules/@whiskeysockets/baileys/lib/Socket/socket.js:442:9) {
      data: { reason: '401', location: 'vll' },
      isBoom: true,
      isServer: false,
      output: {
        statusCode: 401,
        payload: {
          statusCode: 401,
          error: 'Unauthorized',
          message: 'Connection Failure'
        },
        headers: {}
      }
    },
    date: 2026-09-03T10:04:51.393Z
  }
}
[2026-09-03T10:04:51.394Z] INFO connection update: close
[2026-09-03T10:04:51.394Z] INFO connection closed Error: Connection Failure
    at WebSocketClient.<anonymous> (file:///C:/Users/shadr.JARVIS/Desktop/DotVV/node_modules/@whiskeysockets/baileys/lib/Socket/socket.js:800:18)
    at WebSocketClient.emit (node:events:509:28)
    at file:///C:/Users/shadr.JARVIS/Desktop/DotVV/node_modules/@whiskeysockets/baileys/lib/Socket/socket.js:465:35
    at processData (file:///C:/Users/shadr.JARVIS/Desktop/DotVV/node_modules/@whiskeysockets/baileys/lib/Utils/noise-handler.js:126:13)
    at process.processTicksAndRejections (node:internal/process/task_queues:104:5)
    at async Object.decodeFrame (file:///C:/Users/shadr.JARVIS/Desktop/DotVV/node_modules/@whiskeysockets/baileys/lib/Utils/noise-handler.js:197:13)
    at async WebSocketClient.onMessageReceived (file:///C:/Users/shadr.JARVIS/Desktop/DotVV/node_modules/@whiskeysockets/baileys/lib/Socket/socket.js:442:9)
[2026-09-03T10:04:51.394Z] INFO lastDisconnect.error full: Error: Connection Failure
    at WebSocketClient.<anonymous> (file:///C:/Users/shadr.JARVIS/Desktop/DotVV/node_modules/@whiskeysockets/baileys/lib/Socket/socket.js:800:18)
    at WebSocketClient.emit (node:events:509:28)
    at file:///C:/Users/shadr.JARVIS/Desktop/DotVV/node_modules/@whiskeysockets/baileys/lib/Socket/socket.js:465:35
    at processData (file:///C:/Users/shadr.JARVIS/Desktop/DotVV/node_modules/@whiskeysockets/baileys/lib/Utils/noise-handler.js:126:13)
    at process.processTicksAndRejections (node:internal/process/task_queues:104:5)
    at async Object.decodeFrame (file:///C:/Users/shadr.JARVIS/Desktop/DotVV/node_modules/@whiskeysockets/baileys/lib/Utils/noise-handler.js:197:13)
    at async WebSocketClient.onMessageReceived (file:///C:/Users/shadr.JARVIS/Desktop/DotVV/node_modules/@whiskeysockets/baileys/lib/Socket/socket.js:442:9) {
  data: { reason: '401', location: 'vll' },
  isBoom: true,
  isServer: false,
  output: {
    statusCode: 401,
    payload: {
      statusCode: 401,
      error: 'Unauthorized',
      message: 'Connection Failure'
    },
    headers: {}
  }
}
[2026-09-03T10:04:51.395Z] INFO lastDisconnect.error.output.payload: {
  statusCode: 401,
  error: 'Unauthorized',
  message: 'Connection Failure'
}
[2026-09-03T10:04:51.395Z] INFO reconnecting in 8924ms (attempt 3/5)
[2026-09-03T10:05:00.844Z] INFO P3TROHOLIC bot started. Scan QR in terminal to authenticate.
[2026-09-03T10:05:00.844Z] INFO connection update full: {
  connection: 'connecting',
  receivedPendingNotifications: false,
  qr: undefined
}
[2026-09-03T10:05:00.844Z] INFO connection update: connecting
[2026-09-03T10:05:03.908Z] INFO ================ PAIRING CODE: R3NK6EYV ================
[2026-09-03T10:05:03.908Z] INFO WhatsApp: Settings > Linked devices > Link a device > Link with phone number.
[2026-09-03T10:05:05.768Z] INFO connection update full: {
  connection: 'close',
  lastDisconnect: {
    error: Error: Connection Failure
        at WebSocketClient.<anonymous> (file:///C:/Users/shadr.JARVIS/Desktop/DotVV/node_modules/@whiskeysockets/baileys/lib/Socket/socket.js:800:18)
        at WebSocketClient.emit (node:events:509:28)
        at file:///C:/Users/shadr.JARVIS/Desktop/DotVV/node_modules/@whiskeysockets/baileys/lib/Socket/socket.js:465:35
        at processData (file:///C:/Users/shadr.JARVIS/Desktop/DotVV/node_modules/@whiskeysockets/baileys/lib/Utils/noise-handler.js:126:13)
        at process.processTicksAndRejections (node:internal/process/task_queues:104:5)
        at async Object.decodeFrame (file:///C:/Users/shadr.JARVIS/Desktop/DotVV/node_modules/@whiskeysockets/baileys/lib/Utils/noise-handler.js:197:13)
        at async WebSocketClient.onMessageReceived (file:///C:/Users/shadr.JARVIS/Desktop/DotVV/node_modules/@whiskeysockets/baileys/lib/Socket/socket.js:442:9) {
      data: { reason: '401', location: 'vll' },
      isBoom: true,
      isServer: false,
      output: {
        statusCode: 401,
        payload: {
          statusCode: 401,
          error: 'Unauthorized',
          message: 'Connection Failure'
        },
        headers: {}
      }
    },
    date: 2026-09-03T10:05:05.768Z
  }
}
[2026-09-03T10:05:05.768Z] INFO connection update: close
[2026-09-03T10:05:05.769Z] INFO connection closed Error: Connection Failure
    at WebSocketClient.<anonymous> (file:///C:/Users/shadr.JARVIS/Desktop/DotVV/node_modules/@whiskeysockets/baileys/lib/Socket/socket.js:800:18)
    at WebSocketClient.emit (node:events:509:28)
    at file:///C:/Users/shadr.JARVIS/Desktop/DotVV/node_modules/@whiskeysockets/baileys/lib/Socket/socket.js:465:35
    at processData (file:///C:/Users/shadr.JARVIS/Desktop/DotVV/node_modules/@whiskeysockets/baileys/lib/Utils/noise-handler.js:126:13)
    at process.processTicksAndRejections (node:internal/process/task_queues:104:5)
    at async Object.decodeFrame (file:///C:/Users/shadr.JARVIS/Desktop/DotVV/node_modules/@whiskeysockets/baileys/lib/Utils/noise-handler.js:197:13)
    at async WebSocketClient.onMessageReceived (file:///C:/Users/shadr.JARVIS/Desktop/DotVV/node_modules/@whiskeysockets/baileys/lib/Socket/socket.js:442:9)
[2026-09-03T10:05:05.769Z] INFO lastDisconnect.error full: Error: Connection Failure
    at WebSocketClient.<anonymous> (file:///C:/Users/shadr.JARVIS/Desktop/DotVV/node_modules/@whiskeysockets/baileys/lib/Socket/socket.js:800:18)
    at WebSocketClient.emit (node:events:509:28)
    at file:///C:/Users/shadr.JARVIS/Desktop/DotVV/node_modules/@whiskeysockets/baileys/lib/Socket/socket.js:465:35
    at processData (file:///C:/Users/shadr.JARVIS/Desktop/DotVV/node_modules/@whiskeysockets/baileys/lib/Utils/noise-handler.js:126:13)
    at process.processTicksAndRejections (node:internal/process/task_queues:104:5)
    at async Object.decodeFrame (file:///C:/Users/shadr.JARVIS/Desktop/DotVV/node_modules/@whiskeysockets/baileys/lib/Utils/noise-handler.js:197:13)
    at async WebSocketClient.onMessageReceived (file:///C:/Users/shadr.JARVIS/Desktop/DotVV/node_modules/@whiskeysockets/baileys/lib/Socket/socket.js:442:9) {
  data: { reason: '401', location: 'vll' },
  isBoom: true,
  isServer: false,
  output: {
    statusCode: 401,
    payload: {
      statusCode: 401,
      error: 'Unauthorized',
      message: 'Connection Failure'
    },
    headers: {}
  }
}
[2026-09-03T10:05:05.769Z] INFO lastDisconnect.error.output.payload: {
  statusCode: 401,
  error: 'Unauthorized',
  message: 'Connection Failure'
}
[2026-09-03T10:05:05.769Z] INFO reconnecting in 16786ms (attempt 4/5)
[2026-09-03T10:05:23.081Z] INFO P3TROHOLIC bot started. Scan QR in terminal to authenticate.
[2026-09-03T10:05:23.082Z] INFO connection update full: {
  connection: 'connecting',
  receivedPendingNotifications: false,
  qr: undefined
}
[2026-09-03T10:05:23.082Z] INFO connection update: connecting
[2026-09-03T10:05:24.610Z] INFO connection update full: {
  connection: 'close',
  lastDisconnect: {
    error: Error: Connection Failure
        at WebSocketClient.<anonymous> (file:///C:/Users/shadr.JARVIS/Desktop/DotVV/node_modules/@whiskeysockets/baileys/lib/Socket/socket.js:800:18)
        at WebSocketClient.emit (node:events:509:28)
        at file:///C:/Users/shadr.JARVIS/Desktop/DotVV/node_modules/@whiskeysockets/baileys/lib/Socket/socket.js:465:35
        at processData (file:///C:/Users/shadr.JARVIS/Desktop/DotVV/node_modules/@whiskeysockets/baileys/lib/Utils/noise-handler.js:126:13)
        at process.processTicksAndRejections (node:internal/process/task_queues:104:5)
        at async Object.decodeFrame (file:///C:/Users/shadr.JARVIS/Desktop/DotVV/node_modules/@whiskeysockets/baileys/lib/Utils/noise-handler.js:197:13)
        at async WebSocketClient.onMessageReceived (file:///C:/Users/shadr.JARVIS/Desktop/DotVV/node_modules/@whiskeysockets/baileys/lib/Socket/socket.js:442:9) {
      data: { reason: '401', location: 'cln' },
      isBoom: true,
      isServer: false,
      output: {
        statusCode: 401,
        payload: {
          statusCode: 401,
          error: 'Unauthorized',
          message: 'Connection Failure'
        },
        headers: {}
      }
    },
    date: 2026-09-03T10:05:24.610Z
  }
}
[2026-09-03T10:05:24.610Z] INFO connection update: close
[2026-09-03T10:05:24.611Z] INFO connection closed Error: Connection Failure
    at WebSocketClient.<anonymous> (file:///C:/Users/shadr.JARVIS/Desktop/DotVV/node_modules/@whiskeysockets/baileys/lib/Socket/socket.js:800:18)
    at WebSocketClient.emit (node:events:509:28)
    at file:///C:/Users/shadr.JARVIS/Desktop/DotVV/node_modules/@whiskeysockets/baileys/lib/Socket/socket.js:465:35
    at processData (file:///C:/Users/shadr.JARVIS/Desktop/DotVV/node_modules/@whiskeysockets/baileys/lib/Utils/noise-handler.js:126:13)
    at process.processTicksAndRejections (node:internal/process/task_queues:104:5)
    at async Object.decodeFrame (file:///C:/Users/shadr.JARVIS/Desktop/DotVV/node_modules/@whiskeysockets/baileys/lib/Utils/noise-handler.js:197:13)
    at async WebSocketClient.onMessageReceived (file:///C:/Users/shadr.JARVIS/Desktop/DotVV/node_modules/@whiskeysockets/baileys/lib/Socket/socket.js:442:9)
[2026-09-03T10:05:24.611Z] INFO lastDisconnect.error full: Error: Connection Failure
    at WebSocketClient.<anonymous> (file:///C:/Users/shadr.JARVIS/Desktop/DotVV/node_modules/@whiskeysockets/baileys/lib/Socket/socket.js:800:18)
    at WebSocketClient.emit (node:events:509:28)
    at file:///C:/Users/shadr.JARVIS/Desktop/DotVV/node_modules/@whiskeysockets/baileys/lib/Socket/socket.js:465:35
    at processData (file:///C:/Users/shadr.JARVIS/Desktop/DotVV/node_modules/@whiskeysockets/baileys/lib/Utils/noise-handler.js:126:13)
    at process.processTicksAndRejections (node:internal/process/task_queues:104:5)
    at async Object.decodeFrame (file:///C:/Users/shadr.JARVIS/Desktop/DotVV/node_modules/@whiskeysockets/baileys/lib/Utils/noise-handler.js:197:13)
    at async WebSocketClient.onMessageReceived (file:///C:/Users/shadr.JARVIS/Desktop/DotVV/node_modules/@whiskeysockets/baileys/lib/Socket/socket.js:442:9) {
  data: { reason: '401', location: 'cln' },
  isBoom: true,
  isServer: false,
  output: {
    statusCode: 401,
    payload: {
      statusCode: 401,
      error: 'Unauthorized',
      message: 'Connection Failure'
    },
    headers: {}
  }
}
[2026-09-03T10:05:24.611Z] INFO lastDisconnect.error.output.payload: {
  statusCode: 401,
  error: 'Unauthorized',
  message: 'Connection Failure'
}
[2026-09-03T10:05:24.611Z] INFO reconnecting in 30510ms (attempt 5/5)
[2026-09-03T10:05:26.155Z] ERROR Failed to request WhatsApp pairing code: Error: Connection Closed
    at sendRawMessage (file:///C:/Users/shadr.JARVIS/Desktop/DotVV/node_modules/@whiskeysockets/baileys/lib/Socket/socket.js:60:19)
    at sendNode (file:///C:/Users/shadr.JARVIS/Desktop/DotVV/node_modules/@whiskeysockets/baileys/lib/Socket/socket.js:79:16)
    at Object.requestPairingCode (file:///C:/Users/shadr.JARVIS/Desktop/DotVV/node_modules/@whiskeysockets/baileys/lib/Socket/socket.js:607:15)
    at async Timeout._onTimeout (C:\Users\shadr.JARVIS\Desktop\DotVV\index.js:96:29)
[2026-09-03T10:05:55.664Z] INFO P3TROHOLIC bot started. Scan QR in terminal to authenticate.
[2026-09-03T10:05:55.664Z] INFO connection update full: {
  connection: 'connecting',
  receivedPendingNotifications: false,
  qr: undefined
}
[2026-09-03T10:05:55.664Z] INFO connection update: connecting
[2026-09-03T10:05:58.735Z] INFO ================ PAIRING CODE: DR2FQJ8F ================
[2026-09-03T10:05:58.735Z] INFO WhatsApp: Settings > Linked devices > Link a device > Link with phone number.
[2026-09-03T10:05:59.134Z] INFO connection update full: {
  connection: 'close',
  lastDisconnect: {
    error: Error: Connection Failure
        at WebSocketClient.<anonymous> (file:///C:/Users/shadr.JARVIS/Desktop/DotVV/node_modules/@whiskeysockets/baileys/lib/Socket/socket.js:800:18)
        at WebSocketClient.emit (node:events:509:28)
        at file:///C:/Users/shadr.JARVIS/Desktop/DotVV/node_modules/@whiskeysockets/baileys/lib/Socket/socket.js:465:35
        at processData (file:///C:/Users/shadr.JARVIS/Desktop/DotVV/node_modules/@whiskeysockets/baileys/lib/Utils/noise-handler.js:126:13)
        at process.processTicksAndRejections (node:internal/process/task_queues:104:5)
        at async Object.decodeFrame (file:///C:/Users/shadr.JARVIS/Desktop/DotVV/node_modules/@whiskeysockets/baileys/lib/Utils/noise-handler.js:197:13)
        at async WebSocketClient.onMessageReceived (file:///C:/Users/shadr.JARVIS/Desktop/DotVV/node_modules/@whiskeysockets/baileys/lib/Socket/socket.js:442:9) {
      data: { reason: '401', location: 'frc' },
      isBoom: true,
      isServer: false,
      output: {
        statusCode: 401,
        payload: {
          statusCode: 401,
          error: 'Unauthorized',
          message: 'Connection Failure'
        },
        headers: {}
      }
    },
    date: 2026-09-03T10:05:59.134Z
  }
}
[2026-09-03T10:05:59.134Z] INFO connection update: close
[2026-09-03T10:05:59.134Z] INFO connection closed Error: Connection Failure
    at WebSocketClient.<anonymous> (file:///C:/Users/shadr.JARVIS/Desktop/DotVV/node_modules/@whiskeysockets/baileys/lib/Socket/socket.js:800:18)
    at WebSocketClient.emit (node:events:509:28)
    at file:///C:/Users/shadr.JARVIS/Desktop/DotVV/node_modules/@whiskeysockets/baileys/lib/Socket/socket.js:465:35
    at processData (file:///C:/Users/shadr.JARVIS/Desktop/DotVV/node_modules/@whiskeysockets/baileys/lib/Utils/noise-handler.js:126:13)
    at process.processTicksAndRejections (node:internal/process/task_queues:104:5)
    at async Object.decodeFrame (file:///C:/Users/shadr.JARVIS/Desktop/DotVV/node_modules/@whiskeysockets/baileys/lib/Utils/noise-handler.js:197:13)
    at async WebSocketClient.onMessageReceived (file:///C:/Users/shadr.JARVIS/Desktop/DotVV/node_modules/@whiskeysockets/baileys/lib/Socket/socket.js:442:9)
[2026-09-03T10:05:59.135Z] INFO lastDisconnect.error full: Error: Connection Failure
    at WebSocketClient.<anonymous> (file:///C:/Users/shadr.JARVIS/Desktop/DotVV/node_modules/@whiskeysockets/baileys/lib/Socket/socket.js:800:18)
    at WebSocketClient.emit (node:events:509:28)
    at file:///C:/Users/shadr.JARVIS/Desktop/DotVV/node_modules/@whiskeysockets/baileys/lib/Socket/socket.js:465:35
    at processData (file:///C:/Users/shadr.JARVIS/Desktop/DotVV/node_modules/@whiskeysockets/baileys/lib/Utils/noise-handler.js:126:13)
    at process.processTicksAndRejections (node:internal/process/task_queues:104:5)
    at async Object.decodeFrame (file:///C:/Users/shadr.JARVIS/Desktop/DotVV/node_modules/@whiskeysockets/baileys/lib/Utils/noise-handler.js:197:13)
    at async WebSocketClient.onMessageReceived (file:///C:/Users/shadr.JARVIS/Desktop/DotVV/node_modules/@whiskeysockets/baileys/lib/Socket/socket.js:442:9) {
  data: { reason: '401', location: 'frc' },
  isBoom: true,
  isServer: false,
  output: {
    statusCode: 401,
    payload: {
      statusCode: 401,
      error: 'Unauthorized',
      message: 'Connection Failure'
    },
    headers: {}
  }
}
[2026-09-03T10:05:59.135Z] INFO lastDisconnect.error.output.payload: {
  statusCode: 401,
  error: 'Unauthorized',
  message: 'Connection Failure'
}
[2026-09-03T10:05:59.135Z] INFO Max reconnect attempts reached — give up. Check network or try again later.
[2026-09-03T10:11:15.065Z] INFO Webserver listening on port 3000
[2026-09-03T10:11:15.790Z] INFO P3TROHOLIC bot started. Scan QR in terminal to authenticate.
[2026-09-03T10:11:15.793Z] INFO connection update full: {
  connection: 'connecting',
  receivedPendingNotifications: false,
  qr: undefined
}
[2026-09-03T10:11:15.793Z] INFO connection update: connecting
[2026-09-03T10:11:17.221Z] INFO connection update full: {
  connection: 'close',
  lastDisconnect: {
    error: Error: Connection Failure
        at WebSocketClient.<anonymous> (file:///C:/Users/shadr.JARVIS/Desktop/DotVV/node_modules/@whiskeysockets/baileys/lib/Socket/socket.js:800:18)
        at WebSocketClient.emit (node:events:509:28)
        at file:///C:/Users/shadr.JARVIS/Desktop/DotVV/node_modules/@whiskeysockets/baileys/lib/Socket/socket.js:465:35
        at processData (file:///C:/Users/shadr.JARVIS/Desktop/DotVV/node_modules/@whiskeysockets/baileys/lib/Utils/noise-handler.js:126:13)
        at process.processTicksAndRejections (node:internal/process/task_queues:104:5)
        at async Object.decodeFrame (file:///C:/Users/shadr.JARVIS/Desktop/DotVV/node_modules/@whiskeysockets/baileys/lib/Utils/noise-handler.js:197:13)
        at async WebSocketClient.onMessageReceived (file:///C:/Users/shadr.JARVIS/Desktop/DotVV/node_modules/@whiskeysockets/baileys/lib/Socket/socket.js:442:9) {
      data: { reason: '401', location: 'atn' },
      isBoom: true,
      isServer: false,
      output: {
        statusCode: 401,
        payload: {
          statusCode: 401,
          error: 'Unauthorized',
          message: 'Connection Failure'
        },
        headers: {}
      }
    },
    date: 2026-09-03T10:11:17.220Z
  }
}
[2026-09-03T10:11:17.221Z] INFO connection update: close
[2026-09-03T10:11:17.221Z] INFO connection closed Error: Connection Failure
    at WebSocketClient.<anonymous> (file:///C:/Users/shadr.JARVIS/Desktop/DotVV/node_modules/@whiskeysockets/baileys/lib/Socket/socket.js:800:18)
    at WebSocketClient.emit (node:events:509:28)
    at file:///C:/Users/shadr.JARVIS/Desktop/DotVV/node_modules/@whiskeysockets/baileys/lib/Socket/socket.js:465:35
    at processData (file:///C:/Users/shadr.JARVIS/Desktop/DotVV/node_modules/@whiskeysockets/baileys/lib/Utils/noise-handler.js:126:13)
    at process.processTicksAndRejections (node:internal/process/task_queues:104:5)
    at async Object.decodeFrame (file:///C:/Users/shadr.JARVIS/Desktop/DotVV/node_modules/@whiskeysockets/baileys/lib/Utils/noise-handler.js:197:13)
    at async WebSocketClient.onMessageReceived (file:///C:/Users/shadr.JARVIS/Desktop/DotVV/node_modules/@whiskeysockets/baileys/lib/Socket/socket.js:442:9)
[2026-09-03T10:11:17.222Z] INFO lastDisconnect.error full: Error: Connection Failure
    at WebSocketClient.<anonymous> (file:///C:/Users/shadr.JARVIS/Desktop/DotVV/node_modules/@whiskeysockets/baileys/lib/Socket/socket.js:800:18)
    at WebSocketClient.emit (node:events:509:28)
    at file:///C:/Users/shadr.JARVIS/Desktop/DotVV/node_modules/@whiskeysockets/baileys/lib/Socket/socket.js:465:35
    at processData (file:///C:/Users/shadr.JARVIS/Desktop/DotVV/node_modules/@whiskeysockets/baileys/lib/Utils/noise-handler.js:126:13)
    at process.processTicksAndRejections (node:internal/process/task_queues:104:5)
    at async Object.decodeFrame (file:///C:/Users/shadr.JARVIS/Desktop/DotVV/node_modules/@whiskeysockets/baileys/lib/Utils/noise-handler.js:197:13)
    at async WebSocketClient.onMessageReceived (file:///C:/Users/shadr.JARVIS/Desktop/DotVV/node_modules/@whiskeysockets/baileys/lib/Socket/socket.js:442:9) {
  data: { reason: '401', location: 'atn' },
  isBoom: true,
  isServer: false,
  output: {
    statusCode: 401,
    payload: {
      statusCode: 401,
      error: 'Unauthorized',
      message: 'Connection Failure'
    },
    headers: {}
  }
}
[2026-09-03T10:11:17.222Z] INFO lastDisconnect.error.output.payload: {
  statusCode: 401,
  error: 'Unauthorized',
  message: 'Connection Failure'
}
[2026-09-03T10:11:17.222Z] INFO reconnecting in 2519ms (attempt 1/5)
[2026-09-03T10:11:18.842Z] ERROR Failed to request WhatsApp pairing code: Error: Connection Closed
    at sendRawMessage (file:///C:/Users/shadr.JARVIS/Desktop/DotVV/node_modules/@whiskeysockets/baileys/lib/Socket/socket.js:60:19)
    at sendNode (file:///C:/Users/shadr.JARVIS/Desktop/DotVV/node_modules/@whiskeysockets/baileys/lib/Socket/socket.js:79:16)
    at Object.requestPairingCode (file:///C:/Users/shadr.JARVIS/Desktop/DotVV/node_modules/@whiskeysockets/baileys/lib/Socket/socket.js:607:15)
    at async Timeout._onTimeout (C:\Users\shadr.JARVIS\Desktop\DotVV\index.js:96:29)
[2026-09-03T10:11:20.388Z] INFO P3TROHOLIC bot started. Scan QR in terminal to authenticate.
[2026-09-03T10:11:20.388Z] INFO connection update full: {
  connection: 'connecting',
  receivedPendingNotifications: false,
  qr: undefined
}
[2026-09-03T10:11:20.389Z] INFO connection update: connecting
[2026-09-03T10:11:23.459Z] INFO ================ PAIRING CODE: 4BJKCZWE ================
[2026-09-03T10:11:23.459Z] INFO WhatsApp: Settings > Linked devices > Link a device > Link with phone number.
[2026-09-03T10:11:23.928Z] INFO connection update full: {
  connection: 'close',
  lastDisconnect: {
    error: Error: Connection Failure
        at WebSocketClient.<anonymous> (file:///C:/Users/shadr.JARVIS/Desktop/DotVV/node_modules/@whiskeysockets/baileys/lib/Socket/socket.js:800:18)
        at WebSocketClient.emit (node:events:509:28)
        at file:///C:/Users/shadr.JARVIS/Desktop/DotVV/node_modules/@whiskeysockets/baileys/lib/Socket/socket.js:465:35
        at processData (file:///C:/Users/shadr.JARVIS/Desktop/DotVV/node_modules/@whiskeysockets/baileys/lib/Utils/noise-handler.js:126:13)
        at process.processTicksAndRejections (node:internal/process/task_queues:104:5)
        at async Object.decodeFrame (file:///C:/Users/shadr.JARVIS/Desktop/DotVV/node_modules/@whiskeysockets/baileys/lib/Utils/noise-handler.js:197:13)
        at async WebSocketClient.onMessageReceived (file:///C:/Users/shadr.JARVIS/Desktop/DotVV/node_modules/@whiskeysockets/baileys/lib/Socket/socket.js:442:9) {
      data: { reason: '401', location: 'odn' },
      isBoom: true,
      isServer: false,
      output: {
        statusCode: 401,
        payload: {
          statusCode: 401,
          error: 'Unauthorized',
          message: 'Connection Failure'
        },
        headers: {}
      }
    },
    date: 2026-09-03T10:11:23.928Z
  }
}
[2026-09-03T10:11:23.929Z] INFO connection update: close
[2026-09-03T10:11:23.929Z] INFO connection closed Error: Connection Failure
    at WebSocketClient.<anonymous> (file:///C:/Users/shadr.JARVIS/Desktop/DotVV/node_modules/@whiskeysockets/baileys/lib/Socket/socket.js:800:18)
    at WebSocketClient.emit (node:events:509:28)
    at file:///C:/Users/shadr.JARVIS/Desktop/DotVV/node_modules/@whiskeysockets/baileys/lib/Socket/socket.js:465:35
    at processData (file:///C:/Users/shadr.JARVIS/Desktop/DotVV/node_modules/@whiskeysockets/baileys/lib/Utils/noise-handler.js:126:13)
    at process.processTicksAndRejections (node:internal/process/task_queues:104:5)
    at async Object.decodeFrame (file:///C:/Users/shadr.JARVIS/Desktop/DotVV/node_modules/@whiskeysockets/baileys/lib/Utils/noise-handler.js:197:13)
    at async WebSocketClient.onMessageReceived (file:///C:/Users/shadr.JARVIS/Desktop/DotVV/node_modules/@whiskeysockets/baileys/lib/Socket/socket.js:442:9)
[2026-09-03T10:11:23.929Z] INFO lastDisconnect.error full: Error: Connection Failure
    at WebSocketClient.<anonymous> (file:///C:/Users/shadr.JARVIS/Desktop/DotVV/node_modules/@whiskeysockets/baileys/lib/Socket/socket.js:800:18)
    at WebSocketClient.emit (node:events:509:28)
    at file:///C:/Users/shadr.JARVIS/Desktop/DotVV/node_modules/@whiskeysockets/baileys/lib/Socket/socket.js:465:35
    at processData (file:///C:/Users/shadr.JARVIS/Desktop/DotVV/node_modules/@whiskeysockets/baileys/lib/Utils/noise-handler.js:126:13)
    at process.processTicksAndRejections (node:internal/process/task_queues:104:5)
    at async Object.decodeFrame (file:///C:/Users/shadr.JARVIS/Desktop/DotVV/node_modules/@whiskeysockets/baileys/lib/Utils/noise-handler.js:197:13)
    at async WebSocketClient.onMessageReceived (file:///C:/Users/shadr.JARVIS/Desktop/DotVV/node_modules/@whiskeysockets/baileys/lib/Socket/socket.js:442:9) {
  data: { reason: '401', location: 'odn' },
  isBoom: true,
  isServer: false,
  output: {
    statusCode: 401,
    payload: {
      statusCode: 401,
      error: 'Unauthorized',
      message: 'Connection Failure'
    },
    headers: {}
  }
}
[2026-09-03T10:11:23.929Z] INFO lastDisconnect.error.output.payload: {
  statusCode: 401,
  error: 'Unauthorized',
  message: 'Connection Failure'
}
[2026-09-03T10:11:23.930Z] INFO reconnecting in 4901ms (attempt 2/5)
[2026-09-03T10:11:29.361Z] INFO P3TROHOLIC bot started. Scan QR in terminal to authenticate.
[2026-09-03T10:11:29.363Z] INFO connection update full: {
  connection: 'connecting',
  receivedPendingNotifications: false,
  qr: undefined
}
[2026-09-03T10:11:29.363Z] INFO connection update: connecting
[2026-09-03T10:11:31.136Z] INFO connection update full: {
  connection: 'close',
  lastDisconnect: {
    error: Error: Connection Failure
        at WebSocketClient.<anonymous> (file:///C:/Users/shadr.JARVIS/Desktop/DotVV/node_modules/@whiskeysockets/baileys/lib/Socket/socket.js:800:18)
        at WebSocketClient.emit (node:events:509:28)
        at file:///C:/Users/shadr.JARVIS/Desktop/DotVV/node_modules/@whiskeysockets/baileys/lib/Socket/socket.js:465:35
        at processData (file:///C:/Users/shadr.JARVIS/Desktop/DotVV/node_modules/@whiskeysockets/baileys/lib/Utils/noise-handler.js:126:13)
        at process.processTicksAndRejections (node:internal/process/task_queues:104:5)
        at async Object.decodeFrame (file:///C:/Users/shadr.JARVIS/Desktop/DotVV/node_modules/@whiskeysockets/baileys/lib/Utils/noise-handler.js:197:13)
        at async WebSocketClient.onMessageReceived (file:///C:/Users/shadr.JARVIS/Desktop/DotVV/node_modules/@whiskeysockets/baileys/lib/Socket/socket.js:442:9) {
      data: { reason: '401', location: 'rva' },
      isBoom: true,
      isServer: false,
      output: {
        statusCode: 401,
        payload: {
          statusCode: 401,
          error: 'Unauthorized',
          message: 'Connection Failure'
        },
        headers: {}
      }
    },
    date: 2026-09-03T10:11:31.135Z
  }
}
[2026-09-03T10:11:31.136Z] INFO connection update: close
[2026-09-03T10:11:31.136Z] INFO connection closed Error: Connection Failure
    at WebSocketClient.<anonymous> (file:///C:/Users/shadr.JARVIS/Desktop/DotVV/node_modules/@whiskeysockets/baileys/lib/Socket/socket.js:800:18)
    at WebSocketClient.emit (node:events:509:28)
    at file:///C:/Users/shadr.JARVIS/Desktop/DotVV/node_modules/@whiskeysockets/baileys/lib/Socket/socket.js:465:35
    at processData (file:///C:/Users/shadr.JARVIS/Desktop/DotVV/node_modules/@whiskeysockets/baileys/lib/Utils/noise-handler.js:126:13)
    at process.processTicksAndRejections (node:internal/process/task_queues:104:5)
    at async Object.decodeFrame (file:///C:/Users/shadr.JARVIS/Desktop/DotVV/node_modules/@whiskeysockets/baileys/lib/Utils/noise-handler.js:197:13)
    at async WebSocketClient.onMessageReceived (file:///C:/Users/shadr.JARVIS/Desktop/DotVV/node_modules/@whiskeysockets/baileys/lib/Socket/socket.js:442:9)
[2026-09-03T10:11:31.136Z] INFO lastDisconnect.error full: Error: Connection Failure
    at WebSocketClient.<anonymous> (file:///C:/Users/shadr.JARVIS/Desktop/DotVV/node_modules/@whiskeysockets/baileys/lib/Socket/socket.js:800:18)
    at WebSocketClient.emit (node:events:509:28)
    at file:///C:/Users/shadr.JARVIS/Desktop/DotVV/node_modules/@whiskeysockets/baileys/lib/Socket/socket.js:465:35
    at processData (file:///C:/Users/shadr.JARVIS/Desktop/DotVV/node_modules/@whiskeysockets/baileys/lib/Utils/noise-handler.js:126:13)
    at process.processTicksAndRejections (node:internal/process/task_queues:104:5)
    at async Object.decodeFrame (file:///C:/Users/shadr.JARVIS/Desktop/DotVV/node_modules/@whiskeysockets/baileys/lib/Utils/noise-handler.js:197:13)
    at async WebSocketClient.onMessageReceived (file:///C:/Users/shadr.JARVIS/Desktop/DotVV/node_modules/@whiskeysockets/baileys/lib/Socket/socket.js:442:9) {
  data: { reason: '401', location: 'rva' },
  isBoom: true,
  isServer: false,
  output: {
    statusCode: 401,
    payload: {
      statusCode: 401,
      error: 'Unauthorized',
      message: 'Connection Failure'
    },
    headers: {}
  }
}
[2026-09-03T10:11:31.136Z] INFO lastDisconnect.error.output.payload: {
  statusCode: 401,
  error: 'Unauthorized',
  message: 'Connection Failure'
}
[2026-09-03T10:11:31.137Z] INFO reconnecting in 8714ms (attempt 3/5)
[2026-09-03T10:11:32.436Z] ERROR Failed to request WhatsApp pairing code: Error: Connection Closed
    at sendRawMessage (file:///C:/Users/shadr.JARVIS/Desktop/DotVV/node_modules/@whiskeysockets/baileys/lib/Socket/socket.js:60:19)
    at sendNode (file:///C:/Users/shadr.JARVIS/Desktop/DotVV/node_modules/@whiskeysockets/baileys/lib/Socket/socket.js:79:16)
    at Object.requestPairingCode (file:///C:/Users/shadr.JARVIS/Desktop/DotVV/node_modules/@whiskeysockets/baileys/lib/Socket/socket.js:607:15)
    at async Timeout._onTimeout (C:\Users\shadr.JARVIS\Desktop\DotVV\index.js:96:29)
[2026-09-03T10:11:40.543Z] INFO P3TROHOLIC bot started. Scan QR in terminal to authenticate.
[2026-09-03T10:11:40.544Z] INFO connection update full: {
  connection: 'connecting',
  receivedPendingNotifications: false,
  qr: undefined
}
[2026-09-03T10:11:40.544Z] INFO connection update: connecting
[2026-09-03T10:11:42.966Z] INFO connection update full: {
  connection: 'close',
  lastDisconnect: {
    error: Error: Connection Failure
        at WebSocketClient.<anonymous> (file:///C:/Users/shadr.JARVIS/Desktop/DotVV/node_modules/@whiskeysockets/baileys/lib/Socket/socket.js:800:18)
        at WebSocketClient.emit (node:events:509:28)
        at file:///C:/Users/shadr.JARVIS/Desktop/DotVV/node_modules/@whiskeysockets/baileys/lib/Socket/socket.js:465:35
        at processData (file:///C:/Users/shadr.JARVIS/Desktop/DotVV/node_modules/@whiskeysockets/baileys/lib/Utils/noise-handler.js:126:13)
        at process.processTicksAndRejections (node:internal/process/task_queues:104:5)
        at async Object.decodeFrame (file:///C:/Users/shadr.JARVIS/Desktop/DotVV/node_modules/@whiskeysockets/baileys/lib/Utils/noise-handler.js:197:13)
        at async WebSocketClient.onMessageReceived (file:///C:/Users/shadr.JARVIS/Desktop/DotVV/node_modules/@whiskeysockets/baileys/lib/Socket/socket.js:442:9) {
      data: { reason: '401', location: 'vll' },
      isBoom: true,
      isServer: false,
      output: {
        statusCode: 401,
        payload: {
          statusCode: 401,
          error: 'Unauthorized',
          message: 'Connection Failure'
        },
        headers: {}
      }
    },
    date: 2026-09-03T10:11:42.966Z
  }
}
[2026-09-03T10:11:42.967Z] INFO connection update: close
[2026-09-03T10:11:42.967Z] INFO connection closed Error: Connection Failure
    at WebSocketClient.<anonymous> (file:///C:/Users/shadr.JARVIS/Desktop/DotVV/node_modules/@whiskeysockets/baileys/lib/Socket/socket.js:800:18)
    at WebSocketClient.emit (node:events:509:28)
    at file:///C:/Users/shadr.JARVIS/Desktop/DotVV/node_modules/@whiskeysockets/baileys/lib/Socket/socket.js:465:35
    at processData (file:///C:/Users/shadr.JARVIS/Desktop/DotVV/node_modules/@whiskeysockets/baileys/lib/Utils/noise-handler.js:126:13)
    at process.processTicksAndRejections (node:internal/process/task_queues:104:5)
    at async Object.decodeFrame (file:///C:/Users/shadr.JARVIS/Desktop/DotVV/node_modules/@whiskeysockets/baileys/lib/Utils/noise-handler.js:197:13)
    at async WebSocketClient.onMessageReceived (file:///C:/Users/shadr.JARVIS/Desktop/DotVV/node_modules/@whiskeysockets/baileys/lib/Socket/socket.js:442:9)
[2026-09-03T10:11:42.967Z] INFO lastDisconnect.error full: Error: Connection Failure
    at WebSocketClient.<anonymous> (file:///C:/Users/shadr.JARVIS/Desktop/DotVV/node_modules/@whiskeysockets/baileys/lib/Socket/socket.js:800:18)
    at WebSocketClient.emit (node:events:509:28)
    at file:///C:/Users/shadr.JARVIS/Desktop/DotVV/node_modules/@whiskeysockets/baileys/lib/Socket/socket.js:465:35
    at processData (file:///C:/Users/shadr.JARVIS/Desktop/DotVV/node_modules/@whiskeysockets/baileys/lib/Utils/noise-handler.js:126:13)
    at process.processTicksAndRejections (node:internal/process/task_queues:104:5)
    at async Object.decodeFrame (file:///C:/Users/shadr.JARVIS/Desktop/DotVV/node_modules/@whiskeysockets/baileys/lib/Utils/noise-handler.js:197:13)
    at async WebSocketClient.onMessageReceived (file:///C:/Users/shadr.JARVIS/Desktop/DotVV/node_modules/@whiskeysockets/baileys/lib/Socket/socket.js:442:9) {
  data: { reason: '401', location: 'vll' },
  isBoom: true,
  isServer: false,
  output: {
    statusCode: 401,
    payload: {
      statusCode: 401,
      error: 'Unauthorized',
      message: 'Connection Failure'
    },
    headers: {}
  }
}
[2026-09-03T10:11:42.968Z] INFO lastDisconnect.error.output.payload: {
  statusCode: 401,
  error: 'Unauthorized',
  message: 'Connection Failure'
}
[2026-09-03T10:11:42.968Z] INFO reconnecting in 16395ms (attempt 4/5)
[2026-09-03T10:11:43.620Z] ERROR Failed to request WhatsApp pairing code: Error: Connection Closed
    at sendRawMessage (file:///C:/Users/shadr.JARVIS/Desktop/DotVV/node_modules/@whiskeysockets/baileys/lib/Socket/socket.js:60:19)
    at sendNode (file:///C:/Users/shadr.JARVIS/Desktop/DotVV/node_modules/@whiskeysockets/baileys/lib/Socket/socket.js:79:16)
    at Object.requestPairingCode (file:///C:/Users/shadr.JARVIS/Desktop/DotVV/node_modules/@whiskeysockets/baileys/lib/Socket/socket.js:607:15)
    at async Timeout._onTimeout (C:\Users\shadr.JARVIS\Desktop\DotVV\index.js:96:29)
[2026-09-03T10:11:59.874Z] INFO P3TROHOLIC bot started. Scan QR in terminal to authenticate.
[2026-09-03T10:11:59.874Z] INFO connection update full: {
  connection: 'connecting',
  receivedPendingNotifications: false,
  qr: undefined
}
[2026-09-03T10:11:59.875Z] INFO connection update: connecting
[2026-09-03T10:12:01.334Z] INFO connection update full: {
  connection: 'close',
  lastDisconnect: {
    error: Error: Connection Failure
        at WebSocketClient.<anonymous> (file:///C:/Users/shadr.JARVIS/Desktop/DotVV/node_modules/@whiskeysockets/baileys/lib/Socket/socket.js:800:18)
        at WebSocketClient.emit (node:events:509:28)
        at file:///C:/Users/shadr.JARVIS/Desktop/DotVV/node_modules/@whiskeysockets/baileys/lib/Socket/socket.js:465:35
        at processData (file:///C:/Users/shadr.JARVIS/Desktop/DotVV/node_modules/@whiskeysockets/baileys/lib/Utils/noise-handler.js:126:13)
        at process.processTicksAndRejections (node:internal/process/task_queues:104:5)
        at async Object.decodeFrame (file:///C:/Users/shadr.JARVIS/Desktop/DotVV/node_modules/@whiskeysockets/baileys/lib/Utils/noise-handler.js:197:13)
        at async WebSocketClient.onMessageReceived (file:///C:/Users/shadr.JARVIS/Desktop/DotVV/node_modules/@whiskeysockets/baileys/lib/Socket/socket.js:442:9) {
      data: { reason: '401', location: 'cln' },
      isBoom: true,
      isServer: false,
      output: {
        statusCode: 401,
        payload: {
          statusCode: 401,
          error: 'Unauthorized',
          message: 'Connection Failure'
        },
        headers: {}
      }
    },
    date: 2026-09-03T10:12:01.334Z
  }
}
[2026-09-03T10:12:01.335Z] INFO connection update: close
[2026-09-03T10:12:01.335Z] INFO connection closed Error: Connection Failure
    at WebSocketClient.<anonymous> (file:///C:/Users/shadr.JARVIS/Desktop/DotVV/node_modules/@whiskeysockets/baileys/lib/Socket/socket.js:800:18)
    at WebSocketClient.emit (node:events:509:28)
    at file:///C:/Users/shadr.JARVIS/Desktop/DotVV/node_modules/@whiskeysockets/baileys/lib/Socket/socket.js:465:35
    at processData (file:///C:/Users/shadr.JARVIS/Desktop/DotVV/node_modules/@whiskeysockets/baileys/lib/Utils/noise-handler.js:126:13)
    at process.processTicksAndRejections (node:internal/process/task_queues:104:5)
    at async Object.decodeFrame (file:///C:/Users/shadr.JARVIS/Desktop/DotVV/node_modules/@whiskeysockets/baileys/lib/Utils/noise-handler.js:197:13)
    at async WebSocketClient.onMessageReceived (file:///C:/Users/shadr.JARVIS/Desktop/DotVV/node_modules/@whiskeysockets/baileys/lib/Socket/socket.js:442:9)
[2026-09-03T10:12:01.335Z] INFO lastDisconnect.error full: Error: Connection Failure
    at WebSocketClient.<anonymous> (file:///C:/Users/shadr.JARVIS/Desktop/DotVV/node_modules/@whiskeysockets/baileys/lib/Socket/socket.js:800:18)
    at WebSocketClient.emit (node:events:509:28)
    at file:///C:/Users/shadr.JARVIS/Desktop/DotVV/node_modules/@whiskeysockets/baileys/lib/Socket/socket.js:465:35
    at processData (file:///C:/Users/shadr.JARVIS/Desktop/DotVV/node_modules/@whiskeysockets/baileys/lib/Utils/noise-handler.js:126:13)
    at process.processTicksAndRejections (node:internal/process/task_queues:104:5)
    at async Object.decodeFrame (file:///C:/Users/shadr.JARVIS/Desktop/DotVV/node_modules/@whiskeysockets/baileys/lib/Utils/noise-handler.js:197:13)
    at async WebSocketClient.onMessageReceived (file:///C:/Users/shadr.JARVIS/Desktop/DotVV/node_modules/@whiskeysockets/baileys/lib/Socket/socket.js:442:9) {
  data: { reason: '401', location: 'cln' },
  isBoom: true,
  isServer: false,
  output: {
    statusCode: 401,
    payload: {
      statusCode: 401,
      error: 'Unauthorized',
      message: 'Connection Failure'
    },
    headers: {}
  }
}
[2026-09-03T10:12:01.335Z] INFO lastDisconnect.error.output.payload: {
  statusCode: 401,
  error: 'Unauthorized',
  message: 'Connection Failure'
}
[2026-09-03T10:12:01.335Z] INFO reconnecting in 30910ms (attempt 5/5)
[2026-09-03T10:12:02.949Z] ERROR Failed to request WhatsApp pairing code: Error: Connection Closed
    at sendRawMessage (file:///C:/Users/shadr.JARVIS/Desktop/DotVV/node_modules/@whiskeysockets/baileys/lib/Socket/socket.js:60:19)
    at sendNode (file:///C:/Users/shadr.JARVIS/Desktop/DotVV/node_modules/@whiskeysockets/baileys/lib/Socket/socket.js:79:16)
    at Object.requestPairingCode (file:///C:/Users/shadr.JARVIS/Desktop/DotVV/node_modules/@whiskeysockets/baileys/lib/Socket/socket.js:607:15)
    at async Timeout._onTimeout (C:\Users\shadr.JARVIS\Desktop\DotVV\index.js:96:29)
[2026-09-03T10:12:53.924Z] INFO Webserver listening on port 3000
[2026-09-03T10:12:54.724Z] INFO P3TROHOLIC bot started. Scan QR in terminal to authenticate.
[2026-09-03T10:12:54.726Z] INFO connection update full: {
  connection: 'connecting',
  receivedPendingNotifications: false,
  qr: undefined
}
[2026-09-03T10:12:54.726Z] INFO connection update: connecting
[2026-09-03T10:12:55.659Z] INFO connection update full: {
  qr: 'https://wa.me/settings/linked_devices#2@PKLji1+WB+86x+O5nwaHksDvPbJEN5EVIW5wNuc53ofd65ZS6oMPw5sT8KlamSiw2obhCwotMiHku5sz2H2O7ECDn+N4iZXsRcc=,4/WeRZiypVEpEZgpSu9nmhzSLLkqG5ARP6+Xt3UtWz8=,HnkoIBVz5iaT5blBUMyI0xws/CCiMJYcFWBXzxUytFo=,Vt5gzyJTJdEm5LCMtQfYHAMjjN9Epr86w5hWaedeeiw=,1'
}
[2026-09-03T10:12:55.660Z] INFO QR code / link (scan or open with WhatsApp Linked Devices):
 https://wa.me/settings/linked_devices#2@PKLji1+WB+86x+O5nwaHksDvPbJEN5EVIW5wNuc53ofd65ZS6oMPw5sT8KlamSiw2obhCwotMiHku5sz2H2O7ECDn+N4iZXsRcc=,4/WeRZiypVEpEZgpSu9nmhzSLLkqG5ARP6+Xt3UtWz8=,HnkoIBVz5iaT5blBUMyI0xws/CCiMJYcFWBXzxUytFo=,Vt5gzyJTJdEm5LCMtQfYHAMjjN9Epr86w5hWaedeeiw=,1
[2026-09-03T10:12:55.690Z] INFO ▄▄▄▄▄▄▄▄▄▄▄▄▄▄▄▄▄▄▄▄▄▄▄▄▄▄▄▄▄▄▄▄▄▄▄▄▄▄▄▄▄▄▄▄▄▄▄▄▄▄▄▄▄▄▄▄▄▄▄▄▄▄▄
█ ▄▄▄▄▄ █▄█▄▀▄▀▀█ █▄▄█▀██▄▄█▀▀█▀█ ▀▀▄ ▄██▄  ▄▄█▀█▀▄█  █ ▄▄▄▄▄ █
█ █   █ █ █▀█▀▀█ █▀ ███▄▀▀▀██ ▄▀▄▄█▄▀▀  ▀▄▄▀ █▄█▄   ▄ █ █   █ █
█ █▄▄▄█ █▄▀▀▀▄██▄▀█▄▄▄  ███▀█ ▄▄▄ ▀▀▄▄▄ ▄▀█▀▀  ▀▄▀  ▄██ █▄▄▄█ █
█▄▄▄▄▄▄▄█▄█ █ ▀ ▀▄█▄▀ ▀ ▀ █▄▀ █▄█ ▀ ▀▄█ █ █▄█▄▀▄█▄▀ █ █▄▄▄▄▄▄▄█
█▄ ▄▄█▀▄▀  █▄█ ▀▄█▀▀ ▀   ▀█▄▄  ▄ ▄█▄ █▀█▄▄ ▀▀▀▄█▄▀██ █▄▀▀ ▄ ▀▄█
█▀▀▄█▄▄▄█ ▀▀  ▀▀▄ ▀██▀ ▀▀ ▄▄▄▀▀▄█▄▀▄▄▄▄ █▄▄▄▀▀  █▀███▀▄▄ ▀  ███
█  ▄▄▄▀▄▄ █▀▄▀▄█▀▄▄▄ ▀▀▀█▄▄████ ███▄ ▀▀▄██▄█ ▀ ▄▄▄ ▀█▄ █ ▀▄ █▀█
█ ▀██▀ ▄  ▄▀▄█ ██▀ ▀ ▀ ▀▄ ▄▀▄▄▀▄ ▀ ▀▄  █▀▀ ▄█▀▄███▀▄▄█▄  ▀█▄▀▀█
██▀▄  ▀▄▄▀▄█▀ █▄▄▀▀▀▄▄▄  ▀  █▄▄▀▀  ▀▀█▄▄ ▀▀▄    ▀█▀█▀ ▀█▄   █ █
█▄ ███▀▄▀█▀▀▄▄▄ ██ ▄█▀█▀█▀▀█▀▄ ███ ▀▄     █▄▄▄█▄█▀█▄▀▀█▄▀ ▀█▄▄█
█▀██▀▄█▄▀▀▀  ██▀▄▄▀██▄▄▄  ██▀  ▄█▄█▀█▀██▀▄ ▀█▀▄███ ▄██▀ █▀█▄▄▄█
██▄█  █▄█▀  ▀ ▄▀█▄█ █▀ ▀▄ █▄▀▀▄▄▄ ██▄▄▄█▄▄ ▄▀ █▄ ▀█  █▀▀▀▀▀▀▀▀█
█▀▄ ▄█ ▄ ▀  █▀ █▀█ █▄▀▀█▀█▀▀█  █▄▀ ▄ ▄█▀▀██▄▄█▄▄▄▄  ▀█▄███▀▄▀ █
█▀█▀ █▄▄▄▀▄▀▄▀  ▀▄▄█████▀▀█ █   █ ██▀▀█▄ ▄ ▀█ ▄█▄██▄▀█   ▄██ ▀█
█▄▄▄▄ ▄▄▄  ▀▀▄▀▀▀▀██▀█ █▀▄▄ ▀ ▄▄▄    █ ▄ ▀▀▄▄▄▄ ██▄█  ▄▄▄ █▄█▀█
█  ▄  █▄█  ▄▄▀ █▀▄▀▄ █ █ ▀▀█▀ █▄█ ▄▀█▄▄▀▄ ▀▀███▄ ▀▄██ █▄█  ▄▄▄█
█ ▀   ▄▄ ▄▀▀█▄  █ ▄▀▀▄█▄▄▀█▀▀ ▄    ▄▄██▄   ▀██ █▄▀▀▄▀▄▄▄ ▄▄ ▄██
█▄▄███ ▄ ▄▀▀▄ ▄█▀▄▀█  █▀██  █▄ █▄█▄ ▄███▄█ █▀▀█▄▀▀▄ ▀██▀█▄▀▀█▀█
█ █ ▀▀▄▄▄▄█   ▀█ █  ▀▀█▀▄█ ▀█ █▄  ██   ▀ █▄▄ █▀█ ▄█  ▀▄ ▀  █▄▀█
██ ▀ █▄▄▀▀▀█ ▀    ▀▀▀█▀ ███ █▄█  ▄  ▀▀▀▄▄▀▀▄█  ▀▀▀█▄  ▀█ ▀█▄▀▀█
█▀█ ▄▀█▄▀  ▀ █▀▀   ██  ▀█▄ █ ▀ ▀█▄▄▀██▄▄██▀▄▄▄█▀▀▀▄██  ▄▄▄  ▀██
█▄▀▄ █▄▄    █ ██▀▄██▀▄███  █▄█ ▄ ▀▀▄▀▄▀▄▄ █▀█▄▀▄▀ ▀ ▄  ▄ ▀▄██▄█
█▀█▄▄█▀▄█   ▀ █ ▄█ ▀█▄ ▄▀ █▀ █▄██ ▄▄▄▄  ▄▄  ▀▀▄▄ █▄█▀█ ██▄ ██▀█
█  █▄▀▄▄ ▄▀▄ ▄██ ▀▀█▄▀▄▄▄▀█ █  ▀ ▄█▀█▄▀▄ ▄█▄ ▄▀▄   ▀█▄█▀ █  ███
█   ▄▄█▄▄▀█▀ ▄▄▄██▄▄  █▄█ ▀█▄▀  ▄▀ █ ▄▄ ▀███▄▀▀▄ ▄▀▀▄ ▄▀  ▄█  █
█▀▀ ▄ ▄▄▄▄█▀▄▄▀█ ▄ ██▀▀ ▀▄▀▀▀█▄▄▀▄▄▀ ▄█▄▄ ▄██ ██ ██ ▄▄▄▀▀▀▄█ ▀█
█▄▄▄▄██▄▄▀▀█▀ ██  ▀▀█▄▄▀▀█ ▄  ▄▄▄ ▀▄▄▀▄█▀█▀█  ▄ ▀█▄▄▀ ▄▄▄ █▀  █
█ ▄▄▄▄▄ ██▀██▄  ▄  ▀█▄▄ ▀█▀▀  █▄█ ▄█▀█▄ ▀▀▄███▀ ▄ ▀▀▄ █▄█  ██ █
█ █   █ █▀▀█▄▄ ▀██▄ ██  █  ██▄ ▄▄▄ ▄▄█ ▄  ▀▀██ ▄█▀▀█▀▄  ▄▄▄██▀█
█ █▄▄▄█ █  ▀▄▄ ▄█▄▀▀ ▄▄█▀▀█▄▀▄ █▀██  █▀█▄▀ ▄▄██▄██ ▀▄▀▀█ ▄█ ▄██
█▄▄▄▄▄▄▄█▄▄▄▄█▄▄█▄█▄█▄███▄▄█████▄██▄█▄▄████▄▄█▄█▄▄██▄▄█▄▄▄█▄▄▄█

[2026-09-03T10:13:14.515Z] INFO connection update full: { isNewLogin: true, qr: undefined }
[2026-09-03T10:13:15.404Z] INFO connection update full: {
  connection: 'close',
  lastDisconnect: {
    error: Error: Stream Errored (restart required)
        at WebSocketClient.<anonymous> (file:///C:/Users/shadr.JARVIS/Desktop/DotVV/node_modules/@whiskeysockets/baileys/lib/Socket/socket.js:795:18)
        at WebSocketClient.emit (node:events:509:28)
        at file:///C:/Users/shadr.JARVIS/Desktop/DotVV/node_modules/@whiskeysockets/baileys/lib/Socket/socket.js:465:35
        at processData (file:///C:/Users/shadr.JARVIS/Desktop/DotVV/node_modules/@whiskeysockets/baileys/lib/Utils/noise-handler.js:126:13)
        at process.processTicksAndRejections (node:internal/process/task_queues:104:5)
        at async Object.decodeFrame (file:///C:/Users/shadr.JARVIS/Desktop/DotVV/node_modules/@whiskeysockets/baileys/lib/Utils/noise-handler.js:197:13)
        at async WebSocketClient.onMessageReceived (file:///C:/Users/shadr.JARVIS/Desktop/DotVV/node_modules/@whiskeysockets/baileys/lib/Socket/socket.js:442:9) {
      data: {
        tag: 'stream:error',
        attrs: { code: '515' },
        content: undefined
      },
      isBoom: true,
      isServer: true,
      output: {
        statusCode: 515,
        payload: {
          statusCode: 515,
          error: 'Unknown',
          message: 'Stream Errored (restart required)'
        },
        headers: {}
      }
    },
    date: 2026-09-03T10:13:15.404Z
  }
}
[2026-09-03T10:13:15.405Z] INFO connection update: close
[2026-09-03T10:13:15.405Z] INFO connection closed Error: Stream Errored (restart required)
    at WebSocketClient.<anonymous> (file:///C:/Users/shadr.JARVIS/Desktop/DotVV/node_modules/@whiskeysockets/baileys/lib/Socket/socket.js:795:18)
    at WebSocketClient.emit (node:events:509:28)
    at file:///C:/Users/shadr.JARVIS/Desktop/DotVV/node_modules/@whiskeysockets/baileys/lib/Socket/socket.js:465:35
    at processData (file:///C:/Users/shadr.JARVIS/Desktop/DotVV/node_modules/@whiskeysockets/baileys/lib/Utils/noise-handler.js:126:13)
    at process.processTicksAndRejections (node:internal/process/task_queues:104:5)
    at async Object.decodeFrame (file:///C:/Users/shadr.JARVIS/Desktop/DotVV/node_modules/@whiskeysockets/baileys/lib/Utils/noise-handler.js:197:13)
    at async WebSocketClient.onMessageReceived (file:///C:/Users/shadr.JARVIS/Desktop/DotVV/node_modules/@whiskeysockets/baileys/lib/Socket/socket.js:442:9)
[2026-09-03T10:13:15.405Z] INFO lastDisconnect.error full: Error: Stream Errored (restart required)
    at WebSocketClient.<anonymous> (file:///C:/Users/shadr.JARVIS/Desktop/DotVV/node_modules/@whiskeysockets/baileys/lib/Socket/socket.js:795:18)
    at WebSocketClient.emit (node:events:509:28)
    at file:///C:/Users/shadr.JARVIS/Desktop/DotVV/node_modules/@whiskeysockets/baileys/lib/Socket/socket.js:465:35
    at processData (file:///C:/Users/shadr.JARVIS/Desktop/DotVV/node_modules/@whiskeysockets/baileys/lib/Utils/noise-handler.js:126:13)
    at process.processTicksAndRejections (node:internal/process/task_queues:104:5)
    at async Object.decodeFrame (file:///C:/Users/shadr.JARVIS/Desktop/DotVV/node_modules/@whiskeysockets/baileys/lib/Utils/noise-handler.js:197:13)
    at async WebSocketClient.onMessageReceived (file:///C:/Users/shadr.JARVIS/Desktop/DotVV/node_modules/@whiskeysockets/baileys/lib/Socket/socket.js:442:9) {
  data: { tag: 'stream:error', attrs: { code: '515' }, content: undefined },
  isBoom: true,
  isServer: true,
  output: {
    statusCode: 515,
    payload: {
      statusCode: 515,
      error: 'Unknown',
      message: 'Stream Errored (restart required)'
    },
    headers: {}
  }
}
[2026-09-03T10:13:15.406Z] INFO lastDisconnect.error.output.payload: {
  statusCode: 515,
  error: 'Unknown',
  message: 'Stream Errored (restart required)'
}
[2026-09-03T10:13:15.406Z] INFO reconnecting in 2263ms (attempt 1/5)
[2026-09-03T10:13:18.194Z] INFO P3TROHOLIC bot started. Scan QR in terminal to authenticate.
[2026-09-03T10:13:18.195Z] INFO connection update full: {
  connection: 'connecting',
  receivedPendingNotifications: false,
  qr: undefined
}
[2026-09-03T10:13:18.195Z] INFO connection update: connecting
[2026-09-03T10:13:21.935Z] INFO connection update full: { receivedPendingNotifications: true }
[2026-09-03T10:13:22.196Z] INFO connection update full: { connection: 'open' }
[2026-09-03T10:13:22.199Z] INFO connection update: open
[2026-09-03T10:13:22.203Z] INFO connection opened
